11979070,1766711940,BTC,2500,2500,0.4722,-9.2067,0.0117,0.0000,-135932.0000,11425014,0.4650,-67916.00,2448.3877
11979071,1766712000,BTC,2500,2500,0.4722,-9.2067,0.0117,0.0000,-135932.0312,11425015,0.4650,-67916.02,2448.3877
11979072,1766712060,BTC,2500,2500,0.4722,-9.2067,0.0117,0.0000,-135932.0000,11425016,0.4650,-67916.00,2448.3877
11979073,1766712120,BTC,2500,2500,0.4722,-9.2067,0.0117,0.0000,-135931.9688,11425017,0.4650,-67915.98,2448.3877
11979074,1766712180,BTC,2500,2500,0.4722,-9.2067,0.0117,0.0000,-135932.0000,11425018,0.4650,-67916.00,2448.3877
11979075,1766712240,BTC,2500,2500,0.4722,-9.2067,0.0117,0.0000,-135932.0312,11425019,0.4650,-67916.02,2448.3877
11979076,1766712300,BTC,2500,2500,0.4722,-9.2067,0.0117,0.0000,-135932.0000,11425020,0.4650,-67916.00,2448.3877
11979077,1766712360,BTC,2500,2500,0.4722,-9.2067,0.0117,0.0000,-135932.0312,11425021,0.4650,-67916.02,2448.3877
11979078,1766712420,BTC,2500,2500,0.4722,-9.2067,0.0117,0.0000,-135932.0000,11425022,0.4650,-67916.00,2448.3877
11979079,1766712480,BTC,2500,2500,0.4722,-9.2067,0.0117,0.0000,-135931.9688,11425023,0.4650,-67915.98,2448.3877
11979080,1766712540,BTC,2500,2500,0.4722,-9.2067,0.0117,0.0000,-135931.9375,11425024,0.4650,-67915.97,2448.3877
11979081,1766712600,BTC,2500,2500,0.4722,-9.2067,0.0117,0.0000,-135931.9688,11425025,0.4650,-67915.98,2448.3877
11979082,1766712660,BTC,2500,2500,0.4722,-9.2067,0.0117,0.0000,-135932.0000,11425026,0.4650,-67916.00,2448.3877
11979083,1766712720,BTC,2500,2500,0.4722,-9.2067,0.0117,0.0000,-135931.9688,11425027,0.4650,-67915.98,2448.3877
11979084,1766712780,BTC,2500,2500,0.4722,-9.2067,0.0117,0.0000,-135932.0000,11425028,0.4650,-67916.00,2448.3877
11979085,1766712840,BTC,2500,2500,0.4722,-9.2067,0.0117,0.0000,-135932.0312,11425029,0.4650,-67916.02,2448.3877
11979086,1766712900,BTC,2500,2500,0.4722,-9.2067,0.0117,0.0000,-135932.0625,11425030,0.4650,-67916.03,2448.3877
11979087,1766712960,BTC,2500,2500,0.4722,-9.2067,0.0117,0.0000,-135932.0938,11425031,0.4650,-67916.05,2448.3877
11979088,1766713020,BTC,2500,2500,0.4722,-9.2067,0.0117,0.0000,-135932.0625,11425032,0.4650,-67916.03,2448.3877
11979089,1766713080,BTC,2500,2500,0.4722,-9.2067,0.0117,0.0000,-135932.0938,11425033,0.4650,-67916.05,2448.3877
11979090,1766713140,BTC,2500,2500,0.4722,-9.2067,0.0117,0.0000,-135932.0625,11425034,0.4650,-67916.03,2448.3877
11979091,1766713200,BTC,2500,2500,0.4722,-9.2067,0.0117,0.0000,-135932.0312,11425035,0.4650,-67916.02,2448.3877
11979092,1766713260,BTC,2500,2500,0.4722,-9.2067,0.0117,0.0000,-135932.0625,11425036,0.4650,-67916.03,2448.3877
11979093,1766713320,BTC,2500,2500,0.4722,-9.2067,0.0117,0.0000,-135932.0938,11425037,0.4650,-67916.05,2448.3877
11979094,1766713380,BTC,2500,2500,0.4722,-9.2067,0.0117,0.0000,-135932.1250,11425038,0.4650,-67916.06,2448.3877
11979095,1766713440,BTC,2500,2500,0.4722,-9.2067,0.0117,0.0000,-135932.0938,11425039,0.4650,-67916.05,2448.3877
11979096,1766713500,BTC,2500,2500,0.4722,-9.2067,0.0117,0.0000,-135932.1250,11425040,0.4650,-67916.06,2448.3877
11979097,1766713560,BTC,2500,2500,0.4722,-9.2067,0.0117,0.0000,-135932.1562,11425041,0.4650,-67916.08,2448.3877
11979098,1766713620,BTC,2500,2500,0.4722,-9.2067,0.0117,0.0000,-135932.1875,11425042,0.4650,-67916.09,2448.3877
11979099,1766713680,BTC,2500,2500,0.4722,-9.2067,0.0117,0.0200,-135932.1562,11425043,0.4650,-67916.08,2448.3877
11979100,1766713740,BTC,2500,2500,0.4722,-9.2067,0.0117,0.0200,-135932.1250,11425044,0.4650,-67916.06,2448.3877
11979101,1766713800,BTC,2500,2500,0.4722,-9.2067,0.0117,0.0200,-135932.1562,11425045,0.4650,-67916.08,2448.3877
11979102,1766713860,BTC,2500,2500,0.4722,-9.2067,0.0117,0.0200,-135932.1250,11425046,0.4650,-67916.06,2448.3877
11979103,1766713920,BTC,2500,2500,0.4722,-9.2067,0.0117,0.0000,-135932.0938,11425047,0.4650,-67916.05,2448.3877
11979104,1766713980,BTC,2500,2500,0.4722,-9.2067,0.0117,0.0000,-135932.0625,11425048,0.4650,-67916.03,2448.3877
11979105,1766714040,BTC,2500,2500,0.4722,-9.2067,0.0117,0.0000,-135932.0938,11425049,0.4650,-67916.05,2448.3877
11979106,1766714100,BTC,2500,2500,0.4722,-9.2067,0.0117,0.0000,-135932.0625,11425050,0.4650,-67916.03,2448.3877
11979107,1766714160,BTC,2500,2500,0.4722,-9.2067,0.0117,0.0000,-135932.0938,11425051,0.4650,-67916.05,2448.3877
11979108,1766714220,BTC,2500,2500,0.4722,-9.2067,0.0117,0.0000,-135932.0625,11425052,0.4650,-67916.03,2448.3877
11979109,1766714280,BTC,2500,2500,0.4722,-9.2067,0.0117,0.0000,-135932.0938,11425053,0.4650,-67916.05,2448.3877
11979110,1766714340,BTC,2500,2500,0.4722,-9.2067,0.0117,0.0000,-135932.0625,11425054,0.4650,-67916.03,2448.3877
11979111,1766714400,BTC,2500,2500,0.4722,-9.2067,0.0117,0.0000,-135932.0312,11425055,0.4650,-67916.02,2448.3877
11979112,1766714460,BTC,2500,2500,0.4722,-9.2067,0.0117,0.0200,-135932.0000,11425056,0.4650,-67916.00,2448.3877
11979113,1766714520,BTC,2500,2500,0.4722,-9.2067,0.0117,0.0200,-135931.9688,11425057,0.4650,-67915.98,2448.3877
11979114,1766714580,BTC,2500,2500,0.4722,-9.2067,0.0117,0.0000,-135931.9375,11425058,0.4650,-67915.97,2448.3877
11979115,1766714640,BTC,2500,2500,0.4722,-9.2067,0.0117,0.0000,-135931.9688,11425059,0.4650,-67915.98,2448.3877
11979116,1766714700,BTC,2500,2500,0.4722,-9.2067,0.0117,0.0000,-135931.9375,11425060,0.4650,-67915.97,2448.3877
11979117,1766714760,BTC,2500,2500,0.4722,-9.2067,0.0117,0.0000,-135931.9688,11425061,0.4650,-67915.98,2448.3877
11979118,1766714820,BTC,2500,2500,0.4722,-9.2067,0.0117,0.0000,-135932.0000,11425062,0.4650,-67916.00,2448.3877
11979119,1766714880,BTC,2500,2500,0.4722,-9.2067,0.0117,0.0000,-135931.9688,11425063,0.4650,-67915.98,2448.3877
11979120,1766714940,BTC,2500,2500,0.4722,-9.2067,0.0117,0.0000,-135931.9375,11425064,0.4650,-67915.97,2448.3877
11979121,1766715000,BTC,2500,2500,0.4722,-9.2067,0.0117,0.0000,-135931.9062,11425065,0.4650,-67915.95,2448.3877
11979122,1766715060,BTC,2500,2500,0.4722,-9.2067,0.0117,0.0000,-135931.9375,11425066,0.4650,-67915.97,2448.3877
11979123,1766715120,BTC,2500,2500,0.4722,-9.2067,0.0117,0.0200,-135931.9062,11425067,0.4650,-67915.95,2448.3877
11979124,1766715180,BTC,2500,2500,0.4722,-9.2067,0.0117,0.0200,-135931.8750,11425068,0.4650,-67915.94,2448.3877
11979125,1766715240,BTC,2500,2500,0.4722,-9.2067,0.0117,0.0200,-135931.8438,11425069,0.4650,-67915.92,2448.3877
11979126,1766715300,BTC,2500,2500,0.4722,-9.2067,0.0117,0.0200,-135931.8125,11425070,0.4650,-67915.91,2448.3877
11979127,1766715360,BTC,2500,2500,0.4722,-9.2067,0.0117,0.0200,-135931.7812,11425071,0.4650,-67915.89,2448.3877
11979128,1766715420,BTC,2500,2500,0.4722,-9.2067,0.0117,0.0200,-135931.8125,11425072,0.4650,-67915.91,2448.3877
11979129,1766715480,BTC,2500,2500,0.4722,-9.2067,0.0117,0.0200,-135931.7812,11425073,0.4650,-67915.89,2448.3877
11979130,1766715540,BTC,2500,2500,0.4722,-9.2067,0.0117,0.0200,-135931.7500,11425074,0.4650,-67915.88,2448.3877
11979131,1766715600,BTC,2500,2500,0.4722,-9.2067,0.0117,0.0200,-135931.7188,11425075,0.4650,-67915.86,2448.3877
11979132,1766715660,BTC,2500,2500,0.4722,-9.2067,0.0117,0.0200,-135931.7500,11425076,0.4650,-67915.88,2448.3877
11979133,1766715720,BTC,2500,2500,0.4722,-9.2067,0.0117,0.0200,-135931.7188,11425077,0.4650,-67915.86,2448.3877
11979134,1766715780,BTC,2500,2500,0.4722,-9.2067,0.0117,0.0200,-135931.6875,11425078,0.4650,-67915.84,2448.3877
11979135,1766715840,BTC,2500,2500,0.4722,-9.2067,0.0117,0.0000,-135931.7188,11425079,0.4650,-67915.86,2448.3877
11979136,1766715900,BTC,2500,2500,0.4722,-9.2067,0.0117,0.0000,-135931.7500,11425080,0.4650,-67915.88,2448.3877
11979137,1766715960,BTC,2500,2500,0.4722,-9.2067,0.0117,0.0200,-135931.7188,11425081,0.4650,-67915.86,2448.3877
11979138,1766716020,BTC,2500,2500,0.4722,-9.2067,0.0117,0.0000,-135931.6875,11425082,0.4650,-67915.84,2448.3877
11979139,1766716080,BTC,2500,2500,0.4722,-9.2067,0.0117,0.0000,-135931.6562,11425083,0.4650,-67915.83,2448.3877
11979140,1766716140,BTC,2500,2500,0.4722,-9.2067,0.0117,0.0000,-135931.6875,11425084,0.4650,-67915.84,2448.3877
11979141,1766716200,BTC,2500,2500,0.4722,-9.2067,0.0117,0.0000,-135931.7188,11425085,0.4650,-67915.86,2448.3877
11979142,1766716260,BTC,2500,2500,0.4722,-9.2067,0.0117,0.0000,-135931.7500,11425086,0.4650,-67915.88,2448.3877
11979143,1766716320,BTC,2500,2500,0.4722,-9.2067,0.0117,0.0000,-135931.7188,11425087,0.4650,-67915.86,2448.3877
11979144,1766716380,BTC,2500,2500,0.4722,-9.2067,0.0117,0.0000,-135931.7500,11425088,0.4650,-67915.88,2448.3877
11979145,1766716440,BTC,2500,2500,0.4722,-9.2067,0.0117,0.0000,-135931.7188,11425089,0.4650,-67915.86,2448.3877
11979146,1766716500,BTC,2500,2500,0.4722,-9.2067,0.0117,0.0000,-135931.7500,11425090,0.4650,-67915.88,2448.3877
11979147,1766716560,BTC,2500,2500,0.4722,-9.2067,0.0117,0.0000,-135931.7812,11425091,0.4650,-67915.89,2448.3877
11979148,1766716620,BTC,2500,2500,0.4722,-9.2067,0.0117,0.0000,-135931.7500,11425092,0.4650,-67915.88,2448.3877
11979149,1766716680,BTC,2500,2500,0.4722,-9.2067,0.0117,0.0000,-135931.7188,11425093,0.4650,-67915.86,2448.3877
11979150,1766716740,BTC,2500,2500,0.4722,-9.2067,0.0117,0.0000,-135931.6875,11425094,0.4650,-67915.84,2448.3877
11979151,1766716800,BTC,2500,2500,0.4722,-9.2067,0.0117,0.0000,-135931.7188,11425095,0.4650,-67915.86,2448.3877
11979152,1766716860,BTC,2500,2500,0.4722,-9.2067,0.0117,0.0000,-135931.7500,11425096,0.4650,-67915.88,2448.3877
11979153,1766716920,BTC,2500,2500,0.4722,-9.2067,0.0117,0.0000,-135931.7812,11425097,0.4650,-67915.89,2448.3877
11979154,1766716980,BTC,2500,2500,0.4722,-9.2067,0.0117,0.0000,-135931.7500,11425098,0.4650,-67915.88,2448.3877
11979155,1766717040,BTC,2500,2500,0.4722,-9.2067,0.0117,0.0000,-135931.7188,11425099,0.4650,-67915.86,2448.3877
11979156,1766717100,BTC,2500,2500,0.4722,-9.2067,0.0117,0.0000,-135931.7500,11425100,0.4650,-67915.88,2448.3877
11979157,1766717160,BTC,2500,2500,0.4722,-9.2067,0.0117,0.0000,-135931.7188,11425101,0.4650,-67915.86,2448.3877
11979158,1766717220,BTC,2500,2500,0.4722,-9.2067,0.0117,0.0000,-135931.7500,11425102,0.4650,-67915.88,2448.3877
11979159,1766717280,BTC,2500,2500,0.4722,-9.2067,0.0117,0.0000,-135931.7188,11425103,0.4650,-67915.86,2448.3877
11979160,1766717340,BTC,2500,2500,0.4722,-9.2067,0.0117,0.0000,-135931.7500,11425104,0.4650,-67915.88,2448.3877
11979161,1766717400,BTC,2500,2500,0.4722,-9.2067,0.0117,0.0000,-135931.7188,11425105,0.4650,-67915.86,2448.3877
11979162,1766717460,BTC,2500,2500,0.4722,-9.2067,0.0117,0.0000,-135931.7500,11425106,0.4650,-67915.88,2448.3877
11979163,1766717520,BTC,2500,2500,0.4722,-9.2067,0.0117,0.0000,-135931.7188,11425107,0.4650,-67915.86,2448.3877
11979164,1766717580,BTC,2500,2500,0.4722,-9.2067,0.0117,0.0000,-135931.7500,11425108,0.4650,-67915.88,2448.3877
11979165,1766717640,BTC,2500,2500,0.4722,-9.2067,0.0117,0.0000,-135931.7812,11425109,0.4650,-67915.89,2448.3877
11979166,1766717700,BTC,2500,2500,0.4722,-9.2067,0.0117,0.0000,-135931.7500,11425110,0.4650,-67915.88,2448.3877
11979167,1766717760,BTC,2500,2500,0.4722,-9.2067,0.0117,0.0000,-135931.7188,11425111,0.4650,-67915.86,2448.3877
11979168,1766717820,BTC,2500,2500,0.4722,-9.2067,0.0117,0.0000,-135931.6875,11425112,0.4650,-67915.84,2448.3877
11979169,1766717880,BTC,2500,2500,0.4722,-9.2067,0.0117,0.0000,-135931.6562,11425113,0.4650,-67915.83,2448.3877
11979170,1766717940,BTC,2500,2500,0.4722,-9.2067,0.0117,0.0000,-135931.6875,11425114,0.4650,-67915.84,2448.3877
11979171,1766718000,BTC,2500,2500,0.4722,-9.2067,0.0117,0.0000,-135931.7188,11425115,0.4650,-67915.86,2448.3877
11979172,1766718060,BTC,2500,2500,0.4722,-9.2067,0.0117,0.0000,-135931.6875,11425116,0.4650,-67915.84,2448.3877
11979173,1766718120,BTC,2500,2500,0.4722,-9.2067,0.0117,0.0000,-135931.6562,11425117,0.4650,-67915.83,2448.3877
11979174,1766718180,BTC,2500,2500,0.4722,-9.2067,0.0117,0.0000,-135931.6250,11425118,0.4650,-67915.81,2448.3877
11979175,1766718240,BTC,2500,2500,0.4722,-9.2067,0.0117,0.0000,-135931.5938,11425119,0.4650,-67915.80,2448.3877
11979176,1766718300,BTC,2500,2500,0.4722,-9.2067,0.0117,0.0000,-135931.6250,11425120,0.4650,-67915.81,2448.3877
11979177,1766718360,BTC,2500,2500,0.4722,-9.2067,0.0117,0.0000,-135931.5938,11425121,0.4650,-67915.80,2448.3877
11979178,1766718420,BTC,2500,2500,0.4722,-9.2067,0.0117,0.0000,-135931.5625,11425122,0.4650,-67915.78,2448.3877
11979179,1766718480,BTC,2500,2500,0.4722,-9.2067,0.0117,0.0000,-135931.5938,11425123,0.4650,-67915.80,2448.3877
11979180,1766718540,BTC,2500,2500,0.4722,-9.2067,0.0117,0.0000,-135931.6250,11425124,0.4650,-67915.81,2448.3877
11979181,1766718600,BTC,2500,2500,0.4722,-9.2067,0.0117,0.0000,-135931.6562,11425125,0.4650,-67915.83,2448.3877
11979182,1766718660,BTC,2500,2500,0.4722,-9.2067,0.0117,0.0000,-135931.6250,11425126,0.4650,-67915.81,2448.3877
11979183,1766718720,BTC,2500,2500,0.4722,-9.2067,0.0117,0.0000,-135931.5938,11425127,0.4650,-67915.80,2448.3877
11979184,1766718780,BTC,2500,2500,0.4722,-9.2067,0.0117,0.0000,-135931.6250,11425128,0.4650,-67915.81,2448.3877
11979185,1766718840,BTC,2500,2500,0.4722,-9.2067,0.0117,0.0000,-135931.5938,11425129,0.4650,-67915.80,2448.3877
11979186,1766718900,BTC,2500,2500,0.4722,-9.2067,0.0117,0.0000,-135931.5625,11425130,0.4650,-67915.78,2448.3877
11979187,1766718960,BTC,2500,2500,0.4722,-9.2067,0.0117,0.0000,-135931.5312,11425131,0.4650,-67915.77,2448.3877
11979188,1766719020,BTC,2500,2500,0.4722,-9.2067,0.0117,0.0200,-135931.5625,11425132,0.4650,-67915.78,2448.3877
11979189,1766719080,BTC,2500,2500,0.4722,-9.2067,0.0117,0.0200,-135931.5938,11425133,0.4650,-67915.80,2448.3877
11979190,1766719140,BTC,2500,2500,0.4722,-9.2067,0.0117,0.0200,-135931.6250,11425134,0.4650,-67915.81,2448.3877
11979191,1766719200,BTC,2500,2500,0.4722,-9.2067,0.0117,0.0200,-135931.6562,11425135,0.4650,-67915.83,2448.3877
11979192,1766719260,BTC,2500,2500,0.4722,-9.2067,0.0117,0.0200,-135931.6875,11425136,0.4650,-67915.84,2448.3877
11979193,1766719320,BTC,2500,2500,0.4722,-9.2067,0.0117,0.0200,-135931.6562,11425137,0.4650,-67915.83,2448.3877
11979194,1766719380,BTC,2500,2500,0.4722,-9.2067,0.0117,0.0200,-135931.6875,11425138,0.4650,-67915.84,2448.3877
11979195,1766719440,BTC,2500,2500,0.4722,-9.2067,0.0117,0.0000,-135931.7188,11425139,0.4650,-67915.86,2448.3877
11979196,1766719500,BTC,2500,2500,0.4722,-9.2067,0.0117,0.0000,-135931.6875,11425140,0.4650,-67915.84,2448.3877
11979197,1766719560,BTC,2500,2500,0.4722,-9.2067,0.0117,0.0000,-135931.7188,11425141,0.4650,-67915.86,2448.3877
11979198,1766719620,BTC,2500,2500,0.4722,-9.2067,0.0117,0.0000,-135931.6875,11425142,0.4650,-67915.84,2448.3877
11979199,1766719680,BTC,2500,2500,0.4722,-9.2067,0.0117,0.0000,-135931.6562,11425143,0.4650,-67915.83,2448.3877
11979200,1766719740,BTC,2500,2500,0.4722,-9.2067,0.0117,0.0000,-135931.6250,11425144,0.4650,-67915.81,2448.3877
11979201,1766719800,BTC,2500,2500,0.4722,-9.2067,0.0117,0.0000,-135931.6562,11425145,0.4650,-67915.83,2448.3877
11979202,1766719860,BTC,2500,2500,0.4722,-9.2067,0.0117,0.0000,-135931.6250,11425146,0.4650,-67915.81,2448.3877
11979203,1766719920,BTC,2500,2500,0.4722,-9.2067,0.0117,0.0000,-135931.6562,11425147,0.4650,-67915.83,2448.3877
11979204,1766719980,BTC,2500,2500,0.4722,-9.2067,0.0117,0.0000,-135931.6875,11425148,0.4650,-67915.84,2448.3877
11979205,1766720040,BTC,2500,2500,0.4722,-9.2067,0.0117,0.0000,-135931.7188,11425149,0.4650,-67915.86,2448.3877
11979206,1766720100,BTC,2500,2500,0.4722,-9.2067,0.0117,0.0000,-135931.7500,11425150,0.4650,-67915.88,2448.3877
11979207,1766720160,BTC,2500,2500,0.4722,-9.2067,0.0117,0.0000,-135931.7188,11425151,0.4650,-67915.86,2448.3877
11979208,1766720220,BTC,2500,2500,0.4722,-9.2067,0.0117,0.0000,-135931.6875,11425152,0.4650,-67915.84,2448.3877
11979209,1766720280,BTC,2500,2500,0.4722,-9.2067,0.0117,0.0000,-135931.6562,11425153,0.4650,-67915.83,2448.3877
11979210,1766720340,BTC,2500,2500,0.4722,-9.2067,0.0117,0.0000,-135931.6250,11425154,0.4650,-67915.81,2448.3877
11979211,1766720400,BTC,2500,2500,0.4722,-9.2067,0.0117,0.0000,-135931.6562,11425155,0.4650,-67915.83,2448.3877
11979212,1766720460,BTC,2500,2500,0.4722,-9.2067,0.0117,0.0000,-135931.6250,11425156,0.4650,-67915.81,2448.3877
11979213,1766720520,BTC,2500,2500,0.4722,-9.2067,0.0117,0.0000,-135931.6562,11425157,0.4650,-67915.83,2448.3877
11979214,1766720580,BTC,2500,2500,0.4722,-9.2067,0.0117,0.0000,-135931.6875,11425158,0.4650,-67915.84,2448.3877
11979215,1766720640,BTC,2500,2500,0.4722,-9.2067,0.0117,0.0000,-135931.7188,11425159,0.4650,-67915.86,2448.3877
11979216,1766720700,BTC,2500,2500,0.4722,-9.2067,0.0117,0.0000,-135931.6875,11425160,0.4650,-67915.84,2448.3877
11979217,1766720760,BTC,2500,2500,0.4722,-9.2067,0.0117,0.0200,-135931.6562,11425161,0.4650,-67915.83,2448.3877
11979218,1766720820,BTC,2500,2500,0.4722,-9.2067,0.0117,0.0200,-135931.6875,11425162,0.4650,-67915.84,2448.3877
11979219,1766720880,BTC,2500,2500,0.4722,-9.2067,0.0117,0.0200,-135931.7188,11425163,0.4650,-67915.86,2448.3877
11979220,1766720940,BTC,2500,2500,0.4722,-9.2067,0.0117,0.0000,-135931.6875,11425164,0.4650,-67915.84,2448.3877
11979221,1766721000,BTC,2500,2500,0.4722,-9.2067,0.0117,0.0000,-135931.6562,11425165,0.4650,-67915.83,2448.3877
11979222,1766721060,BTC,2500,2500,0.4722,-9.2067,0.0117,0.0000,-135931.6250,11425166,0.4650,-67915.81,2448.3877
11979223,1766721120,BTC,2500,2500,0.4722,-9.2067,0.0117,0.0000,-135931.6562,11425167,0.4650,-67915.83,2448.3877
11979224,1766721180,BTC,2500,2500,0.4722,-9.2067,0.0117,0.0000,-135931.6250,11425168,0.4650,-67915.81,2448.3877
11979225,1766721240,BTC,2500,2500,0.4722,-9.2067,0.0117,0.0000,-135931.5938,11425169,0.4650,-67915.80,2448.3877
11979226,1766721300,BTC,2500,2500,0.4722,-9.2067,0.0117,0.0200,-135931.5625,11425170,0.4650,-67915.78,2448.3877
11979227,1766721360,BTC,2500,2500,0.4722,-9.2067,0.0117,0.0000,-135931.5938,11425171,0.4650,-67915.80,2448.3877
11979228,1766721420,BTC,2500,2500,0.4722,-9.2067,0.0117,0.0000,-135931.6250,11425172,0.4650,-67915.81,2448.3877
11979229,1766721480,BTC,2500,2500,0.4722,-9.2067,0.0117,0.0000,-135931.6562,11425173,0.4650,-67915.83,2448.3877
11979230,1766721540,BTC,2500,2500,0.4722,-9.2067,0.0117,0.0000,-135931.6875,11425174,0.4650,-67915.84,2448.3877
11979231,1766721600,BTC,2500,2500,0.4722,-9.2067,0.0117,0.0000,-135931.6562,11425175,0.4650,-67915.83,2448.3877
11979232,1766721660,BTC,2500,2500,0.4722,-9.2067,0.0117,0.0000,-135931.6875,11425176,0.4650,-67915.84,2448.3877
11979233,1766721720,BTC,2500,2500,0.4722,-9.2067,0.0117,0.0200,-135931.7188,11425177,0.4650,-67915.86,2448.3877
11979234,1766721780,BTC,2500,2500,0.4722,-9.2067,0.0117,0.0000,-135931.7500,11425178,0.4650,-67915.88,2448.3877
11979235,1766721840,BTC,2500,2500,0.4722,-9.2067,0.0117,0.0000,-135931.7188,11425179,0.4650,-67915.86,2448.3877
11979236,1766721900,BTC,2500,2500,0.4722,-9.2067,0.0117,0.0200,-135931.7500,11425180,0.4650,-67915.88,2448.3877
11979237,1766721960,BTC,2500,2500,0.4722,-9.2067,0.0117,0.0000,-135931.7812,11425181,0.4650,-67915.89,2448.3877
11979238,1766722020,BTC,2500,2500,0.4722,-9.2067,0.0117,0.0000,-135931.8125,11425182,0.4650,-67915.91,2448.3877
11979239,1766722080,BTC,2500,2500,0.4722,-9.2067,0.0117,0.0000,-135931.8438,11425183,0.4650,-67915.92,2448.3877
11979240,1766722140,BTC,2500,2500,0.4722,-9.2067,0.0117,0.0000,-135931.8750,11425184,0.4650,-67915.94,2448.3877
11979241,1766722200,BTC,2500,2500,0.4722,-9.2067,0.0117,0.0000,-135931.9062,11425185,0.4650,-67915.95,2448.3877
11979242,1766722260,BTC,2500,2500,0.4722,-9.2067,0.0117,0.0000,-135931.8750,11425186,0.4650,-67915.94,2448.3877
11979243,1766722320,BTC,2500,2500,0.4722,-9.2067,0.0117,0.0000,-135931.9062,11425187,0.4650,-67915.95,2448.3877
11979244,1766722380,BTC,2500,2500,0.4722,-9.2067,0.0117,0.0200,-135931.8750,11425188,0.4650,-67915.94,2448.3877
11979245,1766722440,BTC,2500,2500,0.4722,-9.2067,0.0117,0.0200,-135931.8438,11425189,0.4650,-67915.92,2448.3877
11979246,1766722500,BTC,2500,2500,0.4722,-9.2067,0.0117,0.0200,-135931.8125,11425190,0.4650,-67915.91,2448.3877
11979247,1766722560,BTC,2500,2500,0.4722,-9.2067,0.0117,0.0200,-135931.7812,11425191,0.4650,-67915.89,2448.3877
11979248,1766722620,BTC,2500,2500,0.4722,-9.2067,0.0117,0.0000,-135931.7500,11425192,0.4650,-67915.88,2448.3877
11979249,1766722680,BTC,2500,2500,0.4722,-9.2067,0.0117,0.0000,-135931.7188,11425193,0.4650,-67915.86,2448.3877
11979250,1766722740,BTC,2500,2500,0.4722,-9.2067,0.0117,0.0000,-135931.7500,11425194,0.4650,-67915.88,2448.3877
11979251,1766722800,BTC,2500,2500,0.4722,-9.2067,0.0117,0.0000,-135931.7188,11425195,0.4650,-67915.86,2448.3877
11979252,1766722860,BTC,2500,2500,0.4722,-9.2067,0.0117,0.0000,-135931.6875,11425196,0.4650,-67915.84,2448.3877
11979253,1766722920,BTC,2500,2500,0.4722,-9.2067,0.0117,0.0000,-135931.6562,11425197,0.4650,-67915.83,2448.3877
11979254,1766722980,BTC,2500,2500,0.4722,-9.2067,0.0117,0.0000,-135931.6250,11425198,0.4650,-67915.81,2448.3877
11979255,1766723040,BTC,2500,2500,0.4722,-9.2067,0.0117,0.0000,-135931.5938,11425199,0.4650,-67915.80,2448.3877
11979256,1766723100,BTC,2500,2500,0.4722,-9.2067,0.0117,0.0000,-135931.6250,11425200,0.4650,-67915.81,2448.3877
11979257,1766723160,BTC,2500,2500,0.4722,-9.2067,0.0117,0.0000,-135931.5938,11425201,0.4650,-67915.80,2448.3877
11979258,1766723220,BTC,2500,2500,0.4722,-9.2067,0.0117,0.0000,-135931.6250,11425202,0.4650,-67915.81,2448.3877
11979259,1766723280,BTC,2500,2500,0.4722,-9.2067,0.0117,0.0000,-135931.6562,11425203,0.4650,-67915.83,2448.3877
11979260,1766723340,BTC,2500,2500,0.4722,-9.2067,0.0117,0.0000,-135931.6875,11425204,0.4650,-67915.84,2448.3877
11979261,1766723400,BTC,2500,2500,0.4722,-9.2067,0.0117,0.0000,-135931.7188,11425205,0.4650,-67915.86,2448.3877
11979262,1766723460,BTC,2500,2500,0.4722,-9.2067,0.0117,0.0000,-135931.7500,11425206,0.4650,-67915.88,2448.3877
11979263,1766723520,BTC,2500,2500,0.4722,-9.2067,0.0117,0.0200,-135931.7188,11425207,0.4650,-67915.86,2448.3877
11979264,1766723580,BTC,2500,2500,0.4722,-9.2067,0.0117,0.0200,-135931.6875,11425208,0.4650,-67915.84,2448.3877
11979265,1766723640,BTC,2500,2500,0.4722,-9.2067,0.0117,0.0200,-135931.6562,11425209,0.4650,-67915.83,2448.3877
11979266,1766723700,BTC,2500,2500,0.4722,-9.2067,0.0117,0.0200,-135931.6875,11425210,0.4650,-67915.84,2448.3877
11979267,1766723760,BTC,2500,2500,0.4722,-9.2067,0.0117,0.0200,-135931.6562,11425211,0.4650,-67915.83,2448.3877
11979268,1766723820,BTC,2500,2500,0.4722,-9.2067,0.0117,0.0200,-135931.6875,11425212,0.4650,-67915.84,2448.3877
11979269,1766723880,BTC,2500,2500,0.4722,-9.2067,0.0117,0.0200,-135931.6562,11425213,0.4650,-67915.83,2448.3877
11979270,1766723940,BTC,2500,2500,0.4722,-9.2067,0.0117,0.0200,-135931.6250,11425214,0.4650,-67915.81,2448.3877
11979271,1766724000,BTC,2500,2500,0.4722,-9.2067,0.0117,0.0200,-135931.5938,11425215,0.4650,-67915.80,2448.3877
11979272,1766724060,BTC,2500,2500,0.4722,-9.2067,0.0117,0.0200,-135931.5625,11425216,0.4650,-67915.78,2448.3877
11979273,1766724120,BTC,2500,2500,0.4722,-9.2067,0.0117,0.0200,-135931.5938,11425217,0.4650,-67915.80,2448.3877
11979274,1766724180,BTC,2500,2500,0.4722,-9.2067,0.0117,0.0200,-135931.5625,11425218,0.4650,-67915.78,2448.3877
11979275,1766724240,BTC,2500,2500,0.4722,-9.2067,0.0117,0.0200,-135931.5312,11425219,0.4650,-67915.77,2448.3877
11979276,1766724300,BTC,2500,2500,0.4722,-9.2067,0.0117,0.0200,-135931.5000,11425220,0.4650,-67915.75,2448.3877
11979277,1766724360,BTC,2500,2500,0.4722,-9.2067,0.0117,0.0200,-135931.5312,11425221,0.4650,-67915.77,2448.3877
11979278,1766724420,BTC,2500,2500,0.4722,-9.2067,0.0117,0.0200,-135931.5625,11425222,0.4650,-67915.78,2448.3877
11979279,1766724480,BTC,2500,2500,0.4722,-9.2067,0.0117,0.0200,-135931.5938,11425223,0.4650,-67915.80,2448.3877
11979280,1766724540,BTC,2500,2500,0.4722,-9.2067,0.0117,0.0000,-135931.6250,11425224,0.4650,-67915.81,2448.3877
11979281,1766724600,BTC,2500,2500,0.4722,-9.2067,0.0117,0.0000,-135931.5938,11425225,0.4650,-67915.80,2448.3877
11979282,1766724660,BTC,2500,2500,0.4722,-9.2067,0.0117,0.0000,-135931.6250,11425226,0.4650,-67915.81,2448.3877
11979283,1766724720,BTC,2500,2500,0.4722,-9.2067,0.0117,0.0000,-135931.5938,11425227,0.4650,-67915.80,2448.3877
11979284,1766724780,BTC,2500,2500,0.4722,-9.2067,0.0117,0.0000,-135931.5625,11425228,0.4650,-67915.78,2448.3877
11979285,1766724840,BTC,2500,2500,0.4722,-9.2067,0.0117,0.0000,-135931.5938,11425229,0.4650,-67915.80,2448.3877
11979286,1766724900,BTC,2500,2500,0.4722,-9.2067,0.0117,0.0000,-135931.5625,11425230,0.4650,-67915.78,2448.3877
11979287,1766724960,BTC,2500,2500,0.4722,-9.2067,0.0117,0.0000,-135931.5312,11425231,0.4650,-67915.77,2448.3877
11979288,1766725020,BTC,2500,2500,0.4722,-9.2067,0.0117,0.0000,-135931.5000,11425232,0.4650,-67915.75,2448.3877
11979289,1766725080,BTC,2500,2500,0.4722,-9.2067,0.0117,0.0000,-135931.5312,11425233,0.4650,-67915.77,2448.3877
11979290,1766725140,BTC,2500,2500,0.4722,-9.2067,0.0117,0.0000,-135931.5000,11425234,0.4650,-67915.75,2448.3877
11979291,1766725200,BTC,2500,2500,0.4722,-9.2067,0.0117,0.0200,-135931.5312,11425235,0.4650,-67915.77,2448.3877
11979292,1766725260,BTC,2500,2500,0.4722,-9.2067,0.0117,0.0000,-135931.5625,11425236,0.4650,-67915.78,2448.3877
11979293,1766725320,BTC,2500,2500,0.4722,-9.2067,0.0117,0.0000,-135931.5938,11425237,0.4650,-67915.80,2448.3877
11979294,1766725380,BTC,2500,2500,0.4722,-9.2067,0.0117,0.0000,-135931.6250,11425238,0.4650,-67915.81,2448.3877
11979295,1766725440,BTC,2500,2500,0.4722,-9.2067,0.0117,0.0000,-135931.6562,11425239,0.4650,-67915.83,2448.3877
11979296,1766725500,BTC,2500,2500,0.4722,-9.2067,0.0117,0.0000,-135931.6875,11425240,0.4650,-67915.84,2448.3877
11979297,1766725560,BTC,2500,2500,0.4722,-9.2067,0.0117,0.0000,-135931.7188,11425241,0.4650,-67915.86,2448.3877
11979298,1766725620,BTC,2500,2500,0.4722,-9.2067,0.0117,0.0000,-135931.7500,11425242,0.4650,-67915.88,2448.3877
11979299,1766725680,BTC,2500,2500,0.4722,-9.2067,0.0117,0.0000,-135931.7812,11425243,0.4650,-67915.89,2448.3877
11979300,1766725740,BTC,2500,2500,0.4722,-9.2067,0.0117,0.0000,-135931.8125,11425244,0.4650,-67915.91,2448.3877
11979301,1766725800,BTC,2500,2500,0.4722,-9.2067,0.0117,0.0000,-135931.8125,11425244,0.4650,-67915.91,2448.3877
11979302,1766725860,BTC,2500,2500,0.4722,-9.2067,0.0117,0.0000,-135931.8125,11425244,0.4650,-67915.91,2448.3877
11979303,1766725920,BTC,2500,2500,0.4722,-9.2067,0.0117,0.0000,-135931.8125,11425244,0.4650,-67915.91,2448.3877
11979304,1766725980,BTC,2500,2500,0.4722,-9.2067,0.0117,0.0000,-135931.8125,11425244,0.4650,-67915.91,2448.3877
11979305,1766726040,BTC,2500,2500,0.4722,-9.2067,0.0117,0.0000,-135931.8125,11425244,0.4650,-67915.91,2448.3877
11979306,1766726100,BTC,2500,2500,0.4722,-9.2067,0.0117,0.0000,-135931.8125,11425244,0.4650,-67915.91,2448.3877
11979307,1766726160,BTC,2500,2500,0.4722,-9.2067,0.0117,0.0000,-135931.8125,11425244,0.4650,-67915.91,2448.3877
11979308,1766726220,BTC,2500,2500,0.4722,-9.2067,0.0117,0.0000,-135931.8125,11425244,0.4650,-67915.91,2448.3877
11979309,1766726280,BTC,2500,2500,0.4722,-9.2067,0.0117,0.0000,-135931.8125,11425244,0.4650,-67915.91,2448.3877
11979310,1766726340,BTC,2500,2500,0.4722,-9.2067,0.0117,0.0000,-135931.8125,11425244,0.4650,-67915.91,2448.3877
11979311,1766726400,BTC,2500,2500,0.4722,-9.2067,0.0117,0.0000,-135931.8125,11425244,0.4650,-67915.91,2448.3877
11979312,1766726460,BTC,2500,2500,0.4722,-9.2067,0.0117,0.0000,-135931.8125,11425244,0.4650,-67915.91,2448.3877
11979313,1766726520,BTC,2500,2500,0.4722,-9.2067,0.0117,0.0200,-135931.8125,11425244,0.4650,-67915.91,2448.3877
11979314,1766726580,BTC,2500,2500,0.4722,-9.2067,0.0117,0.0000,-135931.8125,11425244,0.4650,-67915.91,2448.3877
11979315,1766726640,BTC,2500,2500,0.4722,-9.2067,0.0117,0.0000,-135931.8125,11425244,0.4650,-67915.91,2448.3877
11979316,1766726700,BTC,2500,2500,0.4722,-9.2067,0.0117,0.0000,-135931.8125,11425244,0.4650,-67915.91,2448.3877
11979317,1766726760,BTC,2500,2500,0.4722,-9.2067,0.0117,0.0000,-135931.8125,11425244,0.4650,-67915.91,2448.3877
11979318,1766726820,BTC,2500,2500,0.4722,-9.2067,0.0117,0.0000,-135931.8125,11425244,0.4650,-67915.91,2448.3877
11979319,1766726880,BTC,2500,2500,0.4722,-9.2067,0.0117,0.0000,-135931.8125,11425244,0.4650,-67915.91,2448.3877
11979320,1766726940,BTC,2500,2500,0.4722,-9.2067,0.0117,0.0000,-135931.8125,11425244,0.4650,-67915.91,2448.3877
11979321,1766727000,BTC,2500,2500,0.4722,-9.2067,0.0117,0.0000,-135931.8125,11425244,0.4650,-67915.91,2448.3877
11979322,1766727060,BTC,2500,2500,0.4722,-9.2067,0.0117,0.0000,-135931.8125,11425244,0.4650,-67915.91,2448.3877
11979323,1766727120,BTC,2500,2500,0.4722,-9.2067,0.0117,0.0000,-135931.8125,11425244,0.4650,-67915.91,2448.3877
11979324,1766727180,BTC,2500,2500,0.4722,-9.2067,0.0117,0.0000,-135931.8125,11425244,0.4650,-67915.91,2448.3877
11979325,1766727240,BTC,2500,2500,0.4722,-9.2067,0.0117,0.0000,-135931.8125,11425244,0.4650,-67915.91,2448.3877
11979326,1766727300,BTC,2500,2500,0.4722,-9.2067,0.0117,0.0000,-135931.8125,11425244,0.4650,-67915.91,2448.3877
11979327,1766727360,BTC,2500,2500,0.4722,-9.2067,0.0117,0.0000,-135931.8125,11425244,0.4650,-67915.91,2448.3877
11979328,1766727420,BTC,2500,2500,0.4722,-9.2067,0.0117,0.0000,-135931.8125,11425244,0.4650,-67915.91,2448.3877
11979329,1766727480,BTC,2500,2500,0.4722,-9.2067,0.0117,0.0000,-135931.8125,11425244,0.4650,-67915.91,2448.3877
11979330,1766727540,BTC,2500,2500,0.4722,-9.2067,0.0117,0.0000,-135931.8125,11425244,0.4650,-67915.91,2448.3877
11979331,1766727600,BTC,2500,2500,0.4722,-9.2067,0.0117,0.0000,-135931.8125,11425244,0.4650,-67915.91,2448.3877
11979332,1766727660,BTC,2500,2500,0.4722,-9.2067,0.0117,0.0000,-135931.8125,11425244,0.4650,-67915.91,2448.3877
11979333,1766727720,BTC,2500,2500,0.4722,-9.2067,0.0117,0.0000,-135931.8125,11425244,0.4650,-67915.91,2448.3877
11979334,1766727780,BTC,2500,2500,0.4722,-9.2067,0.0117,0.0000,-135931.8125,11425244,0.4650,-67915.91,2448.3877
11979335,1766727840,BTC,2500,2500,0.4722,-9.2067,0.0117,0.0000,-135931.8125,11425244,0.4650,-67915.91,2448.3877
11979336,1766727900,BTC,2500,2500,0.4722,-9.2067,0.0117,0.0000,-135931.8125,11425244,0.4650,-67915.91,2448.3877
11979337,1766727960,BTC,2500,2500,0.4722,-9.2067,0.0117,0.0200,-135931.8125,11425244,0.4650,-67915.91,2448.3877
11979338,1766728020,BTC,2500,2500,0.4722,-9.2067,0.0117,0.0000,-135931.8125,11425244,0.4650,-67915.91,2448.3877
11979339,1766728080,BTC,2500,2500,0.4722,-9.2067,0.0117,0.0000,-135931.8125,11425244,0.4650,-67915.91,2448.3877
11979340,1766728140,BTC,2500,2500,0.4722,-9.2067,0.0117,0.0000,-135931.8125,11425244,0.4650,-67915.91,2448.3877
11979341,1766728200,BTC,2500,2500,0.4722,-9.2067,0.0117,0.0000,-135931.8125,11425244,0.4650,-67915.91,2448.3877
11979342,1766728260,BTC,2500,2500,0.4722,-9.2067,0.0117,0.0000,-135931.8125,11425244,0.4650,-67915.91,2448.3877
11979343,1766728320,BTC,2500,2500,0.4722,-9.2067,0.0117,0.0000,-135931.8125,11425244,0.4650,-67915.91,2448.3877
11979344,1766728380,BTC,2500,2500,0.4722,-9.2067,0.0117,0.0000,-135931.8125,11425244,0.4650,-67915.91,2448.3877
11979345,1766728440,BTC,2500,2500,0.4722,-9.2067,0.0117,0.0000,-135931.8125,11425244,0.4650,-67915.91,2448.3877
11979346,1766728500,BTC,2500,2500,0.4722,-9.2067,0.0117,0.0000,-135931.8125,11425244,0.4650,-67915.91,2448.3877
11979347,1766728560,BTC,2500,2500,0.4722,-9.2067,0.0117,0.0000,-135931.8125,11425244,0.4650,-67915.91,2448.3877
11979348,1766728620,BTC,2500,2500,0.4722,-9.2067,0.0117,0.0000,-135931.8125,11425244,0.4650,-67915.91,2448.3877
11979349,1766728680,BTC,2500,2500,0.4722,-9.2067,0.0117,0.0000,-135931.8125,11425244,0.4650,-67915.91,2448.3877
11979350,1766728740,BTC,2500,2500,0.4722,-9.2067,0.0117,0.0200,-135931.8125,11425244,0.4650,-67915.91,2448.3877
11979351,1766728800,BTC,2500,2500,0.4722,-9.2067,0.0117,0.0200,-135931.8125,11425244,0.4650,-67915.91,2448.3877
11979352,1766728860,BTC,2500,2500,0.4722,-9.2067,0.0117,0.0200,-135931.7812,11425245,0.4650,-67915.89,2448.3877
11979353,1766728920,BTC,2500,2500,0.4722,-9.2067,0.0117,0.0200,-135931.7500,11425246,0.4650,-67915.88,2448.3877
11979354,1766728980,BTC,2500,2500,0.4722,-9.2067,0.0117,0.0000,-135931.7188,11425247,0.4650,-67915.86,2448.3877
11979355,1766729040,BTC,2500,2500,0.4722,-9.2067,0.0117,0.0000,-135931.7500,11425248,0.4650,-67915.88,2448.3877
11979356,1766729100,BTC,2500,2500,0.4722,-9.2067,0.0117,0.0000,-135931.7188,11425249,0.4650,-67915.86,2448.3877
11979357,1766729160,BTC,2500,2500,0.4722,-9.2067,0.0117,0.0000,-135931.7500,11425250,0.4650,-67915.88,2448.3877
11979358,1766729220,BTC,2500,2500,0.4722,-9.2067,0.0117,0.0000,-135931.7188,11425251,0.4650,-67915.86,2448.3877
11979359,1766729280,BTC,2500,2500,0.4722,-9.2067,0.0117,0.0000,-135931.7500,11425252,0.4650,-67915.88,2448.3877
11979360,1766729340,BTC,2500,2500,0.4722,-9.2067,0.0117,0.0000,-135931.7812,11425253,0.4650,-67915.89,2448.3877
11979361,1766729400,BTC,2500,2500,0.4722,-9.2067,0.0117,0.0000,-135931.8125,11425254,0.4650,-67915.91,2448.3877
11979362,1766729460,BTC,2500,2500,0.4722,-9.2067,0.0117,0.0000,-135931.7812,11425255,0.4650,-67915.89,2448.3877
11979363,1766729520,BTC,2500,2500,0.4722,-9.2067,0.0117,0.0200,-135931.7500,11425256,0.4650,-67915.88,2448.3877
11979364,1766729580,BTC,2500,2500,0.4722,-9.2067,0.0117,0.0000,-135931.7188,11425257,0.4650,-67915.86,2448.3877
11979365,1766729640,BTC,2500,2500,0.4722,-9.2067,0.0117,0.0000,-135931.7500,11425258,0.4650,-67915.88,2448.3877
11979366,1766729700,BTC,2500,2500,0.4722,-9.2067,0.0117,0.0000,-135931.7812,11425259,0.4650,-67915.89,2448.3877
11979367,1766729760,BTC,2500,2500,0.4722,-9.2067,0.0117,0.0000,-135931.7500,11425260,0.4650,-67915.88,2448.3877
11979368,1766729820,BTC,2500,2500,0.4722,-9.2067,0.0117,0.0000,-135931.7812,11425261,0.4650,-67915.89,2448.3877
11979369,1766729880,BTC,2500,2500,0.4722,-9.2067,0.0117,0.0000,-135931.7500,11425262,0.4650,-67915.88,2448.3877
11979370,1766729940,BTC,2500,2500,0.4722,-9.2067,0.0117,0.0000,-135931.7812,11425263,0.4650,-67915.89,2448.3877
11979371,1766730000,BTC,2500,2500,0.4722,-9.2067,0.0117,0.0000,-135931.7500,11425264,0.4650,-67915.88,2448.3877
11979372,1766730060,BTC,2500,2500,0.4722,-9.2067,0.0117,0.0000,-135931.7188,11425265,0.4650,-67915.86,2448.3877
11979373,1766730120,BTC,2500,2500,0.4722,-9.2067,0.0117,0.0000,-135931.7500,11425266,0.4650,-67915.88,2448.3877
11979374,1766730180,BTC,2500,2500,0.4722,-9.2067,0.0117,0.0000,-135931.7812,11425267,0.4650,-67915.89,2448.3877
11979375,1766730240,BTC,2500,2500,0.4722,-9.2067,0.0117,0.0000,-135931.7500,11425268,0.4650,-67915.88,2448.3877
11979376,1766730300,BTC,2500,2500,0.4722,-9.2067,0.0117,0.0000,-135931.7812,11425269,0.4650,-67915.89,2448.3877
11979377,1766730360,BTC,2500,2500,0.4722,-9.2067,0.0117,0.0000,-135931.8125,11425270,0.4650,-67915.91,2448.3877
11979378,1766730420,BTC,2500,2500,0.4722,-9.2067,0.0117,0.0000,-135931.7812,11425271,0.4650,-67915.89,2448.3877
11979379,1766730480,BTC,2500,2500,0.4722,-9.2067,0.0117,0.0000,-135931.7500,11425272,0.4650,-67915.88,2448.3877
11979380,1766730540,BTC,2500,2500,0.4722,-9.2067,0.0117,0.0000,-135931.7188,11425273,0.4650,-67915.86,2448.3877
11979381,1766730600,BTC,2500,2500,0.4722,-9.2067,0.0117,0.0000,-135931.7500,11425274,0.4650,-67915.88,2448.3877
11979382,1766730660,BTC,2500,2500,0.4722,-9.2067,0.0117,0.0000,-135931.7812,11425275,0.4650,-67915.89,2448.3877
11979383,1766730720,BTC,2500,2500,0.4722,-9.2067,0.0117,0.0200,-135931.8125,11425276,0.4650,-67915.91,2448.3877
11979384,1766730780,BTC,2500,2500,0.4722,-9.2067,0.0117,0.0000,-135931.8438,11425277,0.4650,-67915.92,2448.3877
11979385,1766730840,BTC,2500,2500,0.4722,-9.2067,0.0117,0.0000,-135931.8750,11425278,0.4650,-67915.94,2448.3877
11979386,1766730900,BTC,2500,2500,0.4722,-9.2067,0.0117,0.0000,-135931.8438,11425279,0.4650,-67915.92,2448.3877
11979387,1766730960,BTC,2500,2500,0.4722,-9.2067,0.0117,0.0000,-135931.8125,11425280,0.4650,-67915.91,2448.3877
11979388,1766731020,BTC,2500,2500,0.4722,-9.2067,0.0117,0.0000,-135931.8438,11425281,0.4650,-67915.92,2448.3877
11979389,1766731080,BTC,2500,2500,0.4722,-9.2067,0.0117,0.0000,-135931.8750,11425282,0.4650,-67915.94,2448.3877
11979390,1766731140,BTC,2500,2500,0.4722,-9.2067,0.0117,0.0000,-135931.9062,11425283,0.4650,-67915.95,2448.3877
11979391,1766731200,BTC,2500,2500,0.4722,-9.2067,0.0117,0.0000,-135931.9375,11425284,0.4650,-67915.97,2448.3877
11979392,1766731260,BTC,2500,2500,0.4722,-9.2067,0.0117,0.0200,-135931.9688,11425285,0.4650,-67915.98,2448.3877
11979393,1766731320,BTC,2500,2500,0.4722,-9.2067,0.0117,0.0200,-135931.9375,11425286,0.4650,-67915.97,2448.3877
11979394,1766731380,BTC,2500,2500,0.4722,-9.2067,0.0117,0.0200,-135931.9688,11425287,0.4650,-67915.98,2448.3877
11979395,1766731440,BTC,2500,2500,0.4722,-9.2067,0.0117,0.0200,-135931.9375,11425288,0.4650,-67915.97,2448.3877
11979396,1766731500,BTC,2500,2500,0.4722,-9.2067,0.0117,0.0200,-135931.9688,11425289,0.4650,-67915.98,2448.3877
11979397,1766731560,BTC,2500,2500,0.4722,-9.2067,0.0117,0.0000,-135931.9375,11425290,0.4650,-67915.97,2448.3877
11979398,1766731620,BTC,2500,2500,0.4722,-9.2067,0.0117,0.0000,-135931.9062,11425291,0.4650,-67915.95,2448.3877
11979399,1766731680,BTC,2500,2500,0.4722,-9.2067,0.0117,0.0000,-135931.9375,11425292,0.4650,-67915.97,2448.3877
11979400,1766731740,BTC,2500,2500,0.4722,-9.2067,0.0117,0.0000,-135931.9062,11425293,0.4650,-67915.95,2448.3877
11979401,1766731800,BTC,2500,2500,0.4722,-9.2067,0.0117,0.0000,-135931.8750,11425294,0.4650,-67915.94,2448.3877
11979402,1766731860,BTC,2500,2500,0.4722,-9.2067,0.0117,0.0000,-135931.9062,11425295,0.4650,-67915.95,2448.3877
11979403,1766731920,BTC,2500,2500,0.4722,-9.2067,0.0117,0.0000,-135931.9375,11425296,0.4650,-67915.97,2448.3877
11979404,1766731980,BTC,2500,2500,0.4722,-9.2067,0.0117,0.0000,-135931.9688,11425297,0.4650,-67915.98,2448.3877
11979405,1766732040,BTC,2500,2500,0.4722,-9.2067,0.0117,0.0000,-135932.0000,11425298,0.4650,-67916.00,2448.3877
11979406,1766732100,BTC,2500,2500,0.4722,-9.2067,0.0117,0.0000,-135932.0312,11425299,0.4650,-67916.02,2448.3877
11979407,1766732160,BTC,2500,2500,0.4722,-9.2067,0.0117,0.0000,-135932.0625,11425300,0.4650,-67916.03,2448.3877
11979408,1766732220,BTC,2500,2500,0.4722,-9.2067,0.0117,0.0000,-135932.0938,11425301,0.4650,-67916.05,2448.3877
11979409,1766732280,BTC,2500,2500,0.4722,-9.2067,0.0117,0.0000,-135932.0625,11425302,0.4650,-67916.03,2448.3877
11979410,1766732340,BTC,2500,2500,0.4722,-9.2067,0.0117,0.0000,-135932.0312,11425303,0.4650,-67916.02,2448.3877
11979411,1766732400,BTC,2500,2500,0.4722,-9.2067,0.0117,0.0000,-135932.0625,11425304,0.4650,-67916.03,2448.3877
11979412,1766732460,BTC,2500,2500,0.4722,-9.2067,0.0117,0.0000,-135932.0938,11425305,0.4650,-67916.05,2448.3877
11979413,1766732520,BTC,2500,2500,0.4722,-9.2067,0.0117,0.0000,-135932.0625,11425306,0.4650,-67916.03,2448.3877
11979414,1766732580,BTC,2500,2500,0.4722,-9.2067,0.0117,0.0000,-135932.0312,11425307,0.4650,-67916.02,2448.3877
11979415,1766732640,BTC,2500,2500,0.4722,-9.2067,0.0117,0.0000,-135932.0000,11425308,0.4650,-67916.00,2448.3877
11979416,1766732700,BTC,2500,2500,0.4722,-9.2067,0.0117,0.0000,-135931.9688,11425309,0.4650,-67915.98,2448.3877
11979417,1766732760,BTC,2500,2500,0.4722,-9.2067,0.0117,0.0000,-135932.0000,11425310,0.4650,-67916.00,2448.3877
11979418,1766732820,BTC,2500,2500,0.4722,-9.2067,0.0117,0.0000,-135931.9688,11425311,0.4650,-67915.98,2448.3877
11979419,1766732880,BTC,2500,2500,0.4722,-9.2067,0.0117,0.0000,-135931.9375,11425312,0.4650,-67915.97,2448.3877
11979420,1766732940,BTC,2500,2500,0.4722,-9.2067,0.0117,0.0000,-135931.9062,11425313,0.4650,-67915.95,2448.3877
11979421,1766733000,BTC,2500,2500,0.4722,-9.2067,0.0117,0.0000,-135931.9375,11425314,0.4650,-67915.97,2448.3877
11979422,1766733060,BTC,2500,2500,0.4722,-9.2067,0.0117,0.0000,-135931.9688,11425315,0.4650,-67915.98,2448.3877
11979423,1766733120,BTC,2500,2500,0.4722,-9.2067,0.0117,0.0200,-135931.9375,11425316,0.4650,-67915.97,2448.3877
11979424,1766733180,BTC,2500,2500,0.4722,-9.2067,0.0117,0.0200,-135931.9062,11425317,0.4650,-67915.95,2448.3877
11979425,1766733240,BTC,2500,2500,0.4722,-9.2067,0.0117,0.0200,-135931.9375,11425318,0.4650,-67915.97,2448.3877
11979426,1766733300,BTC,2500,2500,0.4722,-9.2067,0.0117,0.0000,-135931.9688,11425319,0.4650,-67915.98,2448.3877
11979427,1766733360,BTC,2500,2500,0.4722,-9.2067,0.0117,0.0000,-135932.0000,11425320,0.4650,-67916.00,2448.3877
11979428,1766733420,BTC,2500,2500,0.4722,-9.2067,0.0117,0.0000,-135932.0312,11425321,0.4650,-67916.02,2448.3877
11979429,1766733480,BTC,2500,2500,0.4722,-9.2067,0.0117,0.0000,-135932.0625,11425322,0.4650,-67916.03,2448.3877
11979430,1766733540,BTC,2500,2500,0.4722,-9.2067,0.0117,0.0000,-135932.0312,11425323,0.4650,-67916.02,2448.3877
11979431,1766733600,BTC,2500,2500,0.4722,-9.2067,0.0117,0.0000,-135932.0000,11425324,0.4650,-67916.00,2448.3877
11979432,1766733660,BTC,2500,2500,0.4722,-9.2067,0.0117,0.0000,-135932.0312,11425325,0.4650,-67916.02,2448.3877
11979433,1766733720,BTC,2500,2500,0.4722,-9.2067,0.0117,0.0000,-135932.0625,11425326,0.4650,-67916.03,2448.3877
11979434,1766733780,BTC,2500,2500,0.4722,-9.2067,0.0117,0.0000,-135932.0312,11425327,0.4650,-67916.02,2448.3877
11979435,1766733840,BTC,2500,2500,0.4722,-9.2067,0.0117,0.0000,-135932.0000,11425328,0.4650,-67916.00,2448.3877
11979436,1766733900,BTC,2500,2500,0.4722,-9.2067,0.0117,0.0000,-135931.9688,11425329,0.4650,-67915.98,2448.3877
11979437,1766733960,BTC,2500,2500,0.4722,-9.2067,0.0117,0.0000,-135931.9375,11425330,0.4650,-67915.97,2448.3877
11979438,1766734020,BTC,2500,2500,0.4722,-9.2067,0.0117,0.0000,-135931.9688,11425331,0.4650,-67915.98,2448.3877
11979439,1766734080,BTC,2500,2500,0.4722,-9.2067,0.0117,0.0000,-135931.9375,11425332,0.4650,-67915.97,2448.3877
11979440,1766734140,BTC,2500,2500,0.4722,-9.2067,0.0117,0.0000,-135931.9062,11425333,0.4650,-67915.95,2448.3877
11979441,1766734200,BTC,2500,2500,0.4722,-9.2067,0.0117,0.0000,-135931.8750,11425334,0.4650,-67915.94,2448.3877
11979442,1766734260,BTC,2500,2500,0.4722,-9.2067,0.0117,0.0000,-135931.8438,11425335,0.4650,-67915.92,2448.3877
11979443,1766734320,BTC,2500,2500,0.4722,-9.2067,0.0117,0.0200,-135931.8750,11425336,0.4650,-67915.94,2448.3877
11979444,1766734380,BTC,2500,2500,0.4722,-9.2067,0.0117,0.0200,-135931.9062,11425337,0.4650,-67915.95,2448.3877
11979445,1766734440,BTC,2500,2500,0.4722,-9.2067,0.0117,0.0200,-135931.9375,11425338,0.4650,-67915.97,2448.3877
11979446,1766734500,BTC,2500,2500,0.4722,-9.2067,0.0117,0.0200,-135931.9062,11425339,0.4650,-67915.95,2448.3877
11979447,1766734560,BTC,2500,2500,0.4722,-9.2067,0.0117,0.0200,-135931.9375,11425340,0.4650,-67915.97,2448.3877
11979448,1766734620,BTC,2500,2500,0.4722,-9.2067,0.0117,0.0200,-135931.9688,11425341,0.4650,-67915.98,2448.3877
11979449,1766734680,BTC,2500,2500,0.4722,-9.2067,0.0117,0.0200,-135932.0000,11425342,0.4650,-67916.00,2448.3877
11979450,1766734740,BTC,2500,2500,0.4722,-9.2067,0.0117,0.0200,-135932.0312,11425343,0.4650,-67916.02,2448.3877
11979451,1766734800,BTC,2500,2500,0.4722,-9.2067,0.0117,0.0200,-135932.0000,11425344,0.4650,-67916.00,2448.3877
11979452,1766734860,BTC,2500,2500,0.4722,-9.2067,0.0117,0.0200,-135932.0312,11425345,0.4650,-67916.02,2448.3877
11979453,1766734920,BTC,2500,2500,0.4722,-9.2067,0.0117,0.0200,-135932.0000,11425346,0.4650,-67916.00,2448.3877
11979454,1766734980,BTC,2500,2500,0.4722,-9.2067,0.0117,0.0200,-135932.0312,11425347,0.4650,-67916.02,2448.3877
11979455,1766735040,BTC,2500,2500,0.4722,-9.2067,0.0117,0.0200,-135932.0625,11425348,0.4650,-67916.03,2448.3877
11979456,1766735100,BTC,2500,2500,0.4722,-9.2067,0.0117,0.0200,-135932.0312,11425349,0.4650,-67916.02,2448.3877
11979457,1766735160,BTC,2500,2500,0.4722,-9.2067,0.0117,0.0200,-135932.0625,11425350,0.4650,-67916.03,2448.3877
11979458,1766735220,BTC,2500,2500,0.4722,-9.2067,0.0117,0.0200,-135932.0938,11425351,0.4650,-67916.05,2448.3877
11979459,1766735280,BTC,2500,2500,0.4722,-9.2067,0.0117,0.0200,-135932.0625,11425352,0.4650,-67916.03,2448.3877
11979460,1766735340,BTC,2500,2500,0.4722,-9.2067,0.0117,0.0200,-135932.0938,11425353,0.4650,-67916.05,2448.3877
11979461,1766735400,BTC,2500,2500,0.4722,-9.2067,0.0117,0.0200,-135932.1250,11425354,0.4650,-67916.06,2448.3877
11979462,1766735460,BTC,2500,2500,0.4722,-9.2067,0.0117,0.0200,-135932.1562,11425355,0.4650,-67916.08,2448.3877
11979463,1766735520,BTC,2500,2500,0.4722,-9.2067,0.0117,0.0200,-135932.1875,11425356,0.4650,-67916.09,2448.3877
11979464,1766735580,BTC,2500,2500,0.4722,-9.2067,0.0117,0.0200,-135932.2188,11425357,0.4650,-67916.11,2448.3877
11979465,1766735640,BTC,2500,2500,0.4722,-9.2067,0.0117,0.0200,-135932.2500,11425358,0.4650,-67916.12,2448.3877
11979466,1766735700,BTC,2500,2500,0.4722,-9.2067,0.0117,0.0200,-135932.2812,11425359,0.4650,-67916.14,2448.3877
11979467,1766735760,BTC,2500,2500,0.4722,-9.2067,0.0117,0.0200,-135932.3125,11425360,0.4650,-67916.16,2448.3877
11979468,1766735820,BTC,2500,2500,0.4722,-9.2067,0.0117,0.0200,-135932.3438,11425361,0.4650,-67916.17,2448.3877
11979469,1766735880,BTC,2500,2500,0.4722,-9.2067,0.0117,0.0200,-135932.3750,11425362,0.4650,-67916.19,2448.3877
11979470,1766735940,BTC,2500,2500,0.4722,-9.2067,0.0117,0.0200,-135932.3750,11425362,0.4650,-67916.19,2448.3877
11979471,1766736000,BTC,2500,2500,0.4722,-9.2067,0.0117,0.0000,-135932.3750,11425362,0.4650,-67916.19,2448.3877
11979472,1766736060,BTC,2500,2500,0.4722,-9.2067,0.0117,0.0000,-135932.3750,11425362,0.4650,-67916.19,2448.3877
11979473,1766736120,BTC,2500,2500,0.4722,-9.2067,0.0117,0.0000,-135932.3750,11425362,0.4650,-67916.19,2448.3877
11979474,1766736180,BTC,2500,2500,0.4722,-9.2067,0.0117,0.0000,-135932.3750,11425362,0.4650,-67916.19,2448.3877
11979475,1766736240,BTC,2500,2500,0.4722,-9.2067,0.0117,0.0000,-135932.3750,11425362,0.4650,-67916.19,2448.3877
11979476,1766736300,BTC,2500,2500,0.4722,-9.2067,0.0117,0.0000,-135932.3750,11425362,0.4650,-67916.19,2448.3877
11979477,1766736360,BTC,2500,2500,0.4722,-9.2067,0.0117,0.0000,-135932.3750,11425362,0.4650,-67916.19,2448.3877
11979478,1766736420,BTC,2500,2500,0.4722,-9.2067,0.0117,0.0000,-135932.3750,11425362,0.4650,-67916.19,2448.3877
11979479,1766736480,BTC,2500,2500,0.4722,-9.2067,0.0117,0.0000,-135932.3750,11425362,0.4650,-67916.19,2448.3877
11979480,1766736540,BTC,2500,2500,0.4722,-9.2067,0.0117,0.0000,-135932.3750,11425362,0.4650,-67916.19,2448.3877
11979481,1766736600,BTC,2500,2500,0.4722,-9.2067,0.0117,0.0000,-135932.3750,11425362,0.4650,-67916.19,2448.3877
11979482,1766736660,BTC,2500,2500,0.4722,-9.2067,0.0117,0.0000,-135932.3750,11425362,0.4650,-67916.19,2448.3877
11979483,1766736720,BTC,2500,2500,0.4722,-9.2067,0.0117,0.0000,-135932.3750,11425362,0.4650,-67916.19,2448.3877
11979484,1766736780,BTC,2500,2500,0.4722,-9.2067,0.0117,0.0000,-135932.3750,11425362,0.4650,-67916.19,2448.3877
11979485,1766736840,BTC,2500,2500,0.4722,-9.2067,0.0117,0.0000,-135932.3750,11425362,0.4650,-67916.19,2448.3877
11979486,1766736900,BTC,2500,2500,0.4722,-9.2067,0.0117,0.0000,-135932.3750,11425362,0.4650,-67916.19,2448.3877
11979487,1766736960,BTC,2500,2500,0.4722,-9.2067,0.0117,0.0000,-135932.3750,11425362,0.4650,-67916.19,2448.3877
11979488,1766737020,BTC,2500,2500,0.4722,-9.2067,0.0117,0.0000,-135932.3750,11425362,0.4650,-67916.19,2448.3877
11979489,1766737080,BTC,2500,2500,0.4722,-9.2067,0.0117,0.0000,-135932.3750,11425362,0.4650,-67916.19,2448.3877
11979490,1766737140,BTC,2500,2500,0.4722,-9.2067,0.0117,0.0000,-135932.3750,11425362,0.4650,-67916.19,2448.3877
11979491,1766737200,BTC,2500,2500,0.4722,-9.2067,0.0117,0.0000,-135932.3750,11425362,0.4650,-67916.19,2448.3877
11979492,1766737260,BTC,2500,2500,0.4722,-9.2067,0.0117,0.0000,-135932.3750,11425362,0.4650,-67916.19,2448.3877
11979493,1766737320,BTC,2500,2500,0.4722,-9.2067,0.0117,0.0000,-135932.3750,11425362,0.4650,-67916.19,2448.3877
11979494,1766737380,BTC,2500,2500,0.4722,-9.2067,0.0117,0.0000,-135932.3750,11425362,0.4650,-67916.19,2448.3877
11979495,1766737440,BTC,2500,2500,0.4722,-9.2067,0.0117,0.0000,-135932.3750,11425362,0.4650,-67916.19,2448.3877
11979496,1766737500,BTC,2500,2500,0.4722,-9.2067,0.0117,0.0000,-135932.3750,11425362,0.4650,-67916.19,2448.3877
11979497,1766737560,BTC,2500,2500,0.4722,-9.2067,0.0117,0.0000,-135932.3750,11425362,0.4650,-67916.19,2448.3877
11979498,1766737620,BTC,2500,2500,0.4722,-9.2067,0.0117,0.0000,-135932.3750,11425362,0.4650,-67916.19,2448.3877
11979499,1766737680,BTC,2500,2500,0.4722,-9.2067,0.0117,0.0000,-135932.3750,11425362,0.4650,-67916.19,2448.3877
11979500,1766737740,BTC,2500,2500,0.4722,-9.2067,0.0117,0.0000,-135932.3750,11425362,0.4650,-67916.19,2448.3877
11979501,1766737800,BTC,2500,2500,0.4722,-9.2067,0.0117,0.0000,-135932.3750,11425362,0.4650,-67916.19,2448.3877
11979502,1766737860,BTC,2500,2500,0.4722,-9.2067,0.0117,0.0000,-135932.3750,11425362,0.4650,-67916.19,2448.3877
11979503,1766737920,BTC,2500,2500,0.4722,-9.2067,0.0117,0.0000,-135932.3750,11425362,0.4650,-67916.19,2448.3877
11979504,1766737980,BTC,2500,2500,0.4722,-9.2067,0.0117,0.0000,-135932.3750,11425362,0.4650,-67916.19,2448.3877
11979505,1766738040,BTC,2500,2500,0.4722,-9.2067,0.0117,0.0000,-135932.3750,11425362,0.4650,-67916.19,2448.3877
11979506,1766738100,BTC,2500,2500,0.4722,-9.2067,0.0117,0.0000,-135932.3750,11425362,0.4650,-67916.19,2448.3877
11979507,1766738160,BTC,2500,2500,0.4722,-9.2067,0.0117,0.0000,-135932.3750,11425362,0.4650,-67916.19,2448.3877
11979508,1766738220,BTC,2500,2500,0.4722,-9.2067,0.0117,0.0000,-135932.3750,11425362,0.4650,-67916.19,2448.3877
11979509,1766738280,BTC,2500,2500,0.4722,-9.2067,0.0117,0.0000,-135932.3750,11425362,0.4650,-67916.19,2448.3877
11979510,1766738340,BTC,2500,2500,0.4722,-9.2067,0.0117,0.0000,-135932.3750,11425362,0.4650,-67916.19,2448.3877
11979511,1766738400,BTC,2500,2500,0.4722,-9.2067,0.0117,0.0000,-135932.3750,11425362,0.4650,-67916.19,2448.3877
11979512,1766738460,BTC,2500,2500,0.4722,-9.2067,0.0117,0.0200,-135932.3750,11425362,0.4650,-67916.19,2448.3877
11979513,1766738520,BTC,2500,2500,0.4722,-9.2067,0.0117,0.0000,-135932.3750,11425362,0.4650,-67916.19,2448.3877
11979514,1766738580,BTC,2500,2500,0.4722,-9.2067,0.0117,0.0000,-135932.3750,11425362,0.4650,-67916.19,2448.3877
11979515,1766738640,BTC,2500,2500,0.4722,-9.2067,0.0117,0.0000,-135932.3750,11425362,0.4650,-67916.19,2448.3877
11979516,1766738700,BTC,2500,2500,0.4722,-9.2067,0.0117,0.0000,-135932.3750,11425362,0.4650,-67916.19,2448.3877
11979517,1766738760,BTC,2500,2500,0.4722,-9.2067,0.0117,0.0000,-135932.3750,11425362,0.4650,-67916.19,2448.3877
11979518,1766738820,BTC,2500,2500,0.4722,-9.2067,0.0117,0.0000,-135932.3750,11425362,0.4650,-67916.19,2448.3877
11979519,1766738880,BTC,2500,2500,0.4722,-9.2067,0.0117,0.0000,-135932.3750,11425362,0.4650,-67916.19,2448.3877
11979520,1766738940,BTC,2500,2500,0.4722,-9.2067,0.0117,0.0000,-135932.3750,11425362,0.4650,-67916.19,2448.3877
11979521,1766739000,BTC,2500,2500,0.4722,-9.2067,0.0117,0.0200,-135932.3438,11425363,0.4650,-67916.17,2448.3877
11979522,1766739060,BTC,2500,2500,0.4722,-9.2067,0.0117,0.0200,-135932.3125,11425364,0.4650,-67916.16,2448.3877
11979523,1766739120,BTC,2500,2500,0.4722,-9.2067,0.0117,0.0000,-135932.2812,11425365,0.4650,-67916.14,2448.3877
11979524,1766739180,BTC,2500,2500,0.4722,-9.2067,0.0117,0.0000,-135932.2500,11425366,0.4650,-67916.12,2448.3877
11979525,1766739240,BTC,2500,2500,0.4722,-9.2067,0.0117,0.0200,-135932.2188,11425367,0.4650,-67916.11,2448.3877
11979526,1766739300,BTC,2500,2500,0.4722,-9.2067,0.0117,0.0200,-135932.2500,11425368,0.4650,-67916.12,2448.3877
11979527,1766739360,BTC,2500,2500,0.4722,-9.2067,0.0117,0.0000,-135932.2812,11425369,0.4650,-67916.14,2448.3877
11979528,1766739420,BTC,2500,2500,0.4722,-9.2067,0.0117,0.0000,-135932.3125,11425370,0.4650,-67916.16,2448.3877
11979529,1766739480,BTC,2500,2500,0.4722,-9.2067,0.0117,0.0000,-135932.2812,11425371,0.4650,-67916.14,2448.3877
11979530,1766739540,BTC,2500,2500,0.4722,-9.2067,0.0117,0.0000,-135932.3125,11425372,0.4650,-67916.16,2448.3877
11979531,1766739600,BTC,2500,2500,0.4722,-9.2067,0.0117,0.0000,-135932.3438,11425373,0.4650,-67916.17,2448.3877
11979532,1766739660,BTC,2500,2500,0.4722,-9.2067,0.0117,0.0000,-135932.3750,11425374,0.4650,-67916.19,2448.3877
11979533,1766739720,BTC,2500,2500,0.4722,-9.2067,0.0117,0.0000,-135932.3438,11425375,0.4650,-67916.17,2448.3877
11979534,1766739780,BTC,2500,2500,0.4722,-9.2067,0.0117,0.0000,-135932.3125,11425376,0.4650,-67916.16,2448.3877
11979535,1766739840,BTC,2500,2500,0.4722,-9.2067,0.0117,0.0000,-135932.2812,11425377,0.4650,-67916.14,2448.3877
11979536,1766739900,BTC,2500,2500,0.4722,-9.2067,0.0117,0.0000,-135932.3125,11425378,0.4650,-67916.16,2448.3877
11979537,1766739960,BTC,2500,2500,0.4722,-9.2067,0.0117,0.0000,-135932.3438,11425379,0.4650,-67916.17,2448.3877
11979538,1766740020,BTC,2500,2500,0.4722,-9.2067,0.0117,0.0000,-135932.3125,11425380,0.4650,-67916.16,2448.3877
11979539,1766740080,BTC,2500,2500,0.4722,-9.2067,0.0117,0.0000,-135932.3438,11425381,0.4650,-67916.17,2448.3877
11979540,1766740140,BTC,2500,2500,0.4722,-9.2067,0.0117,0.0000,-135932.3750,11425382,0.4650,-67916.19,2448.3877
11979541,1766740200,BTC,2500,2500,0.4722,-9.2067,0.0117,0.0000,-135932.3438,11425383,0.4650,-67916.17,2448.3877
11979542,1766740260,BTC,2500,2500,0.4722,-9.2067,0.0117,0.0000,-135932.3750,11425384,0.4650,-67916.19,2448.3877
11979543,1766740320,BTC,2500,2500,0.4722,-9.2067,0.0117,0.0000,-135932.3438,11425385,0.4650,-67916.17,2448.3877
11979544,1766740380,BTC,2500,2500,0.4722,-9.2067,0.0117,0.0000,-135932.3125,11425386,0.4650,-67916.16,2448.3877
11979545,1766740440,BTC,2500,2500,0.4722,-9.2067,0.0117,0.0000,-135932.2812,11425387,0.4650,-67916.14,2448.3877
11979546,1766740500,BTC,2500,2500,0.4722,-9.2067,0.0117,0.0000,-135932.3125,11425388,0.4650,-67916.16,2448.3877
11979547,1766740560,BTC,2500,2500,0.4722,-9.2067,0.0117,0.0000,-135932.3438,11425389,0.4650,-67916.17,2448.3877
11979548,1766740620,BTC,2500,2500,0.4722,-9.2067,0.0117,0.0000,-135932.3125,11425390,0.4650,-67916.16,2448.3877
11979549,1766740680,BTC,2500,2500,0.4722,-9.2067,0.0117,0.0000,-135932.3438,11425391,0.4650,-67916.17,2448.3877
11979550,1766740740,BTC,2500,2500,0.4722,-9.2067,0.0117,0.0000,-135932.3125,11425392,0.4650,-67916.16,2448.3877
11979551,1766740800,BTC,2500,2500,0.4722,-9.2067,0.0117,0.0000,-135932.3438,11425393,0.4650,-67916.17,2448.3877
11979552,1766740860,BTC,2500,2500,0.4722,-9.2067,0.0117,0.0200,-135932.3125,11425394,0.4650,-67916.16,2448.3877
11979553,1766740920,BTC,2500,2500,0.4722,-9.2067,0.0117,0.0200,-135932.2812,11425395,0.4650,-67916.14,2448.3877
11979554,1766740980,BTC,2500,2500,0.4722,-9.2067,0.0117,0.0200,-135932.3125,11425396,0.4650,-67916.16,2448.3877
11979555,1766741040,BTC,2500,2500,0.4722,-9.2067,0.0117,0.0000,-135932.2812,11425397,0.4650,-67916.14,2448.3877
11979556,1766741100,BTC,2500,2500,0.4722,-9.2067,0.0117,0.0000,-135932.2500,11425398,0.4650,-67916.12,2448.3877
11979557,1766741160,BTC,2500,2500,0.4722,-9.2067,0.0117,0.0000,-135932.2188,11425399,0.4650,-67916.11,2448.3877
11979558,1766741220,BTC,2500,2500,0.4722,-9.2067,0.0117,0.0000,-135932.2500,11425400,0.4650,-67916.12,2448.3877
11979559,1766741280,BTC,2500,2500,0.4722,-9.2067,0.0117,0.0000,-135932.2188,11425401,0.4650,-67916.11,2448.3877
11979560,1766741340,BTC,2500,2500,0.4722,-9.2067,0.0117,0.0000,-135932.2500,11425402,0.4650,-67916.12,2448.3877
11979561,1766741400,BTC,2500,2500,0.4722,-9.2067,0.0117,0.0000,-135932.2188,11425403,0.4650,-67916.11,2448.3877
11979562,1766741460,BTC,2500,2500,0.4722,-9.2067,0.0117,0.0000,-135932.1875,11425404,0.4650,-67916.09,2448.3877
11979563,1766741520,BTC,2500,2500,0.4722,-9.2067,0.0117,0.0000,-135932.1562,11425405,0.4650,-67916.08,2448.3877
11979564,1766741580,BTC,2500,2500,0.4722,-9.2067,0.0117,0.0000,-135932.1875,11425406,0.4650,-67916.09,2448.3877
11979565,1766741640,BTC,2500,2500,0.4722,-9.2067,0.0117,0.0000,-135932.2188,11425407,0.4650,-67916.11,2448.3877
11979566,1766741700,BTC,2500,2500,0.4722,-9.2067,0.0117,0.0000,-135932.1875,11425408,0.4650,-67916.09,2448.3877
11979567,1766741760,BTC,2500,2500,0.4722,-9.2067,0.0117,0.0000,-135932.2188,11425409,0.4650,-67916.11,2448.3877
11979568,1766741820,BTC,2500,2500,0.4722,-9.2067,0.0117,0.0000,-135932.2500,11425410,0.4650,-67916.12,2448.3877
11979569,1766741880,BTC,2500,2500,0.4722,-9.2067,0.0117,0.0000,-135932.2812,11425411,0.4650,-67916.14,2448.3877
11979570,1766741940,BTC,2500,2500,0.4722,-9.2067,0.0117,0.0000,-135932.2500,11425412,0.4650,-67916.12,2448.3877
11979571,1766742000,BTC,2500,2500,0.4722,-9.2067,0.0117,0.0000,-135932.2812,11425413,0.4650,-67916.14,2448.3877
11979572,1766742060,BTC,2500,2500,0.4722,-9.2067,0.0117,0.0000,-135932.3125,11425414,0.4650,-67916.16,2448.3877
11979573,1766742120,BTC,2500,2500,0.4722,-9.2067,0.0117,0.0000,-135932.3438,11425415,0.4650,-67916.17,2448.3877
11979574,1766742180,BTC,2500,2500,0.4722,-9.2067,0.0117,0.0000,-135932.3125,11425416,0.4650,-67916.16,2448.3877
11979575,1766742240,BTC,2500,2500,0.4722,-9.2067,0.0117,0.0000,-135932.2812,11425417,0.4650,-67916.14,2448.3877
11979576,1766742300,BTC,2500,2500,0.4722,-9.2067,0.0117,0.0000,-135932.3125,11425418,0.4650,-67916.16,2448.3877
11979577,1766742360,BTC,2500,2500,0.4722,-9.2067,0.0117,0.0200,-135932.2812,11425419,0.4650,-67916.14,2448.3877
11979578,1766742420,BTC,2500,2500,0.4722,-9.2067,0.0117,0.0000,-135932.2500,11425420,0.4650,-67916.12,2448.3877
11979579,1766742480,BTC,2500,2500,0.4722,-9.2067,0.0117,0.0200,-135932.2188,11425421,0.4650,-67916.11,2448.3877
11979580,1766742540,BTC,2500,2500,0.4722,-9.2067,0.0117,0.0200,-135932.1875,11425422,0.4650,-67916.09,2448.3877
11979581,1766742600,BTC,2500,2500,0.4722,-9.2067,0.0117,0.0200,-135932.2188,11425423,0.4650,-67916.11,2448.3877
11979582,1766742660,BTC,2500,2500,0.4722,-9.2067,0.0117,0.0200,-135932.1875,11425424,0.4650,-67916.09,2448.3877
11979583,1766742720,BTC,2500,2500,0.4722,-9.2067,0.0117,0.0000,-135932.1562,11425425,0.4650,-67916.08,2448.3877
11979584,1766742780,BTC,2500,2500,0.4722,-9.2067,0.0117,0.0000,-135932.1250,11425426,0.4650,-67916.06,2448.3877
11979585,1766742840,BTC,2500,2500,0.4722,-9.2067,0.0117,0.0000,-135932.1562,11425427,0.4650,-67916.08,2448.3877
11979586,1766742900,BTC,2500,2500,0.4722,-9.2067,0.0117,0.0000,-135932.1250,11425428,0.4650,-67916.06,2448.3877
11979587,1766742960,BTC,2500,2500,0.4722,-9.2067,0.0117,0.0000,-135932.0938,11425429,0.4650,-67916.05,2448.3877
11979588,1766743020,BTC,2500,2500,0.4722,-9.2067,0.0117,0.0000,-135932.1250,11425430,0.4650,-67916.06,2448.3877
11979589,1766743080,BTC,2500,2500,0.4722,-9.2067,0.0117,0.0200,-135932.1562,11425431,0.4650,-67916.08,2448.3877
11979590,1766743140,BTC,2500,2500,0.4722,-9.2067,0.0117,0.0000,-135932.1875,11425432,0.4650,-67916.09,2448.3877
11979591,1766743200,BTC,2500,2500,0.4722,-9.2067,0.0117,0.0000,-135932.2188,11425433,0.4650,-67916.11,2448.3877
11979592,1766743260,BTC,2500,2500,0.4722,-9.2067,0.0117,0.0000,-135932.2500,11425434,0.4650,-67916.12,2448.3877
11979593,1766743320,BTC,2500,2500,0.4722,-9.2067,0.0117,0.0000,-135932.2188,11425435,0.4650,-67916.11,2448.3877
11979594,1766743380,BTC,2500,2500,0.4722,-9.2067,0.0117,0.0000,-135932.1875,11425436,0.4650,-67916.09,2448.3877
11979595,1766743440,BTC,2500,2500,0.4722,-9.2067,0.0117,0.0000,-135932.1562,11425437,0.4650,-67916.08,2448.3877
11979596,1766743500,BTC,2500,2500,0.4722,-9.2067,0.0117,0.0000,-135932.1875,11425438,0.4650,-67916.09,2448.3877
11979597,1766743560,BTC,2500,2500,0.4722,-9.2067,0.0117,0.0000,-135932.1562,11425439,0.4650,-67916.08,2448.3877
11979598,1766743620,BTC,2500,2500,0.4722,-9.2067,0.0117,0.0000,-135932.1250,11425440,0.4650,-67916.06,2448.3877
11979599,1766743680,BTC,2500,2500,0.4722,-9.2067,0.0117,0.0000,-135932.1562,11425441,0.4650,-67916.08,2448.3877
11979600,1766743740,BTC,2500,2500,0.4722,-9.2067,0.0117,0.0000,-135932.1875,11425442,0.4650,-67916.09,2448.3877
11979601,1766743800,BTC,2500,2500,0.4722,-9.2067,0.0117,0.0000,-135932.2188,11425443,0.4650,-67916.11,2448.3877
11979602,1766743860,BTC,2500,2500,0.4722,-9.2067,0.0117,0.0000,-135932.2500,11425444,0.4650,-67916.12,2448.3877
11979603,1766743920,BTC,2500,2500,0.4722,-9.2067,0.0117,0.0000,-135932.2812,11425445,0.4650,-67916.14,2448.3877
11979604,1766743980,BTC,2500,2500,0.4722,-9.2067,0.0117,0.0000,-135932.2500,11425446,0.4650,-67916.12,2448.3877
11979605,1766744040,BTC,2500,2500,0.4722,-9.2067,0.0117,0.0000,-135932.2188,11425447,0.4650,-67916.11,2448.3877
11979606,1766744100,BTC,2500,2500,0.4722,-9.2067,0.0117,0.0000,-135932.1875,11425448,0.4650,-67916.09,2448.3877
11979607,1766744160,BTC,2500,2500,0.4722,-9.2067,0.0117,0.0000,-135932.2188,11425449,0.4650,-67916.11,2448.3877
11979608,1766744220,BTC,2500,2500,0.4722,-9.2067,0.0117,0.0000,-135932.1875,11425450,0.4650,-67916.09,2448.3877
11979609,1766744280,BTC,2500,2500,0.4722,-9.2067,0.0117,0.0000,-135932.1562,11425451,0.4650,-67916.08,2448.3877
11979610,1766744340,BTC,2500,2500,0.4722,-9.2067,0.0117,0.0000,-135932.1250,11425452,0.4650,-67916.06,2448.3877
11979611,1766744400,BTC,2500,2500,0.4722,-9.2067,0.0117,0.0000,-135932.0938,11425453,0.4650,-67916.05,2448.3877
11979612,1766744460,BTC,2500,2500,0.4722,-9.2067,0.0117,0.0200,-135932.0625,11425454,0.4650,-67916.03,2448.3877
11979613,1766744520,BTC,2500,2500,0.4722,-9.2067,0.0117,0.0200,-135932.0938,11425455,0.4650,-67916.05,2448.3877
11979614,1766744580,BTC,2500,2500,0.4722,-9.2067,0.0117,0.0200,-135932.0625,11425456,0.4650,-67916.03,2448.3877
11979615,1766744640,BTC,2500,2500,0.4722,-9.2067,0.0117,0.0200,-135932.0312,11425457,0.4650,-67916.02,2448.3877
11979616,1766744700,BTC,2500,2500,0.4722,-9.2067,0.0117,0.0000,-135932.0625,11425458,0.4650,-67916.03,2448.3877
11979617,1766744760,BTC,2500,2500,0.4722,-9.2067,0.0117,0.0000,-135932.0938,11425459,0.4650,-67916.05,2448.3877
11979618,1766744820,BTC,2500,2500,0.4722,-9.2067,0.0117,0.0000,-135932.1250,11425460,0.4650,-67916.06,2448.3877
11979619,1766744880,BTC,2500,2500,0.4722,-9.2067,0.0117,0.0000,-135932.1562,11425461,0.4650,-67916.08,2448.3877
11979620,1766744940,BTC,2500,2500,0.4722,-9.2067,0.0117,0.0000,-135932.1875,11425462,0.4650,-67916.09,2448.3877
11979621,1766745000,BTC,2500,2500,0.4722,-9.2067,0.0117,0.0000,-135932.1562,11425463,0.4650,-67916.08,2448.3877
11979622,1766745060,BTC,2500,2500,0.4722,-9.2067,0.0117,0.0000,-135932.1875,11425464,0.4650,-67916.09,2448.3877
11979623,1766745120,BTC,2500,2500,0.4722,-9.2067,0.0117,0.0000,-135932.1562,11425465,0.4650,-67916.08,2448.3877
11979624,1766745180,BTC,2500,2500,0.4722,-9.2067,0.0117,0.0000,-135932.1875,11425466,0.4650,-67916.09,2448.3877
11979625,1766745240,BTC,2500,2500,0.4722,-9.2067,0.0117,0.0000,-135932.1562,11425467,0.4650,-67916.08,2448.3877
11979626,1766745300,BTC,2500,2500,0.4722,-9.2067,0.0117,0.0000,-135932.1875,11425468,0.4650,-67916.09,2448.3877
11979627,1766745360,BTC,2500,2500,0.4722,-9.2067,0.0117,0.0000,-135932.2188,11425469,0.4650,-67916.11,2448.3877
11979628,1766745420,BTC,2500,2500,0.4722,-9.2067,0.0117,0.0200,-135932.2500,11425470,0.4650,-67916.12,2448.3877
11979629,1766745480,BTC,2500,2500,0.4722,-9.2067,0.0117,0.0200,-135932.2812,11425471,0.4650,-67916.14,2448.3877
11979630,1766745540,BTC,2500,2500,0.4722,-9.2067,0.0117,0.0200,-135932.2500,11425472,0.4650,-67916.12,2448.3877
11979631,1766745600,BTC,2500,2500,0.4722,-9.2067,0.0117,0.0200,-135932.2812,11425473,0.4650,-67916.14,2448.3877
11979632,1766745660,BTC,2500,2500,0.4722,-9.2067,0.0117,0.0200,-135932.3125,11425474,0.4650,-67916.16,2448.3877
11979633,1766745720,BTC,2500,2500,0.4722,-9.2067,0.0117,0.0000,-135932.3438,11425475,0.4650,-67916.17,2448.3877
11979634,1766745780,BTC,2500,2500,0.4722,-9.2067,0.0117,0.0000,-135932.3750,11425476,0.4650,-67916.19,2448.3877
11979635,1766745840,BTC,2500,2500,0.4722,-9.2067,0.0117,0.0000,-135932.4062,11425477,0.4650,-67916.20,2448.3877
11979636,1766745900,BTC,2500,2500,0.4722,-9.2067,0.0117,0.0200,-135932.3750,11425478,0.4650,-67916.19,2448.3877
11979637,1766745960,BTC,2500,2500,0.4722,-9.2067,0.0117,0.0200,-135932.3438,11425479,0.4650,-67916.17,2448.3877
11979638,1766746020,BTC,2500,2500,0.4722,-9.2067,0.0117,0.0200,-135932.3750,11425480,0.4650,-67916.19,2448.3877
11979639,1766746080,BTC,2500,2500,0.4722,-9.2067,0.0117,0.0000,-135932.3438,11425481,0.4650,-67916.17,2448.3877
11979640,1766746140,BTC,2500,2500,0.4722,-9.2067,0.0117,0.0200,-135932.3125,11425482,0.4650,-67916.16,2448.3877
11979641,1766746200,BTC,2500,2500,0.4722,-9.2067,0.0117,0.0000,-135932.3438,11425483,0.4650,-67916.17,2448.3877
11979642,1766746260,BTC,2500,2500,0.4722,-9.2067,0.0117,0.0000,-135932.3750,11425484,0.4650,-67916.19,2448.3877
11979643,1766746320,BTC,2500,2500,0.4722,-9.2067,0.0117,0.0000,-135932.4062,11425485,0.4650,-67916.20,2448.3877
11979644,1766746380,BTC,2500,2500,0.4722,-9.2067,0.0117,0.0000,-135932.3750,11425486,0.4650,-67916.19,2448.3877
11979645,1766746440,BTC,2500,2500,0.4722,-9.2067,0.0117,0.0000,-135932.3438,11425487,0.4650,-67916.17,2448.3877
11979646,1766746500,BTC,2500,2500,0.4722,-9.2067,0.0117,0.0000,-135932.3125,11425488,0.4650,-67916.16,2448.3877
11979647,1766746560,BTC,2500,2500,0.4722,-9.2067,0.0117,0.0000,-135932.3438,11425489,0.4650,-67916.17,2448.3877
11979648,1766746620,BTC,2500,2500,0.4722,-9.2067,0.0117,0.0000,-135932.3125,11425490,0.4650,-67916.16,2448.3877
11979649,1766746680,BTC,2500,2500,0.4722,-9.2067,0.0117,0.0000,-135932.2812,11425491,0.4650,-67916.14,2448.3877
11979650,1766746740,BTC,2500,2500,0.4722,-9.2067,0.0117,0.0000,-135932.2500,11425492,0.4650,-67916.12,2448.3877
11979651,1766746800,BTC,2500,2500,0.4722,-9.2067,0.0117,0.0000,-135932.2188,11425493,0.4650,-67916.11,2448.3877
11979652,1766746860,BTC,2500,2500,0.4722,-9.2067,0.0117,0.0000,-135932.1875,11425494,0.4650,-67916.09,2448.3877
11979653,1766746920,BTC,2500,2500,0.4722,-9.2067,0.0117,0.0000,-135932.2188,11425495,0.4650,-67916.11,2448.3877
11979654,1766746980,BTC,2500,2500,0.4722,-9.2067,0.0117,0.0200,-135932.2500,11425496,0.4650,-67916.12,2448.3877
11979655,1766747040,BTC,2500,2500,0.4722,-9.2067,0.0117,0.0200,-135932.2812,11425497,0.4650,-67916.14,2448.3877
11979656,1766747100,BTC,2500,2500,0.4722,-9.2067,0.0117,0.0200,-135932.3125,11425498,0.4650,-67916.16,2448.3877
11979657,1766747160,BTC,2500,2500,0.4722,-9.2067,0.0117,0.0000,-135932.3438,11425499,0.4650,-67916.17,2448.3877
11979658,1766747220,BTC,2500,2500,0.4722,-9.2067,0.0117,0.0000,-135932.3750,11425500,0.4650,-67916.19,2448.3877
11979659,1766747280,BTC,2500,2500,0.4722,-9.2067,0.0117,0.0000,-135932.4062,11425501,0.4650,-67916.20,2448.3877
11979660,1766747340,BTC,2500,2500,0.4722,-9.2067,0.0117,0.0000,-135932.3750,11425502,0.4650,-67916.19,2448.3877
11979661,1766747400,BTC,2500,2500,0.4722,-9.2067,0.0117,0.0000,-135932.4062,11425503,0.4650,-67916.20,2448.3877
11979662,1766747460,BTC,2500,2500,0.4722,-9.2067,0.0117,0.0000,-135932.4375,11425504,0.4650,-67916.22,2448.3877
11979663,1766747520,BTC,2500,2500,0.4722,-9.2067,0.0117,0.0000,-135932.4062,11425505,0.4650,-67916.20,2448.3877
11979664,1766747580,BTC,2500,2500,0.4722,-9.2067,0.0117,0.0000,-135932.3750,11425506,0.4650,-67916.19,2448.3877
11979665,1766747640,BTC,2500,2500,0.4722,-9.2067,0.0117,0.0000,-135932.4062,11425507,0.4650,-67916.20,2448.3877
11979666,1766747700,BTC,2500,2500,0.4722,-9.2067,0.0117,0.0000,-135932.3750,11425508,0.4650,-67916.19,2448.3877
11979667,1766747760,BTC,2500,2500,0.4722,-9.2067,0.0117,0.0000,-135932.3438,11425509,0.4650,-67916.17,2448.3877
11979668,1766747820,BTC,2500,2500,0.4722,-9.2067,0.0117,0.0200,-135932.3125,11425510,0.4650,-67916.16,2448.3877
11979669,1766747880,BTC,2500,2500,0.4722,-9.2067,0.0117,0.0200,-135932.3438,11425511,0.4650,-67916.17,2448.3877
11979670,1766747940,BTC,2500,2500,0.4722,-9.2067,0.0117,0.0000,-135932.3125,11425512,0.4650,-67916.16,2448.3877
11979671,1766748000,BTC,2500,2500,0.4722,-9.2067,0.0117,0.0000,-135932.2812,11425513,0.4650,-67916.14,2448.3877
11979672,1766748060,BTC,2500,2500,0.4722,-9.2067,0.0117,0.0000,-135932.2500,11425514,0.4650,-67916.12,2448.3877
11979673,1766748120,BTC,2500,2500,0.4722,-9.2067,0.0117,0.0000,-135932.2188,11425515,0.4650,-67916.11,2448.3877
11979674,1766748180,BTC,2500,2500,0.4722,-9.2067,0.0117,0.0000,-135932.2500,11425516,0.4650,-67916.12,2448.3877
11979675,1766748240,BTC,2500,2500,0.4722,-9.2067,0.0117,0.0000,-135932.2188,11425517,0.4650,-67916.11,2448.3877
11979676,1766748300,BTC,2500,2500,0.4722,-9.2067,0.0117,0.0000,-135932.1875,11425518,0.4650,-67916.09,2448.3877
11979677,1766748360,BTC,2500,2500,0.4722,-9.2067,0.0117,0.0000,-135932.2188,11425519,0.4650,-67916.11,2448.3877
11979678,1766748420,BTC,2500,2500,0.4722,-9.2067,0.0117,0.0000,-135932.2500,11425520,0.4650,-67916.12,2448.3877
11979679,1766748480,BTC,2500,2500,0.4722,-9.2067,0.0117,0.0000,-135932.2812,11425521,0.4650,-67916.14,2448.3877
11979680,1766748540,BTC,2500,2500,0.4722,-9.2067,0.0117,0.0000,-135932.2500,11425522,0.4650,-67916.12,2448.3877
11979681,1766748600,BTC,2500,2500,0.4722,-9.2067,0.0117,0.0000,-135932.2188,11425523,0.4650,-67916.11,2448.3877
11979682,1766748660,BTC,2500,2500,0.4722,-9.2067,0.0117,0.0000,-135932.1875,11425524,0.4650,-67916.09,2448.3877
11979683,1766748720,BTC,2500,2500,0.4722,-9.2067,0.0117,0.0000,-135932.1562,11425525,0.4650,-67916.08,2448.3877
11979684,1766748780,BTC,2500,2500,0.4722,-9.2067,0.0117,0.0000,-135932.1250,11425526,0.4650,-67916.06,2448.3877
11979685,1766748840,BTC,2500,2500,0.4722,-9.2067,0.0117,0.0000,-135932.0938,11425527,0.4650,-67916.05,2448.3877
11979686,1766748900,BTC,2500,2500,0.4722,-9.2067,0.0117,0.0000,-135932.1250,11425528,0.4650,-67916.06,2448.3877
11979687,1766748960,BTC,2500,2500,0.4722,-9.2067,0.0117,0.0000,-135932.1562,11425529,0.4650,-67916.08,2448.3877
11979688,1766749020,BTC,2500,2500,0.4722,-9.2067,0.0117,0.0000,-135932.1875,11425530,0.4650,-67916.09,2448.3877
11979689,1766749080,BTC,2500,2500,0.4722,-9.2067,0.0117,0.0000,-135932.1562,11425531,0.4650,-67916.08,2448.3877
11979690,1766749140,BTC,2500,2500,0.4722,-9.2067,0.0117,0.0000,-135932.1875,11425532,0.4650,-67916.09,2448.3877
11979691,1766749200,BTC,2500,2500,0.4722,-9.2067,0.0117,0.0000,-135932.2188,11425533,0.4650,-67916.11,2448.3877
11979692,1766749260,BTC,2500,2500,0.4722,-9.2067,0.0117,0.0000,-135932.1875,11425534,0.4650,-67916.09,2448.3877
11979693,1766749320,BTC,2500,2500,0.4722,-9.2067,0.0117,0.0000,-135932.2188,11425535,0.4650,-67916.11,2448.3877
11979694,1766749380,BTC,2500,2500,0.4722,-9.2067,0.0117,0.0000,-135932.2500,11425536,0.4650,-67916.12,2448.3877
11979695,1766749440,BTC,2500,2500,0.4722,-9.2067,0.0117,0.0000,-135932.2812,11425537,0.4650,-67916.14,2448.3877
11979696,1766749500,BTC,2500,2500,0.4722,-9.2067,0.0117,0.0000,-135932.2500,11425538,0.4650,-67916.12,2448.3877
11979697,1766749560,BTC,2500,2500,0.4722,-9.2067,0.0117,0.0000,-135932.2812,11425539,0.4650,-67916.14,2448.3877
11979698,1766749620,BTC,2500,2500,0.4722,-9.2067,0.0117,0.0000,-135932.3125,11425540,0.4650,-67916.16,2448.3877
11979699,1766749680,BTC,2500,2500,0.4722,-9.2067,0.0117,0.0000,-135932.2812,11425541,0.4650,-67916.14,2448.3877
11979700,1766749740,BTC,2500,2500,0.4722,-9.2067,0.0117,0.0000,-135932.2500,11425542,0.4650,-67916.12,2448.3877
11979701,1766749800,BTC,2500,2500,0.4722,-9.2067,0.0117,0.0000,-135932.2812,11425543,0.4650,-67916.14,2448.3877
11979702,1766749860,BTC,2500,2500,0.4722,-9.2067,0.0117,0.0000,-135932.2500,11425544,0.4650,-67916.12,2448.3877
11979703,1766749920,BTC,2500,2500,0.4722,-9.2067,0.0117,0.0000,-135932.2812,11425545,0.4650,-67916.14,2448.3877
11979704,1766749980,BTC,2500,2500,0.4722,-9.2067,0.0117,0.0000,-135932.3125,11425546,0.4650,-67916.16,2448.3877
11979705,1766750040,BTC,2500,2500,0.4722,-9.2067,0.0117,0.0000,-135932.2812,11425547,0.4650,-67916.14,2448.3877
11979706,1766750100,BTC,2500,2500,0.4722,-9.2067,0.0117,0.0000,-135932.3125,11425548,0.4650,-67916.16,2448.3877
11979707,1766750160,BTC,2500,2500,0.4722,-9.2067,0.0117,0.0000,-135932.2812,11425549,0.4650,-67916.14,2448.3877
11979708,1766750220,BTC,2500,2500,0.4722,-9.2067,0.0117,0.0000,-135932.3125,11425550,0.4650,-67916.16,2448.3877
11979709,1766750280,BTC,2500,2500,0.4722,-9.2067,0.0117,0.0000,-135932.2812,11425551,0.4650,-67916.14,2448.3877
11979710,1766750340,BTC,2500,2500,0.4722,-9.2067,0.0117,0.0200,-135932.3125,11425552,0.4650,-67916.16,2448.3877
11979711,1766750400,BTC,2500,2500,0.4722,-9.2067,0.0117,0.0000,-135932.2812,11425553,0.4650,-67916.14,2448.3877
11979712,1766750460,BTC,2500,2500,0.4722,-9.2067,0.0117,0.0000,-135932.3125,11425554,0.4650,-67916.16,2448.3877
11979713,1766750520,BTC,2500,2500,0.4722,-9.2067,0.0117,0.0000,-135932.2812,11425555,0.4650,-67916.14,2448.3877
11979714,1766750580,BTC,2500,2500,0.4722,-9.2067,0.0117,0.0000,-135932.3125,11425556,0.4650,-67916.16,2448.3877
11979715,1766750640,BTC,2500,2500,0.4722,-9.2067,0.0117,0.0000,-135932.3438,11425557,0.4650,-67916.17,2448.3877
11979716,1766750700,BTC,2500,2500,0.4722,-9.2067,0.0117,0.0000,-135932.3125,11425558,0.4650,-67916.16,2448.3877
11979717,1766750760,BTC,2500,2500,0.4722,-9.2067,0.0117,0.0000,-135932.3438,11425559,0.4650,-67916.17,2448.3877
11979718,1766750820,BTC,2500,2500,0.4722,-9.2067,0.0117,0.0000,-135932.3125,11425560,0.4650,-67916.16,2448.3877
11979719,1766750880,BTC,2500,2500,0.4722,-9.2067,0.0117,0.0000,-135932.2812,11425561,0.4650,-67916.14,2448.3877
11979720,1766750940,BTC,2500,2500,0.4722,-9.2067,0.0117,0.0000,-135932.2500,11425562,0.4650,-67916.12,2448.3877
11979721,1766751000,BTC,2500,2500,0.4722,-9.2067,0.0117,0.0000,-135932.2188,11425563,0.4650,-67916.11,2448.3877
11979722,1766751060,BTC,2500,2500,0.4722,-9.2067,0.0117,0.0000,-135932.2500,11425564,0.4650,-67916.12,2448.3877
11979723,1766751120,BTC,2500,2500,0.4722,-9.2067,0.0117,0.0000,-135932.2188,11425565,0.4650,-67916.11,2448.3877
11979724,1766751180,BTC,2500,2500,0.4722,-9.2067,0.0117,0.0000,-135932.1875,11425566,0.4650,-67916.09,2448.3877
11979725,1766751240,BTC,2500,2500,0.4722,-9.2067,0.0117,0.0200,-135932.2188,11425567,0.4650,-67916.11,2448.3877
11979726,1766751300,BTC,2500,2500,0.4722,-9.2067,0.0117,0.0000,-135932.1875,11425568,0.4650,-67916.09,2448.3877
11979727,1766751360,BTC,2500,2500,0.4722,-9.2067,0.0117,0.0000,-135932.2188,11425569,0.4650,-67916.11,2448.3877
11979728,1766751420,BTC,2500,2500,0.4722,-9.2067,0.0117,0.0000,-135932.1875,11425570,0.4650,-67916.09,2448.3877
11979729,1766751480,BTC,2500,2500,0.4722,-9.2067,0.0117,0.0000,-135932.2188,11425571,0.4650,-67916.11,2448.3877
11979730,1766751540,BTC,2500,2500,0.4722,-9.2067,0.0117,0.0000,-135932.1875,11425572,0.4650,-67916.09,2448.3877
11979731,1766751600,BTC,2500,2500,0.4722,-9.2067,0.0117,0.0000,-135932.1562,11425573,0.4650,-67916.08,2448.3877
11979732,1766751660,BTC,2500,2500,0.4722,-9.2067,0.0117,0.0000,-135932.1875,11425574,0.4650,-67916.09,2448.3877
11979733,1766751720,BTC,2500,2500,0.4722,-9.2067,0.0117,0.0000,-135932.2188,11425575,0.4650,-67916.11,2448.3877
11979734,1766751780,BTC,2500,2500,0.4722,-9.2067,0.0117,0.0000,-135932.2500,11425576,0.4650,-67916.12,2448.3877
11979735,1766751840,BTC,2500,2500,0.4722,-9.2067,0.0117,0.0000,-135932.2188,11425577,0.4650,-67916.11,2448.3877
11979736,1766751900,BTC,2500,2500,0.4722,-9.2067,0.0117,0.0000,-135932.2500,11425578,0.4650,-67916.12,2448.3877
11979737,1766751960,BTC,2500,2500,0.4722,-9.2067,0.0117,0.0000,-135932.2188,11425579,0.4650,-67916.11,2448.3877
11979738,1766752020,BTC,2500,2500,0.4722,-9.2067,0.0117,0.0000,-135932.2500,11425580,0.4650,-67916.12,2448.3877
11979739,1766752080,BTC,2500,2500,0.4722,-9.2067,0.0117,0.0200,-135932.2188,11425581,0.4650,-67916.11,2448.3877
11979740,1766752140,BTC,2500,2500,0.4722,-9.2067,0.0117,0.0200,-135932.2500,11425582,0.4650,-67916.12,2448.3877
11979741,1766752200,BTC,2500,2500,0.4722,-9.2067,0.0117,0.0200,-135932.2812,11425583,0.4650,-67916.14,2448.3877
11979742,1766752260,BTC,2500,2500,0.4722,-9.2067,0.0117,0.0000,-135932.3125,11425584,0.4650,-67916.16,2448.3877
11979743,1766752320,BTC,2500,2500,0.4722,-9.2067,0.0117,0.0000,-135932.3438,11425585,0.4650,-67916.17,2448.3877
11979744,1766752380,BTC,2500,2500,0.4722,-9.2067,0.0117,0.0000,-135932.3125,11425586,0.4650,-67916.16,2448.3877
11979745,1766752440,BTC,2500,2500,0.4722,-9.2067,0.0117,0.0000,-135932.3438,11425587,0.4650,-67916.17,2448.3877
11979746,1766752500,BTC,2500,2500,0.4722,-9.2067,0.0117,0.0000,-135932.3750,11425588,0.4650,-67916.19,2448.3877
11979747,1766752560,BTC,2500,2500,0.4722,-9.2067,0.0117,0.0000,-135932.3438,11425589,0.4650,-67916.17,2448.3877
11979748,1766752620,BTC,2500,2500,0.4722,-9.2067,0.0117,0.0000,-135932.3125,11425590,0.4650,-67916.16,2448.3877
11979749,1766752680,BTC,2500,2500,0.4722,-9.2067,0.0117,0.0000,-135932.3438,11425591,0.4650,-67916.17,2448.3877
11979750,1766752740,BTC,2500,2500,0.4722,-9.2067,0.0117,0.0000,-135932.3750,11425592,0.4650,-67916.19,2448.3877
11979751,1766752800,BTC,2500,2500,0.4722,-9.2067,0.0117,0.0000,-135932.4062,11425593,0.4650,-67916.20,2448.3877
11979752,1766752860,BTC,2500,2500,0.4722,-9.2067,0.0117,0.0000,-135932.3750,11425594,0.4650,-67916.19,2448.3877
11979753,1766752920,BTC,2500,2500,0.4722,-9.2067,0.0117,0.0000,-135932.3438,11425595,0.4650,-67916.17,2448.3877
11979754,1766752980,BTC,2500,2500,0.4722,-9.2067,0.0117,0.0000,-135932.3750,11425596,0.4650,-67916.19,2448.3877
11979755,1766753040,BTC,2500,2500,0.4722,-9.2067,0.0117,0.0000,-135932.4062,11425597,0.4650,-67916.20,2448.3877
11979756,1766753100,BTC,2500,2500,0.4722,-9.2067,0.0117,0.0200,-135932.3750,11425598,0.4650,-67916.19,2448.3877
11979757,1766753160,BTC,2500,2500,0.4722,-9.2067,0.0117,0.0200,-135932.4062,11425599,0.4650,-67916.20,2448.3877
11979758,1766753220,BTC,2500,2500,0.4722,-9.2067,0.0117,0.0000,-135932.3750,11425600,0.4650,-67916.19,2448.3877
11979759,1766753280,BTC,2500,2500,0.4722,-9.2067,0.0117,0.0000,-135932.3438,11425601,0.4650,-67916.17,2448.3877
11979760,1766753340,BTC,2500,2500,0.4722,-9.2067,0.0117,0.0000,-135932.3125,11425602,0.4650,-67916.16,2448.3877
11979761,1766753400,BTC,2500,2500,0.4722,-9.2067,0.0117,0.0200,-135932.3438,11425603,0.4650,-67916.17,2448.3877
11979762,1766753460,BTC,2500,2500,0.4722,-9.2067,0.0117,0.0200,-135932.3125,11425604,0.4650,-67916.16,2448.3877
11979763,1766753520,BTC,2500,2500,0.4722,-9.2067,0.0117,0.0200,-135932.3438,11425605,0.4650,-67916.17,2448.3877
11979764,1766753580,BTC,2500,2500,0.4722,-9.2067,0.0117,0.0000,-135932.3125,11425606,0.4650,-67916.16,2448.3877
11979765,1766753640,BTC,2500,2500,0.4722,-9.2067,0.0117,nan,-135932.2812,11425607,0.4650,-67916.14,2448.3877
11979766,1766753700,BTC,2500,2500,0.4722,-9.2067,0.0117,nan,-135932.2500,11425608,0.4650,-67916.12,2448.3877
11979767,1766753760,BTC,2500,2500,0.4722,-9.2067,0.0117,nan,-135932.2188,11425609,0.4650,-67916.11,2448.3877
11979768,1766753820,BTC,2500,2500,0.4722,-9.2067,0.0117,0.0000,-135932.2500,11425610,0.4650,-67916.12,2448.3877
11979769,1766753880,BTC,2500,2500,0.4722,-9.2067,0.0117,0.0000,-135932.2812,11425611,0.4650,-67916.14,2448.3877
11979770,1766753940,BTC,2500,2500,0.4722,-9.2067,0.0117,0.0000,-135932.2500,11425612,0.4650,-67916.12,2448.3877
11979771,1766754000,BTC,2500,2500,0.4722,-9.2067,0.0117,0.0000,-135932.2812,11425613,0.4650,-67916.14,2448.3877
11979772,1766754060,BTC,2500,2500,0.4722,-9.2067,0.0117,0.0000,-135932.2500,11425614,0.4650,-67916.12,2448.3877
11979773,1766754120,BTC,2500,2500,0.4722,-9.2067,0.0117,0.0200,-135932.2812,11425615,0.4650,-67916.14,2448.3877
11979774,1766754180,BTC,2500,2500,0.4722,-9.2067,0.0117,0.0000,-135932.3125,11425616,0.4650,-67916.16,2448.3877
11979775,1766754240,BTC,2500,2500,0.4722,-9.2067,0.0117,0.0000,-135932.3438,11425617,0.4650,-67916.17,2448.3877
11979776,1766754300,BTC,2500,2500,0.4722,-9.2067,0.0117,0.0000,-135932.3125,11425618,0.4650,-67916.16,2448.3877
11979777,1766754360,BTC,2500,2500,0.4722,-9.2067,0.0117,0.0000,-135932.3438,11425619,0.4650,-67916.17,2448.3877
11979778,1766754420,BTC,2500,2500,0.4722,-9.2067,0.0117,0.0000,-135932.3750,11425620,0.4650,-67916.19,2448.3877
11979779,1766754480,BTC,2500,2500,0.4722,-9.2067,0.0117,0.0000,-135932.4062,11425621,0.4650,-67916.20,2448.3877
11979780,1766754540,BTC,2500,2500,0.4722,-9.2067,0.0117,0.0000,-135932.4375,11425622,0.4650,-67916.22,2448.3877
11979781,1766754600,BTC,2500,2500,0.4722,-9.2067,0.0117,0.0000,-135932.4688,11425623,0.4650,-67916.23,2448.3877
11979782,1766754660,BTC,2500,2500,0.4722,-9.2067,0.0117,0.0200,-135932.4375,11425624,0.4650,-67916.22,2448.3877
11979783,1766754720,BTC,2500,2500,0.4722,-9.2067,0.0117,0.0200,-135932.4062,11425625,0.4650,-67916.20,2448.3877
11979784,1766754780,BTC,2500,2500,0.4722,-9.2067,0.0117,0.0200,-135932.3750,11425626,0.4650,-67916.19,2448.3877
11979785,1766754840,BTC,2500,2500,0.4722,-9.2067,0.0117,0.0200,-135932.3438,11425627,0.4650,-67916.17,2448.3877
11979786,1766754900,BTC,2500,2500,0.4722,-9.2067,0.0117,0.0200,-135932.3750,11425628,0.4650,-67916.19,2448.3877
11979787,1766754960,BTC,2500,2500,0.4722,-9.2067,0.0117,0.0200,-135932.3438,11425629,0.4650,-67916.17,2448.3877
11979788,1766755020,BTC,2500,2500,0.4722,-9.2067,0.0117,0.0200,-135932.3125,11425630,0.4650,-67916.16,2448.3877
11979789,1766755080,BTC,2500,2500,0.4722,-9.2067,0.0117,0.0200,-135932.2812,11425631,0.4650,-67916.14,2448.3877
11979790,1766755140,BTC,2500,2500,0.4722,-9.2067,0.0117,0.0200,-135932.2500,11425632,0.4650,-67916.12,2448.3877
11979791,1766755200,BTC,2500,2500,0.4722,-9.2067,0.0117,0.0000,-135932.2188,11425633,0.4650,-67916.11,2448.3877
11979792,1766755260,BTC,2500,2500,0.4722,-9.2067,0.0117,0.0000,-135932.1875,11425634,0.4650,-67916.09,2448.3877
11979793,1766755320,BTC,2500,2500,0.4722,-9.2067,0.0117,0.0200,-135932.2188,11425635,0.4650,-67916.11,2448.3877
11979794,1766755380,BTC,2500,2500,0.4722,-9.2067,0.0117,0.0000,-135932.2500,11425636,0.4650,-67916.12,2448.3877
11979795,1766755440,BTC,2500,2500,0.4722,-9.2067,0.0117,0.0000,-135932.2812,11425637,0.4650,-67916.14,2448.3877
11979796,1766755500,BTC,2500,2500,0.4722,-9.2067,0.0117,0.0000,-135932.3125,11425638,0.4650,-67916.16,2448.3877
11979797,1766755560,BTC,2500,2500,0.4722,-9.2067,0.0117,0.0000,-135932.3438,11425639,0.4650,-67916.17,2448.3877
11979798,1766755620,BTC,2500,2500,0.4722,-9.2067,0.0117,0.0000,-135932.3125,11425640,0.4650,-67916.16,2448.3877
11979799,1766755680,BTC,2500,2500,0.4722,-9.2067,0.0117,0.0000,-135932.2812,11425641,0.4650,-67916.14,2448.3877
11979800,1766755740,BTC,2500,2500,0.4722,-9.2067,0.0117,0.0000,-135932.2500,11425642,0.4650,-67916.12,2448.3877
11979801,1766755800,BTC,2500,2500,0.4722,-9.2067,0.0117,0.0000,-135932.2812,11425643,0.4650,-67916.14,2448.3877
11979802,1766755860,BTC,2500,2500,0.4722,-9.2067,0.0117,0.0000,-135932.2500,11425644,0.4650,-67916.12,2448.3877
11979803,1766755920,BTC,2500,2500,0.4722,-9.2067,0.0117,0.0000,-135932.2812,11425645,0.4650,-67916.14,2448.3877
11979804,1766755980,BTC,2500,2500,0.4722,-9.2067,0.0117,0.0000,-135932.3125,11425646,0.4650,-67916.16,2448.3877
11979805,1766756040,BTC,2500,2500,0.4722,-9.2067,0.0117,0.0000,-135932.3438,11425647,0.4650,-67916.17,2448.3877
11979806,1766756100,BTC,2500,2500,0.4722,-9.2067,0.0117,0.0000,-135932.3750,11425648,0.4650,-67916.19,2448.3877
11979807,1766756160,BTC,2500,2500,0.4722,-9.2067,0.0117,0.0000,-135932.4062,11425649,0.4650,-67916.20,2448.3877
11979808,1766756220,BTC,2500,2500,0.4722,-9.2067,0.0117,0.0000,-135932.4375,11425650,0.4650,-67916.22,2448.3877
11979809,1766756280,BTC,2500,2500,0.4722,-9.2067,0.0117,0.0200,-135932.4062,11425651,0.4650,-67916.20,2448.3877
11979810,1766756340,BTC,2500,2500,0.4722,-9.2067,0.0117,0.0200,-135932.3750,11425652,0.4650,-67916.19,2448.3877
11979811,1766756400,BTC,2500,2500,0.4722,-9.2067,0.0117,0.0200,-135932.3438,11425653,0.4650,-67916.17,2448.3877
11979812,1766756460,BTC,2500,2500,0.4722,-9.2067,0.0117,0.0200,-135932.3750,11425654,0.4650,-67916.19,2448.3877
11979813,1766756520,BTC,2500,2500,0.4722,-9.2067,0.0117,0.0200,-135932.4062,11425655,0.4650,-67916.20,2448.3877
11979814,1766756580,BTC,2500,2500,0.4722,-9.2067,0.0117,0.0000,-135932.3750,11425656,0.4650,-67916.19,2448.3877
11979815,1766756640,BTC,2500,2500,0.4722,-9.2067,0.0117,0.0000,-135932.4062,11425657,0.4650,-67916.20,2448.3877
11979816,1766756700,BTC,2500,2500,0.4722,-9.2067,0.0117,0.0000,-135932.4375,11425658,0.4650,-67916.22,2448.3877
11979817,1766756760,BTC,2500,2500,0.4722,-9.2067,0.0117,0.0000,-135932.4062,11425659,0.4650,-67916.20,2448.3877
11979818,1766756820,BTC,2500,2500,0.4722,-9.2067,0.0117,0.0000,-135932.4375,11425660,0.4650,-67916.22,2448.3877
11979819,1766756880,BTC,2500,2500,0.4722,-9.2067,0.0117,0.0000,-135932.4688,11425661,0.4650,-67916.23,2448.3877
11979820,1766756940,BTC,2500,2500,0.4722,-9.2067,0.0117,0.0000,-135932.5000,11425662,0.4650,-67916.25,2448.3877
11979821,1766757000,BTC,2500,2500,0.4722,-9.2067,0.0117,0.0000,-135932.4688,11425663,0.4650,-67916.23,2448.3877
11979822,1766757060,BTC,2500,2500,0.4722,-9.2067,0.0117,0.0000,-135932.4375,11425664,0.4650,-67916.22,2448.3877
11979823,1766757120,BTC,2500,2500,0.4722,-9.2067,0.0117,0.0000,-135932.4688,11425665,0.4650,-67916.23,2448.3877
11979824,1766757180,BTC,2500,2500,0.4722,-9.2067,0.0117,0.0000,-135932.5000,11425666,0.4650,-67916.25,2448.3877
11979825,1766757240,BTC,2500,2500,0.4722,-9.2067,0.0117,0.0000,-135932.4688,11425667,0.4650,-67916.23,2448.3877
11979826,1766757300,BTC,2500,2500,0.4722,-9.2067,0.0117,0.0000,-135932.5000,11425668,0.4650,-67916.25,2448.3877
11979827,1766757360,BTC,2500,2500,0.4722,-9.2067,0.0117,0.0000,-135932.5312,11425669,0.4650,-67916.27,2448.3877
11979828,1766757420,BTC,2500,2500,0.4722,-9.2067,0.0117,0.0000,-135932.5625,11425670,0.4650,-67916.28,2448.3877
11979829,1766757480,BTC,2500,2500,0.4722,-9.2067,0.0117,0.0000,-135932.5312,11425671,0.4650,-67916.27,2448.3877
11979830,1766757540,BTC,2500,2500,0.4722,-9.2067,0.0117,0.0000,-135932.5000,11425672,0.4650,-67916.25,2448.3877
11979831,1766757600,BTC,2500,2500,0.4722,-9.2067,0.0117,0.0000,-135932.4688,11425673,0.4650,-67916.23,2448.3877
11979832,1766757660,BTC,2500,2500,0.4722,-9.2067,0.0117,0.0000,-135932.4375,11425674,0.4650,-67916.22,2448.3877
11979833,1766757720,BTC,2500,2500,0.4722,-9.2067,0.0117,0.0000,-135932.4688,11425675,0.4650,-67916.23,2448.3877
11979834,1766757780,BTC,2500,2500,0.4722,-9.2067,0.0117,0.0000,-135932.5000,11425676,0.4650,-67916.25,2448.3877
11979835,1766757840,BTC,2500,2500,0.4722,-9.2067,0.0117,0.0000,-135932.5312,11425677,0.4650,-67916.27,2448.3877
11979836,1766757900,BTC,2500,2500,0.4722,-9.2067,0.0117,0.0000,-135932.5000,11425678,0.4650,-67916.25,2448.3877
11979837,1766757960,BTC,2500,2500,0.4722,-9.2067,0.0117,0.0000,-135932.5312,11425679,0.4650,-67916.27,2448.3877
11979838,1766758020,BTC,2500,2500,0.4722,-9.2067,0.0117,0.0000,-135932.5000,11425680,0.4650,-67916.25,2448.3877
11979839,1766758080,BTC,2500,2500,0.4722,-9.2067,0.0117,0.0000,-135932.4688,11425681,0.4650,-67916.23,2448.3877
11979840,1766758140,BTC,2500,2500,0.4722,-9.2067,0.0117,0.0000,-135932.4375,11425682,0.4650,-67916.22,2448.3877
11979841,1766758200,BTC,2500,2500,0.4722,-9.2067,0.0117,0.0000,-135932.4688,11425683,0.4650,-67916.23,2448.3877
11979842,1766758260,BTC,2500,2500,0.4722,-9.2067,0.0117,0.0000,-135932.5000,11425684,0.4650,-67916.25,2448.3877
11979843,1766758320,BTC,2500,2500,0.4722,-9.2067,0.0117,0.0000,-135932.5312,11425685,0.4650,-67916.27,2448.3877
11979844,1766758380,BTC,2500,2500,0.4722,-9.2067,0.0117,0.0000,-135932.5000,11425686,0.4650,-67916.25,2448.3877
11979845,1766758440,BTC,2500,2500,0.4722,-9.2067,0.0117,0.0000,-135932.5312,11425687,0.4650,-67916.27,2448.3877
11979846,1766758500,BTC,2500,2500,0.4722,-9.2067,0.0117,0.0000,-135932.5625,11425688,0.4650,-67916.28,2448.3877
11979847,1766758560,BTC,2500,2500,0.4722,-9.2067,0.0117,0.0000,-135932.5312,11425689,0.4650,-67916.27,2448.3877
11979848,1766758620,BTC,2500,2500,0.4722,-9.2067,0.0117,0.0000,-135932.5000,11425690,0.4650,-67916.25,2448.3877
11979849,1766758680,BTC,2500,2500,0.4722,-9.2067,0.0117,0.0000,-135932.4688,11425691,0.4650,-67916.23,2448.3877
11979850,1766758740,BTC,2500,2500,0.4722,-9.2067,0.0117,0.0000,-135932.5000,11425692,0.4650,-67916.25,2448.3877
11979851,1766758800,BTC,2500,2500,0.4722,-9.2067,0.0117,0.0000,-135932.5312,11425693,0.4650,-67916.27,2448.3877
11979852,1766758860,BTC,2500,2500,0.4722,-9.2067,0.0117,0.0000,-135932.5625,11425694,0.4650,-67916.28,2448.3877
11979853,1766758920,BTC,2500,2500,0.4722,-9.2067,0.0117,0.0000,-135932.5938,11425695,0.4650,-67916.30,2448.3877
11979854,1766758980,BTC,2500,2500,0.4722,-9.2067,0.0117,0.0200,-135932.5625,11425696,0.4650,-67916.28,2448.3877
11979855,1766759040,BTC,2500,2500,0.4722,-9.2067,0.0117,0.0000,-135932.5312,11425697,0.4650,-67916.27,2448.3877
11979856,1766759100,BTC,2500,2500,0.4722,-9.2067,0.0117,0.0000,-135932.5000,11425698,0.4650,-67916.25,2448.3877
11979857,1766759160,BTC,2500,2500,0.4722,-9.2067,0.0117,0.0000,-135932.4688,11425699,0.4650,-67916.23,2448.3877
11979858,1766759220,BTC,2500,2500,0.4722,-9.2067,0.0117,0.0000,-135932.5000,11425700,0.4650,-67916.25,2448.3877
11979859,1766759280,BTC,2500,2500,0.4722,-9.2067,0.0117,0.0000,-135932.5312,11425701,0.4650,-67916.27,2448.3877
11979860,1766759340,BTC,2500,2500,0.4722,-9.2067,0.0117,0.0000,-135932.5625,11425702,0.4650,-67916.28,2448.3877
11979861,1766759400,BTC,2500,2500,0.4722,-9.2067,0.0117,0.0200,-135932.5938,11425703,0.4650,-67916.30,2448.3877
11979862,1766759460,BTC,2500,2500,0.4722,-9.2067,0.0117,0.0000,-135932.6250,11425704,0.4650,-67916.31,2448.3877
11979863,1766759520,BTC,2500,2500,0.4722,-9.2067,0.0117,0.0000,-135932.6562,11425705,0.4650,-67916.33,2448.3877
11979864,1766759580,BTC,2500,2500,0.4722,-9.2067,0.0117,0.0000,-135932.6250,11425706,0.4650,-67916.31,2448.3877
11979865,1766759640,BTC,2500,2500,0.4722,-9.2067,0.0117,0.0000,-135932.5938,11425707,0.4650,-67916.30,2448.3877
11979866,1766759700,BTC,2500,2500,0.4722,-9.2067,0.0117,0.0000,-135932.6250,11425708,0.4650,-67916.31,2448.3877
11979867,1766759760,BTC,2500,2500,0.4722,-9.2067,0.0117,0.0000,-135932.5938,11425709,0.4650,-67916.30,2448.3877
11979868,1766759820,BTC,2500,2500,0.4722,-9.2067,0.0117,0.0000,-135932.6250,11425710,0.4650,-67916.31,2448.3877
11979869,1766759880,BTC,2500,2500,0.4722,-9.2067,0.0117,0.0000,-135932.5938,11425711,0.4650,-67916.30,2448.3877
11979870,1766759940,BTC,2500,2500,0.4722,-9.2067,0.0117,0.0000,-135932.5625,11425712,0.4650,-67916.28,2448.3877
11979871,1766760000,BTC,2500,2500,0.4722,-9.2067,0.0117,0.0000,-135932.5312,11425713,0.4650,-67916.27,2448.3877
11979872,1766760060,BTC,2500,2500,0.4722,-9.2067,0.0117,0.0200,-135932.5625,11425714,0.4650,-67916.28,2448.3877
11979873,1766760120,BTC,2500,2500,0.4722,-9.2067,0.0117,0.0200,-135932.5938,11425715,0.4650,-67916.30,2448.3877
11979874,1766760180,BTC,2500,2500,0.4722,-9.2067,0.0117,0.0000,-135932.6250,11425716,0.4650,-67916.31,2448.3877
11979875,1766760240,BTC,2500,2500,0.4722,-9.2067,0.0117,0.0200,-135932.6562,11425717,0.4650,-67916.33,2448.3877
11979876,1766760300,BTC,2500,2500,0.4722,-9.2067,0.0117,0.0200,-135932.6875,11425718,0.4650,-67916.34,2448.3877
11979877,1766760360,BTC,2500,2500,0.4722,-9.2067,0.0117,0.0200,-135932.6562,11425719,0.4650,-67916.33,2448.3877
11979878,1766760420,BTC,2500,2500,0.4722,-9.2067,0.0117,0.0200,-135932.6875,11425720,0.4650,-67916.34,2448.3877
11979879,1766760480,BTC,2500,2500,0.4722,-9.2067,0.0117,0.0200,-135932.7188,11425721,0.4650,-67916.36,2448.3877
11979880,1766760540,BTC,2500,2500,0.4722,-9.2067,0.0117,0.0200,-135932.7500,11425722,0.4650,-67916.38,2448.3877
11979881,1766760600,BTC,2500,2500,0.4722,-9.2067,0.0117,0.0200,-135932.7812,11425723,0.4650,-67916.39,2448.3877
11979882,1766760660,BTC,2500,2500,0.4722,-9.2067,0.0117,0.0200,-135932.7500,11425724,0.4650,-67916.38,2448.3877
11979883,1766760720,BTC,2500,2500,0.4722,-9.2067,0.0117,0.0200,-135932.7188,11425725,0.4650,-67916.36,2448.3877
11979884,1766760780,BTC,2500,2500,0.4722,-9.2067,0.0117,0.0200,-135932.7500,11425726,0.4650,-67916.38,2448.3877
11979885,1766760840,BTC,2500,2500,0.4722,-9.2067,0.0117,0.0200,-135932.7812,11425727,0.4650,-67916.39,2448.3877
11979886,1766760900,BTC,2500,2500,0.4722,-9.2067,0.0117,0.0200,-135932.8125,11425728,0.4650,-67916.41,2448.3877
11979887,1766760960,BTC,2500,2500,0.4722,-9.2067,0.0117,0.0200,-135932.7812,11425729,0.4650,-67916.39,2448.3877
11979888,1766761020,BTC,2500,2500,0.4722,-9.2067,0.0117,0.0000,-135932.8125,11425730,0.4650,-67916.41,2448.3877
11979889,1766761080,BTC,2500,2500,0.4722,-9.2067,0.0117,0.0000,-135932.7812,11425731,0.4650,-67916.39,2448.3877
11979890,1766761140,BTC,2500,2500,0.4722,-9.2067,0.0117,0.0000,-135932.7500,11425732,0.4650,-67916.38,2448.3877
11979891,1766761200,BTC,2500,2500,0.4722,-9.2067,0.0117,0.0200,-135932.7812,11425733,0.4650,-67916.39,2448.3877
11979892,1766761260,BTC,2500,2500,0.4722,-9.2067,0.0117,0.0200,-135932.8125,11425734,0.4650,-67916.41,2448.3877
11979893,1766761320,BTC,2500,2500,0.4722,-9.2067,0.0117,0.0200,-135932.8438,11425735,0.4650,-67916.42,2448.3877
11979894,1766761380,BTC,2500,2500,0.4722,-9.2067,0.0117,0.0200,-135932.8125,11425736,0.4650,-67916.41,2448.3877
11979895,1766761440,BTC,2500,2500,0.4722,-9.2067,0.0117,0.0000,-135932.8438,11425737,0.4650,-67916.42,2448.3877
11979896,1766761500,BTC,2500,2500,0.4722,-9.2067,0.0117,0.0000,-135932.8125,11425738,0.4650,-67916.41,2448.3877
11979897,1766761560,BTC,2500,2500,0.4722,-9.2067,0.0117,0.0000,-135932.7812,11425739,0.4650,-67916.39,2448.3877
11979898,1766761620,BTC,2500,2500,0.4722,-9.2067,0.0117,0.0000,-135932.8125,11425740,0.4650,-67916.41,2448.3877
11979899,1766761680,BTC,2500,2500,0.4722,-9.2067,0.0117,0.0000,-135932.8438,11425741,0.4650,-67916.42,2448.3877
11979900,1766761740,BTC,2500,2500,0.4722,-9.2067,0.0117,0.0000,-135932.8750,11425742,0.4650,-67916.44,2448.3877
11979901,1766761800,BTC,2500,2500,0.4722,-9.2067,0.0117,0.0000,-135932.8438,11425743,0.4650,-67916.42,2448.3877
11979902,1766761860,BTC,2500,2500,0.4722,-9.2067,0.0117,0.0000,-135932.8125,11425744,0.4650,-67916.41,2448.3877
11979903,1766761920,BTC,2500,2500,0.4722,-9.2067,0.0117,0.0000,-135932.8438,11425745,0.4650,-67916.42,2448.3877
11979904,1766761980,BTC,2500,2500,0.4722,-9.2067,0.0117,0.0000,-135932.8750,11425746,0.4650,-67916.44,2448.3877
11979905,1766762040,BTC,2500,2500,0.4722,-9.2067,0.0117,0.0000,-135932.8438,11425747,0.4650,-67916.42,2448.3877
11979906,1766762100,BTC,2500,2500,0.4722,-9.2067,0.0117,0.0000,-135932.8125,11425748,0.4650,-67916.41,2448.3877
11979907,1766762160,BTC,2500,2500,0.4722,-9.2067,0.0117,0.0200,-135932.7812,11425749,0.4650,-67916.39,2448.3877
11979908,1766762220,BTC,2500,2500,0.4722,-9.2067,0.0117,0.0000,-135932.8125,11425750,0.4650,-67916.41,2448.3877
11979909,1766762280,BTC,2500,2500,0.4722,-9.2067,0.0117,0.0000,-135932.8438,11425751,0.4650,-67916.42,2448.3877
11979910,1766762340,BTC,2500,2500,0.4722,-9.2067,0.0117,0.0000,-135932.8125,11425752,0.4650,-67916.41,2448.3877
11979911,1766762400,BTC,2500,2500,0.4722,-9.2067,0.0117,0.0000,-135932.8438,11425753,0.4650,-67916.42,2448.3877
11979912,1766762460,BTC,2500,2500,0.4722,-9.2067,0.0117,0.0000,-135932.8750,11425754,0.4650,-67916.44,2448.3877
11979913,1766762520,BTC,2500,2500,0.4722,-9.2067,0.0117,0.0000,-135932.9062,11425755,0.4650,-67916.45,2448.3877
11979914,1766762580,BTC,2500,2500,0.4722,-9.2067,0.0117,0.0000,-135932.9375,11425756,0.4650,-67916.47,2448.3877
11979915,1766762640,BTC,2500,2500,0.4722,-9.2067,0.0117,0.0000,-135932.9062,11425757,0.4650,-67916.45,2448.3877
11979916,1766762700,BTC,2500,2500,0.4722,-9.2067,0.0117,0.0000,-135932.8750,11425758,0.4650,-67916.44,2448.3877
11979917,1766762760,BTC,2500,2500,0.4722,-9.2067,0.0117,0.0000,-135932.8438,11425759,0.4650,-67916.42,2448.3877
11979918,1766762820,BTC,2500,2500,0.4722,-9.2067,0.0117,0.0000,-135932.8750,11425760,0.4650,-67916.44,2448.3877
11979919,1766762880,BTC,2500,2500,0.4722,-9.2067,0.0117,0.0000,-135932.9062,11425761,0.4650,-67916.45,2448.3877
11979920,1766762940,BTC,2500,2500,0.4722,-9.2067,0.0117,0.0000,-135932.9375,11425762,0.4650,-67916.47,2448.3877
11979921,1766763000,BTC,2500,2500,0.4722,-9.2067,0.0117,0.0000,-135932.9688,11425763,0.4650,-67916.48,2448.3877
11979922,1766763060,BTC,2500,2500,0.4722,-9.2067,0.0117,0.0000,-135933.0000,11425764,0.4650,-67916.50,2448.3877
11979923,1766763120,BTC,2500,2500,0.4722,-9.2067,0.0117,0.0000,-135932.9688,11425765,0.4650,-67916.48,2448.3877
11979924,1766763180,BTC,2500,2500,0.4722,-9.2067,0.0117,0.0000,-135933.0000,11425766,0.4650,-67916.50,2448.3877
11979925,1766763240,BTC,2500,2500,0.4722,-9.2067,0.0117,0.0000,-135932.9688,11425767,0.4650,-67916.48,2448.3877
11979926,1766763300,BTC,2500,2500,0.4722,-9.2067,0.0117,0.0000,-135932.9375,11425768,0.4650,-67916.47,2448.3877
11979927,1766763360,BTC,2500,2500,0.4722,-9.2067,0.0117,0.0000,-135932.9062,11425769,0.4650,-67916.45,2448.3877
11979928,1766763420,BTC,2500,2500,0.4722,-9.2067,0.0117,0.0000,-135932.9375,11425770,0.4650,-67916.47,2448.3877
11979929,1766763480,BTC,2500,2500,0.4722,-9.2067,0.0117,0.0000,-135932.9062,11425771,0.4650,-67916.45,2448.3877
11979930,1766763540,BTC,2500,2500,0.4722,-9.2067,0.0117,0.0000,-135932.8750,11425772,0.4650,-67916.44,2448.3877
11979931,1766763600,BTC,2500,2500,0.4722,-9.2067,0.0117,0.0000,-135932.8438,11425773,0.4650,-67916.42,2448.3877
11979932,1766763660,BTC,2500,2500,0.4722,-9.2067,0.0117,0.0000,-135932.8125,11425774,0.4650,-67916.41,2448.3877
11979933,1766763720,BTC,2500,2500,0.4722,-9.2067,0.0117,0.0200,-135932.8438,11425775,0.4650,-67916.42,2448.3877
11979934,1766763780,BTC,2500,2500,0.4722,-9.2067,0.0117,0.0200,-135932.8750,11425776,0.4650,-67916.44,2448.3877
11979935,1766763840,BTC,2500,2500,0.4722,-9.2067,0.0117,0.0000,-135932.9062,11425777,0.4650,-67916.45,2448.3877
11979936,1766763900,BTC,2500,2500,0.4722,-9.2067,0.0117,0.0000,-135932.8750,11425778,0.4650,-67916.44,2448.3877
11979937,1766763960,BTC,2500,2500,0.4722,-9.2067,0.0117,0.0000,-135932.9062,11425779,0.4650,-67916.45,2448.3877
11979938,1766764020,BTC,2500,2500,0.4722,-9.2067,0.0117,0.0000,-135932.9375,11425780,0.4650,-67916.47,2448.3877
11979939,1766764080,BTC,2500,2500,0.4722,-9.2067,0.0117,0.0000,-135932.9062,11425781,0.4650,-67916.45,2448.3877
11979940,1766764140,BTC,2500,2500,0.4722,-9.2067,0.0117,0.0000,-135932.9375,11425782,0.4650,-67916.47,2448.3877
11979941,1766764200,BTC,2500,2500,0.4722,-9.2067,0.0117,0.0000,-135932.9062,11425783,0.4650,-67916.45,2448.3877
11979942,1766764260,BTC,2500,2500,0.4722,-9.2067,0.0117,0.0000,-135932.9375,11425784,0.4650,-67916.47,2448.3877
11979943,1766764320,BTC,2500,2500,0.4722,-9.2067,0.0117,0.0000,-135932.9062,11425785,0.4650,-67916.45,2448.3877
11979944,1766764380,BTC,2500,2500,0.4722,-9.2067,0.0117,0.0000,-135932.9375,11425786,0.4650,-67916.47,2448.3877
11979945,1766764440,BTC,2500,2500,0.4722,-9.2067,0.0117,0.0000,-135932.9062,11425787,0.4650,-67916.45,2448.3877
11979946,1766764500,BTC,2500,2500,0.4722,-9.2067,0.0117,0.0000,-135932.8750,11425788,0.4650,-67916.44,2448.3877
11979947,1766764560,BTC,2500,2500,0.4722,-9.2067,0.0117,0.0000,-135932.9062,11425789,0.4650,-67916.45,2448.3877
11979948,1766764620,BTC,2500,2500,0.4722,-9.2067,0.0117,0.0000,-135932.9375,11425790,0.4650,-67916.47,2448.3877
11979949,1766764680,BTC,2500,2500,0.4722,-9.2067,0.0117,0.0000,-135932.9688,11425791,0.4650,-67916.48,2448.3877
11979950,1766764740,BTC,2500,2500,0.4722,-9.2067,0.0117,0.0000,-135933.0000,11425792,0.4650,-67916.50,2448.3877
11979951,1766764800,BTC,2500,2500,0.4722,-9.2067,0.0117,0.0000,-135933.0312,11425793,0.4650,-67916.52,2448.3877
11979952,1766764860,BTC,2500,2500,0.4722,-9.2067,0.0117,0.0200,-135933.0000,11425794,0.4650,-67916.50,2448.3877
11979953,1766764920,BTC,2500,2500,0.4722,-9.2067,0.0117,0.0000,-135932.9688,11425795,0.4650,-67916.48,2448.3877
11979954,1766764980,BTC,2500,2500,0.4722,-9.2067,0.0117,0.0000,-135933.0000,11425796,0.4650,-67916.50,2448.3877
11979955,1766765040,BTC,2500,2500,0.4722,-9.2067,0.0117,0.0000,-135933.0312,11425797,0.4650,-67916.52,2448.3877
11979956,1766765100,BTC,2500,2500,0.4722,-9.2067,0.0117,0.0000,-135933.0000,11425798,0.4650,-67916.50,2448.3877
11979957,1766765160,BTC,2500,2500,0.4722,-9.2067,0.0117,0.0000,-135933.0312,11425799,0.4650,-67916.52,2448.3877
11979958,1766765220,BTC,2500,2500,0.4722,-9.2067,0.0117,0.0000,-135933.0625,11425800,0.4650,-67916.53,2448.3877
11979959,1766765280,BTC,2500,2500,0.4722,-9.2067,0.0117,0.0000,-135933.0312,11425801,0.4650,-67916.52,2448.3877
11979960,1766765340,BTC,2500,2500,0.4722,-9.2067,0.0117,0.0000,-135933.0625,11425802,0.4650,-67916.53,2448.3877
11979961,1766765400,BTC,2500,2500,0.4722,-9.2067,0.0117,0.0000,-135933.0312,11425803,0.4650,-67916.52,2448.3877
11979962,1766765460,BTC,2500,2500,0.4722,-9.2067,0.0117,0.0000,-135933.0000,11425804,0.4650,-67916.50,2448.3877
11979963,1766765520,BTC,2500,2500,0.4722,-9.2067,0.0117,0.0000,-135932.9688,11425805,0.4650,-67916.48,2448.3877
11979964,1766765580,BTC,2500,2500,0.4722,-9.2067,0.0117,0.0000,-135933.0000,11425806,0.4650,-67916.50,2448.3877
11979965,1766765640,BTC,2500,2500,0.4722,-9.2067,0.0117,0.0000,-135932.9688,11425807,0.4650,-67916.48,2448.3877
11979966,1766765700,BTC,2500,2500,0.4722,-9.2067,0.0117,0.0000,-135933.0000,11425808,0.4650,-67916.50,2448.3877
11979967,1766765760,BTC,2500,2500,0.4722,-9.2067,0.0117,0.0000,-135933.0312,11425809,0.4650,-67916.52,2448.3877
11979968,1766765820,BTC,2500,2500,0.4722,-9.2067,0.0117,0.0000,-135933.0625,11425810,0.4650,-67916.53,2448.3877
11979969,1766765880,BTC,2500,2500,0.4722,-9.2067,0.0117,0.0000,-135933.0312,11425811,0.4650,-67916.52,2448.3877
11979970,1766765940,BTC,2500,2500,0.4722,-9.2067,0.0117,0.0000,-135933.0625,11425812,0.4650,-67916.53,2448.3877
11979971,1766766000,BTC,2500,2500,0.4722,-9.2067,0.0117,0.0000,-135933.0938,11425813,0.4650,-67916.55,2448.3877
11979972,1766766060,BTC,2500,2500,0.4722,-9.2067,0.0117,0.0000,-135933.0625,11425814,0.4650,-67916.53,2448.3877
11979973,1766766120,BTC,2500,2500,0.4722,-9.2067,0.0117,0.0000,-135933.0312,11425815,0.4650,-67916.52,2448.3877
11979974,1766766180,BTC,2500,2500,0.4722,-9.2067,0.0117,0.0200,-135933.0000,11425816,0.4650,-67916.50,2448.3877
11979975,1766766240,BTC,2500,2500,0.4722,-9.2067,0.0117,0.0000,-135932.9688,11425817,0.4650,-67916.48,2448.3877
11979976,1766766300,BTC,2500,2500,0.4722,-9.2067,0.0117,0.0000,-135932.9375,11425818,0.4650,-67916.47,2448.3877
11979977,1766766360,BTC,2500,2500,0.4722,-9.2067,0.0117,0.0000,-135932.9688,11425819,0.4650,-67916.48,2448.3877
11979978,1766766420,BTC,2500,2500,0.4722,-9.2067,0.0117,0.0000,-135932.9375,11425820,0.4650,-67916.47,2448.3877
11979979,1766766480,BTC,2500,2500,0.4722,-9.2067,0.0117,0.0000,-135932.9688,11425821,0.4650,-67916.48,2448.3877
11979980,1766766540,BTC,2500,2500,0.4722,-9.2067,0.0117,0.0000,-135933.0000,11425822,0.4650,-67916.50,2448.3877
11979981,1766766600,BTC,2500,2500,0.4722,-9.2067,0.0117,0.0000,-135933.0312,11425823,0.4650,-67916.52,2448.3877
11979982,1766766660,BTC,2500,2500,0.4722,-9.2067,0.0117,0.0000,-135933.0000,11425824,0.4650,-67916.50,2448.3877
11979983,1766766720,BTC,2500,2500,0.4722,-9.2067,0.0117,0.0000,-135932.9688,11425825,0.4650,-67916.48,2448.3877
11979984,1766766780,BTC,2500,2500,0.4722,-9.2067,0.0117,0.0000,-135932.9375,11425826,0.4650,-67916.47,2448.3877
11979985,1766766840,BTC,2500,2500,0.4722,-9.2067,0.0117,0.0000,-135932.9688,11425827,0.4650,-67916.48,2448.3877
11979986,1766766900,BTC,2500,2500,0.4722,-9.2067,0.0117,0.0000,-135933.0000,11425828,0.4650,-67916.50,2448.3877
11979987,1766766960,BTC,2500,2500,0.4722,-9.2067,0.0117,0.0000,-135933.0312,11425829,0.4650,-67916.52,2448.3877
11979988,1766767020,BTC,2500,2500,0.4722,-9.2067,0.0117,0.0000,-135933.0625,11425830,0.4650,-67916.53,2448.3877
11979989,1766767080,BTC,2500,2500,0.4722,-9.2067,0.0117,0.0000,-135933.0312,11425831,0.4650,-67916.52,2448.3877
11979990,1766767140,BTC,2500,2500,0.4722,-9.2067,0.0117,0.0000,-135933.0000,11425832,0.4650,-67916.50,2448.3877
11979991,1766767200,BTC,2500,2500,0.4722,-9.2067,0.0117,0.0000,-135933.0312,11425833,0.4650,-67916.52,2448.3877
11979992,1766767260,BTC,2500,2500,0.4722,-9.2067,0.0117,0.0000,-135933.0625,11425834,0.4650,-67916.53,2448.3877
11979993,1766767320,BTC,2500,2500,0.4722,-9.2067,0.0117,0.0000,-135933.0312,11425835,0.4650,-67916.52,2448.3877
11979994,1766767380,BTC,2500,2500,0.4722,-9.2067,0.0117,0.0000,-135933.0625,11425836,0.4650,-67916.53,2448.3877
11979995,1766767440,BTC,2500,2500,0.4722,-9.2067,0.0117,0.0000,-135933.0312,11425837,0.4650,-67916.52,2448.3877
11979996,1766767500,BTC,2500,2500,0.4722,-9.2067,0.0117,0.0000,-135933.0000,11425838,0.4650,-67916.50,2448.3877
11979997,1766767560,BTC,2500,2500,0.4722,-9.2067,0.0117,0.0000,-135933.0312,11425839,0.4650,-67916.52,2448.3877
11979998,1766767620,BTC,2500,2500,0.4722,-9.2067,0.0117,0.0000,-135933.0000,11425840,0.4650,-67916.50,2448.3877
11979999,1766767680,BTC,2500,2500,0.4722,-9.2067,0.0117,0.0000,-135933.0312,11425841,0.4650,-67916.52,2448.3877
11980000,1766767740,BTC,2500,2500,0.4722,-9.2067,0.0117,0.0000,-135933.0625,11425842,0.4650,-67916.53,2448.3877
11980001,1766767800,BTC,2500,2500,0.4722,-9.2067,0.0117,0.0000,-135933.0312,11425843,0.4650,-67916.52,2448.3877
11980002,1766767860,BTC,2500,2500,0.4722,-9.2067,0.0117,0.0000,-135933.0000,11425844,0.4650,-67916.50,2448.3877
11980003,1766767920,BTC,2500,2500,0.4722,-9.2067,0.0117,0.0200,-135933.0312,11425845,0.4650,-67916.52,2448.3877
11980004,1766767980,BTC,2500,2500,0.4722,-9.2067,0.0117,0.0000,-135933.0625,11425846,0.4650,-67916.53,2448.3877
11980005,1766768040,BTC,2500,2500,0.4722,-9.2067,0.0117,0.0000,-135933.0312,11425847,0.4650,-67916.52,2448.3877
11980006,1766768100,BTC,2500,2500,0.4722,-9.2067,0.0117,0.0000,-135933.0000,11425848,0.4650,-67916.50,2448.3877
11980007,1766768160,BTC,2500,2500,0.4722,-9.2067,0.0117,0.0000,-135932.9688,11425849,0.4650,-67916.48,2448.3877
11980008,1766768220,BTC,2500,2500,0.4722,-9.2067,0.0117,0.0200,-135933.0000,11425850,0.4650,-67916.50,2448.3877
11980009,1766768280,BTC,2500,2500,0.4722,-9.2067,0.0117,0.0200,-135933.0312,11425851,0.4650,-67916.52,2448.3877
11980010,1766768340,BTC,2500,2500,0.4722,-9.2067,0.0117,0.0200,-135933.0625,11425852,0.4650,-67916.53,2448.3877
11980011,1766768400,BTC,2500,2500,0.4722,-9.2067,0.0117,0.0000,-135933.0938,11425853,0.4650,-67916.55,2448.3877
cycle,window_ts,asset,votes,active,win_rate,sharpe,dd_pct,consensus_spread,room_pnl_pct,room_trades,room_wr,room_cap,slippage$
11980012,1766768460,BTC,2500,2500,0.4722,-9.2067,0.0117,0.0000,-135933.1250,11425854,0.4650,-67916.56,2448.3877
11980013,1766768520,BTC,2500,2500,0.4722,-9.2067,0.0117,0.0000,-135933.1562,11425855,0.4650,-67916.58,2448.3877
11980014,1766768580,BTC,2500,2500,0.4722,-9.2067,0.0117,0.0000,-135933.1875,11425856,0.4650,-67916.59,2448.3877
11980015,1766768640,BTC,2500,2500,0.4722,-9.2067,0.0117,0.0000,-135933.1562,11425857,0.4650,-67916.58,2448.3877
11980016,1766768700,BTC,2500,2500,0.4722,-9.2067,0.0117,0.0000,-135933.1875,11425858,0.4650,-67916.59,2448.3877
11980017,1766768760,BTC,2500,2500,0.4722,-9.2067,0.0117,0.0000,-135933.2188,11425859,0.4650,-67916.61,2448.3877
11980018,1766768820,BTC,2500,2500,0.4722,-9.2067,0.0117,0.0000,-135933.1875,11425860,0.4650,-67916.59,2448.3877
11980019,1766768880,BTC,2500,2500,0.4722,-9.2067,0.0117,0.0000,-135933.1562,11425861,0.4650,-67916.58,2448.3877
11980020,1766768940,BTC,2500,2500,0.4722,-9.2067,0.0117,0.0000,-135933.1875,11425862,0.4650,-67916.59,2448.3877
11980021,1766769000,BTC,2500,2500,0.4722,-9.2067,0.0117,0.0000,-135933.1562,11425863,0.4650,-67916.58,2448.3877
11980022,1766769060,BTC,2500,2500,0.4722,-9.2067,0.0117,0.0000,-135933.1875,11425864,0.4650,-67916.59,2448.3877
11980023,1766769120,BTC,2500,2500,0.4722,-9.2067,0.0117,0.0000,-135933.2188,11425865,0.4650,-67916.61,2448.3877
11980024,1766769180,BTC,2500,2500,0.4722,-9.2067,0.0117,0.0000,-135933.2500,11425866,0.4650,-67916.62,2448.3877
11980025,1766769240,BTC,2500,2500,0.4722,-9.2067,0.0117,0.0000,-135933.2188,11425867,0.4650,-67916.61,2448.3877
11980026,1766769300,BTC,2500,2500,0.4722,-9.2067,0.0117,0.0000,-135933.2500,11425868,0.4650,-67916.62,2448.3877
11980027,1766769360,BTC,2500,2500,0.4722,-9.2067,0.0117,0.0000,-135933.2188,11425869,0.4650,-67916.61,2448.3877
11980028,1766769420,BTC,2500,2500,0.4722,-9.2067,0.0117,0.0000,-135933.1875,11425870,0.4650,-67916.59,2448.3877
11980029,1766769480,BTC,2500,2500,0.4722,-9.2067,0.0117,0.0000,-135933.2188,11425871,0.4650,-67916.61,2448.3877
11980030,1766769540,BTC,2500,2500,0.4722,-9.2067,0.0117,0.0000,-135933.1875,11425872,0.4650,-67916.59,2448.3877
11980031,1766769600,BTC,2500,2500,0.4722,-9.2067,0.0117,0.0000,-135933.1562,11425873,0.4650,-67916.58,2448.3877
11980032,1766769660,BTC,2500,2500,0.4722,-9.2067,0.0117,0.0000,-135933.1875,11425874,0.4650,-67916.59,2448.3877
11980033,1766769720,BTC,2500,2500,0.4722,-9.2067,0.0117,0.0000,-135933.1562,11425875,0.4650,-67916.58,2448.3877
11980034,1766769780,BTC,2500,2500,0.4722,-9.2067,0.0117,0.0000,-135933.1875,11425876,0.4650,-67916.59,2448.3877
11980035,1766769840,BTC,2500,2500,0.4722,-9.2067,0.0117,0.0000,-135933.1562,11425877,0.4650,-67916.58,2448.3877
11980036,1766769900,BTC,2500,2500,0.4722,-9.2067,0.0117,0.0000,-135933.1875,11425878,0.4650,-67916.59,2448.3877
11980037,1766769960,BTC,2500,2500,0.4722,-9.2067,0.0117,0.0000,-135933.2188,11425879,0.4650,-67916.61,2448.3877
11980038,1766770020,BTC,2500,2500,0.4722,-9.2067,0.0117,0.0000,-135933.2500,11425880,0.4650,-67916.62,2448.3877
11980039,1766770080,BTC,2500,2500,0.4722,-9.2067,0.0117,0.0200,-135933.2188,11425881,0.4650,-67916.61,2448.3877
11980040,1766770140,BTC,2500,2500,0.4722,-9.2067,0.0117,0.0200,-135933.1875,11425882,0.4650,-67916.59,2448.3877
11980041,1766770200,BTC,2500,2500,0.4722,-9.2067,0.0117,0.0200,-135933.1562,11425883,0.4650,-67916.58,2448.3877
11980042,1766770260,BTC,2500,2500,0.4722,-9.2067,0.0117,0.0200,-135933.1875,11425884,0.4650,-67916.59,2448.3877
11980043,1766770320,BTC,2500,2500,0.4722,-9.2067,0.0117,0.0200,-135933.1562,11425885,0.4650,-67916.58,2448.3877
11980044,1766770380,BTC,2500,2500,0.4722,-9.2067,0.0117,0.0200,-135933.1250,11425886,0.4650,-67916.56,2448.3877
11980045,1766770440,BTC,2500,2500,0.4722,-9.2067,0.0117,0.0000,-135933.0938,11425887,0.4650,-67916.55,2448.3877
11980046,1766770500,BTC,2500,2500,0.4722,-9.2067,0.0117,0.0000,-135933.0625,11425888,0.4650,-67916.53,2448.3877
11980047,1766770560,BTC,2500,2500,0.4722,-9.2067,0.0117,0.0000,-135933.0938,11425889,0.4650,-67916.55,2448.3877
11980048,1766770620,BTC,2500,2500,0.4722,-9.2067,0.0117,0.0000,-135933.0625,11425890,0.4650,-67916.53,2448.3877
11980049,1766770680,BTC,2500,2500,0.4722,-9.2067,0.0117,0.0000,-135933.0938,11425891,0.4650,-67916.55,2448.3877
11980050,1766770740,BTC,2500,2500,0.4722,-9.2067,0.0117,0.0000,-135933.1250,11425892,0.4650,-67916.56,2448.3877
11980051,1766770800,BTC,2500,2500,0.4722,-9.2067,0.0117,0.0000,-135933.0938,11425893,0.4650,-67916.55,2448.3877
11980052,1766770860,BTC,2500,2500,0.4722,-9.2067,0.0117,0.0000,-135933.1250,11425894,0.4650,-67916.56,2448.3877
11980053,1766770920,BTC,2500,2500,0.4722,-9.2067,0.0117,0.0000,-135933.0938,11425895,0.4650,-67916.55,2448.3877
11980054,1766770980,BTC,2500,2500,0.4722,-9.2067,0.0117,0.0000,-135933.0625,11425896,0.4650,-67916.53,2448.3877
11980055,1766771040,BTC,2500,2500,0.4722,-9.2067,0.0117,0.0000,-135933.0312,11425897,0.4650,-67916.52,2448.3877
11980056,1766771100,BTC,2500,2500,0.4722,-9.2067,0.0117,0.0000,-135933.0000,11425898,0.4650,-67916.50,2448.3877
11980057,1766771160,BTC,2500,2500,0.4722,-9.2067,0.0117,0.0000,-135933.0312,11425899,0.4650,-67916.52,2448.3877
11980058,1766771220,BTC,2500,2500,0.4722,-9.2067,0.0117,0.0000,-135933.0000,11425900,0.4650,-67916.50,2448.3877
11980059,1766771280,BTC,2500,2500,0.4722,-9.2067,0.0117,0.0000,-135933.0312,11425901,0.4650,-67916.52,2448.3877
11980060,1766771340,BTC,2500,2500,0.4722,-9.2067,0.0117,0.0000,-135933.0625,11425902,0.4650,-67916.53,2448.3877
11980061,1766771400,BTC,2500,2500,0.4722,-9.2067,0.0117,0.0000,-135933.0312,11425903,0.4650,-67916.52,2448.3877
11980062,1766771460,BTC,2500,2500,0.4722,-9.2067,0.0117,0.0000,-135933.0000,11425904,0.4650,-67916.50,2448.3877
11980063,1766771520,BTC,2500,2500,0.4722,-9.2067,0.0117,0.0000,-135932.9688,11425905,0.4650,-67916.48,2448.3877
11980064,1766771580,BTC,2500,2500,0.4722,-9.2067,0.0117,0.0000,-135932.9375,11425906,0.4650,-67916.47,2448.3877
11980065,1766771640,BTC,2500,2500,0.4722,-9.2067,0.0117,0.0000,-135932.9688,11425907,0.4650,-67916.48,2448.3877
11980066,1766771700,BTC,2500,2500,0.4722,-9.2067,0.0117,0.0000,-135933.0000,11425908,0.4650,-67916.50,2448.3877
11980067,1766771760,BTC,2500,2500,0.4722,-9.2067,0.0117,0.0000,-135932.9688,11425909,0.4650,-67916.48,2448.3877
11980068,1766771820,BTC,2500,2500,0.4722,-9.2067,0.0117,0.0000,-135933.0000,11425910,0.4650,-67916.50,2448.3877
