321777,1755803880,BTC,2500,2500,0.4957,-82.5604,0.0063,0.3273,-3995.9866,306030,0.4549,-1947.99,590.8349
321778,1755803940,BTC,2500,2500,0.4957,-82.5604,0.0063,0.3273,-3995.9668,306031,0.4549,-1947.98,590.8349
321779,1755804000,BTC,2500,2500,0.4957,-82.5604,0.0063,0.3273,-3995.9465,306032,0.4549,-1947.97,590.8349
321780,1755804060,BTC,2500,2500,0.4957,-82.5604,0.0063,0.3273,-3995.9268,306033,0.4549,-1947.96,590.8349
321781,1755804120,BTC,2500,2500,0.4957,-82.5604,0.0063,0.5000,-3995.9668,306034,0.4549,-1947.98,590.8349
321782,1755804180,BTC,2500,2500,0.4957,-82.5604,0.0063,0.5000,-3996.0068,306035,0.4549,-1948.00,590.8349
321783,1755804240,BTC,2500,2500,0.4957,-82.5604,0.0063,0.5000,-3996.0464,306036,0.4549,-1948.02,590.8349
321784,1755804300,BTC,2500,2500,0.4957,-82.5604,0.0063,0.3273,-3996.0864,306037,0.4549,-1948.04,590.8349
321785,1755804360,BTC,2500,2500,0.4957,-82.5604,0.0063,0.5000,-3996.1265,306038,0.4548,-1948.06,590.8349
321786,1755804420,BTC,2500,2500,0.4957,-82.5604,0.0063,0.5000,-3996.1665,306039,0.4548,-1948.08,590.8349
321787,1755804480,BTC,2500,2500,0.4957,-82.5604,0.0063,0.3273,-3996.2065,306040,0.4548,-1948.10,590.8349
321788,1755804540,BTC,2500,2500,0.4957,-82.5604,0.0063,0.3273,-3996.2468,306041,0.4548,-1948.12,590.8349
321789,1755804600,BTC,2500,2500,0.4957,-82.5604,0.0063,0.3273,-3996.2268,306042,0.4548,-1948.11,590.8349
321790,1755804660,BTC,2500,2500,0.4957,-82.5604,0.0063,0.3273,-3996.2668,306043,0.4548,-1948.13,590.8349
321791,1755804720,BTC,2500,2500,0.4957,-82.5604,0.0063,0.3273,-3996.2468,306044,0.4548,-1948.12,590.8349
321792,1755804780,BTC,2500,2500,0.4957,-82.5604,0.0063,0.3273,-3996.2268,306045,0.4548,-1948.11,590.8349
321793,1755804840,BTC,2500,2500,0.4957,-82.5604,0.0063,0.5000,-3996.2668,306046,0.4548,-1948.13,590.8349
321794,1755804900,BTC,2500,2500,0.4957,-82.5604,0.0063,0.5000,-3996.3069,306047,0.4548,-1948.15,590.8349
321795,1755804960,BTC,2500,2500,0.4957,-82.5604,0.0063,0.5000,-3996.3472,306048,0.4548,-1948.17,590.8349
321796,1755805020,BTC,2500,2500,0.4957,-82.5604,0.0063,0.5000,-3996.3872,306049,0.4548,-1948.19,590.8349
321797,1755805080,BTC,2500,2500,0.4957,-82.5604,0.0063,0.5000,-3996.3669,306050,0.4548,-1948.18,590.8349
321798,1755805140,BTC,2500,2500,0.4957,-82.5604,0.0063,0.3273,-3996.4070,306051,0.4548,-1948.20,590.8349
321799,1755805200,BTC,2500,2500,0.4957,-82.5604,0.0063,0.3273,-3996.3872,306052,0.4548,-1948.19,590.8349
321800,1755805260,BTC,2500,2500,0.4957,-82.5604,0.0063,0.3273,-3996.4272,306053,0.4548,-1948.21,590.8349
321801,1755805320,BTC,2500,2500,0.4957,-82.5604,0.0063,0.3273,-3996.4070,306054,0.4548,-1948.20,590.8349
321802,1755805380,BTC,2500,2500,0.4957,-82.5604,0.0063,0.3273,-3996.4470,306055,0.4548,-1948.22,590.8349
321803,1755805440,BTC,2500,2500,0.4957,-82.5604,0.0063,0.3273,-3996.4272,306056,0.4548,-1948.21,590.8349
321804,1755805500,BTC,2500,2500,0.4957,-82.5604,0.0063,0.3273,-3996.4070,306057,0.4548,-1948.20,590.8349
321805,1755805560,BTC,2500,2500,0.4957,-82.5604,0.0063,0.3273,-3996.3872,306058,0.4548,-1948.19,590.8349
321806,1755805620,BTC,2500,2500,0.4957,-82.5604,0.0063,0.3273,-3996.4272,306059,0.4548,-1948.21,590.8349
321807,1755805680,BTC,2500,2500,0.4957,-82.5604,0.0063,0.3273,-3996.4673,306060,0.4548,-1948.23,590.8349
321808,1755805740,BTC,2500,2500,0.4957,-82.5604,0.0063,0.3273,-3996.5073,306061,0.4548,-1948.25,590.8349
321809,1755805800,BTC,2500,2500,0.4957,-82.5604,0.0063,0.3273,-3996.4871,306062,0.4548,-1948.24,590.8349
321810,1755805860,BTC,2500,2500,0.4957,-82.5604,0.0063,0.3273,-3996.5271,306063,0.4548,-1948.26,590.8349
321811,1755805920,BTC,2500,2500,0.4957,-82.5604,0.0063,0.3273,-3996.5073,306064,0.4548,-1948.25,590.8349
321812,1755805980,BTC,2500,2500,0.4957,-82.5604,0.0063,0.3273,-3996.4871,306065,0.4548,-1948.24,590.8349
321813,1755806040,BTC,2500,2500,0.4957,-82.5604,0.0063,0.3273,-3996.4673,306066,0.4548,-1948.23,590.8349
321814,1755806100,BTC,2500,2500,0.4957,-82.5604,0.0063,0.3273,-3996.5073,306067,0.4548,-1948.25,590.8349
321815,1755806160,BTC,2500,2500,0.4957,-82.5604,0.0063,0.3273,-3996.5469,306068,0.4548,-1948.27,590.8349
321816,1755806220,BTC,2500,2500,0.4957,-82.5604,0.0063,0.3273,-3996.5869,306069,0.4548,-1948.29,590.8349
321817,1755806280,BTC,2500,2500,0.4957,-82.5604,0.0063,0.3273,-3996.5671,306070,0.4548,-1948.28,590.8349
321818,1755806340,BTC,2500,2500,0.4957,-82.5604,0.0063,0.3273,-3996.6072,306071,0.4548,-1948.30,590.8349
321819,1755806400,BTC,2500,2500,0.4957,-82.5604,0.0063,0.3273,-3996.6472,306072,0.4548,-1948.32,590.8349
321820,1755806460,BTC,2500,2500,0.4957,-82.5604,0.0063,0.3273,-3996.6270,306073,0.4548,-1948.31,590.8349
321821,1755806520,BTC,2500,2500,0.4957,-82.5604,0.0063,0.3273,-3996.6670,306074,0.4548,-1948.33,590.8349
321822,1755806580,BTC,2500,2500,0.4957,-82.5604,0.0063,0.3273,-3996.6472,306075,0.4548,-1948.32,590.8349
321823,1755806640,BTC,2500,2500,0.4957,-82.5604,0.0063,0.3273,-3996.6873,306076,0.4548,-1948.34,590.8349
321824,1755806700,BTC,2500,2500,0.4957,-82.5604,0.0063,0.3273,-3996.7273,306077,0.4548,-1948.36,590.8349
321825,1755806760,BTC,2500,2500,0.4957,-82.5604,0.0063,0.3273,-3996.7673,306078,0.4548,-1948.38,590.8349
321826,1755806820,BTC,2500,2500,0.4957,-82.5604,0.0063,0.3273,-3996.7473,306079,0.4548,-1948.37,590.8349
321827,1755806880,BTC,2500,2500,0.4957,-82.5604,0.0063,0.3273,-3996.7273,306080,0.4548,-1948.36,590.8349
321828,1755806940,BTC,2500,2500,0.4957,-82.5604,0.0063,0.3273,-3996.7673,306081,0.4548,-1948.38,590.8349
321829,1755807000,BTC,2500,2500,0.4957,-82.5604,0.0063,0.3273,-3996.8074,306082,0.4548,-1948.40,590.8349
321830,1755807060,BTC,2500,2500,0.4957,-82.5604,0.0063,0.3273,-3996.7874,306083,0.4548,-1948.39,590.8349
321831,1755807120,BTC,2500,2500,0.4957,-82.5604,0.0063,0.3273,-3996.7673,306084,0.4548,-1948.38,590.8349
321832,1755807180,BTC,2500,2500,0.4957,-82.5604,0.0063,0.3273,-3996.8074,306085,0.4548,-1948.40,590.8349
321833,1755807240,BTC,2500,2500,0.4957,-82.5604,0.0063,0.3273,-3996.7874,306086,0.4548,-1948.39,590.8349
321834,1755807300,BTC,2500,2500,0.4957,-82.5604,0.0063,0.3273,-3996.8274,306087,0.4548,-1948.41,590.8349
321835,1755807360,BTC,2500,2500,0.4957,-82.5604,0.0063,0.3273,-3996.8074,306088,0.4548,-1948.40,590.8349
321836,1755807420,BTC,2500,2500,0.4957,-82.5604,0.0063,0.3273,-3996.7874,306089,0.4548,-1948.39,590.8349
321837,1755807480,BTC,2500,2500,0.4957,-82.5604,0.0063,0.3273,-3996.7673,306090,0.4548,-1948.38,590.8349
321838,1755807540,BTC,2500,2500,0.4957,-82.5604,0.0063,0.3273,-3996.8074,306091,0.4548,-1948.40,590.8349
321839,1755807600,BTC,2500,2500,0.4957,-82.5604,0.0063,0.3273,-3996.8477,306092,0.4548,-1948.42,590.8349
321840,1755807660,BTC,2500,2500,0.4957,-82.5604,0.0063,0.3273,-3996.8274,306093,0.4548,-1948.41,590.8349
321841,1755807720,BTC,2500,2500,0.4957,-82.5604,0.0063,0.3273,-3996.8674,306094,0.4548,-1948.43,590.8349
321842,1755807780,BTC,2500,2500,0.4957,-82.5604,0.0063,0.3273,-3996.9075,306095,0.4548,-1948.45,590.8349
321843,1755807840,BTC,2500,2500,0.4957,-82.5604,0.0063,0.3273,-3996.9475,306096,0.4548,-1948.47,590.8349
321844,1755807900,BTC,2500,2500,0.4957,-82.5604,0.0063,0.3273,-3996.9875,306097,0.4548,-1948.49,590.8349
321845,1755807960,BTC,2500,2500,0.4957,-82.5604,0.0063,0.3273,-3997.0276,306098,0.4548,-1948.51,590.8349
321846,1755808020,BTC,2500,2500,0.4957,-82.5604,0.0063,0.3273,-3997.0676,306099,0.4548,-1948.53,590.8349
321847,1755808080,BTC,2500,2500,0.4957,-82.5604,0.0063,0.3273,-3997.1077,306100,0.4548,-1948.55,590.8349
321848,1755808140,BTC,2500,2500,0.4957,-82.5604,0.0063,0.3273,-3997.1477,306101,0.4548,-1948.57,590.8349
321849,1755808200,BTC,2500,2500,0.4957,-82.5604,0.0063,0.3273,-3997.1274,306102,0.4548,-1948.56,590.8349
321850,1755808260,BTC,2500,2500,0.4957,-82.5604,0.0063,0.3273,-3997.1675,306103,0.4548,-1948.58,590.8349
321851,1755808320,BTC,2500,2500,0.4957,-82.5604,0.0063,0.3273,-3997.1477,306104,0.4548,-1948.57,590.8349
321852,1755808380,BTC,2500,2500,0.4957,-82.5604,0.0063,0.3273,-3997.1274,306105,0.4548,-1948.56,590.8349
321853,1755808440,BTC,2500,2500,0.4957,-82.5604,0.0063,0.5000,-3997.1675,306106,0.4548,-1948.58,590.8349
321854,1755808500,BTC,2500,2500,0.4957,-82.5604,0.0063,0.5000,-3997.2075,306107,0.4548,-1948.60,590.8349
321855,1755808560,BTC,2500,2500,0.4957,-82.5604,0.0063,0.5000,-3997.2478,306108,0.4548,-1948.62,590.8349
321856,1755808620,BTC,2500,2500,0.4957,-82.5604,0.0063,0.3273,-3997.2878,306109,0.4548,-1948.64,590.8349
321857,1755808680,BTC,2500,2500,0.4957,-82.5604,0.0063,0.3273,-3997.3279,306110,0.4548,-1948.66,590.8349
321858,1755808740,BTC,2500,2500,0.4957,-82.5604,0.0063,0.3273,-3997.3679,306111,0.4548,-1948.68,590.8349
321859,1755808800,BTC,2500,2500,0.4957,-82.5604,0.0063,0.3273,-3997.4080,306112,0.4548,-1948.70,590.8349
321860,1755808860,BTC,2500,2500,0.4957,-82.5604,0.0063,0.3273,-3997.4480,306113,0.4548,-1948.72,590.8349
321861,1755808920,BTC,2500,2500,0.4957,-82.5604,0.0063,0.3273,-3997.4282,306114,0.4548,-1948.71,590.8349
321862,1755808980,BTC,2500,2500,0.4957,-82.5604,0.0063,0.3273,-3997.4683,306115,0.4548,-1948.73,590.8349
321863,1755809040,BTC,2500,2500,0.4957,-82.5604,0.0063,0.5000,-3997.4480,306116,0.4548,-1948.72,590.8349
321864,1755809100,BTC,2500,2500,0.4957,-82.5604,0.0063,0.5000,-3997.4282,306117,0.4548,-1948.71,590.8349
321865,1755809160,BTC,2500,2500,0.4957,-82.5604,0.0063,0.5000,-3997.4080,306118,0.4548,-1948.70,590.8349
321866,1755809220,BTC,2500,2500,0.4957,-82.5604,0.0063,0.3273,-3997.3882,306119,0.4548,-1948.69,590.8349
321867,1755809280,BTC,2500,2500,0.4957,-82.5604,0.0063,0.3273,-3997.4282,306120,0.4548,-1948.71,590.8349
321868,1755809340,BTC,2500,2500,0.4957,-82.5604,0.0063,0.3273,-3997.4683,306121,0.4548,-1948.73,590.8349
321869,1755809400,BTC,2500,2500,0.4957,-82.5604,0.0063,0.3273,-3997.5083,306122,0.4548,-1948.75,590.8349
321870,1755809460,BTC,2500,2500,0.4957,-82.5604,0.0063,0.3273,-3997.4880,306123,0.4548,-1948.74,590.8349
321871,1755809520,BTC,2500,2500,0.4957,-82.5604,0.0063,0.5000,-3997.4683,306124,0.4548,-1948.73,590.8349
321872,1755809580,BTC,2500,2500,0.4957,-82.5604,0.0063,0.5000,-3997.4480,306125,0.4548,-1948.72,590.8349
321873,1755809640,BTC,2500,2500,0.4957,-82.5604,0.0063,0.5000,-3997.4282,306126,0.4548,-1948.71,590.8349
321874,1755809700,BTC,2500,2500,0.4957,-82.5604,0.0063,0.5000,-3997.4080,306127,0.4548,-1948.70,590.8349
321875,1755809760,BTC,2500,2500,0.4957,-82.5604,0.0063,0.5000,-3997.4480,306128,0.4548,-1948.72,590.8349
321876,1755809820,BTC,2500,2500,0.4957,-82.5604,0.0063,0.3273,-3997.4880,306129,0.4548,-1948.74,590.8349
321877,1755809880,BTC,2500,2500,0.4957,-82.5604,0.0063,0.3273,-3997.4683,306130,0.4548,-1948.73,590.8349
321878,1755809940,BTC,2500,2500,0.4957,-82.5604,0.0063,0.3273,-3997.4480,306131,0.4548,-1948.72,590.8349
321879,1755810000,BTC,2500,2500,0.4957,-82.5604,0.0063,0.3273,-3997.4282,306132,0.4548,-1948.71,590.8349
321880,1755810060,BTC,2500,2500,0.4957,-82.5604,0.0063,0.3273,-3997.4080,306133,0.4548,-1948.70,590.8349
321881,1755810120,BTC,2500,2500,0.4957,-82.5604,0.0063,0.3273,-3997.3882,306134,0.4548,-1948.69,590.8349
321882,1755810180,BTC,2500,2500,0.4957,-82.5604,0.0063,0.5000,-3997.4282,306135,0.4548,-1948.71,590.8349
321883,1755810240,BTC,2500,2500,0.4957,-82.5604,0.0063,0.5000,-3997.4683,306136,0.4548,-1948.73,590.8349
321884,1755810300,BTC,2500,2500,0.4957,-82.5604,0.0063,0.5000,-3997.4480,306137,0.4548,-1948.72,590.8349
321885,1755810360,BTC,2500,2500,0.4957,-82.5604,0.0063,0.5000,-3997.4880,306138,0.4548,-1948.74,590.8349
321886,1755810420,BTC,2500,2500,0.4957,-82.5604,0.0063,0.3273,-3997.5281,306139,0.4548,-1948.76,590.8349
321887,1755810480,BTC,2500,2500,0.4957,-82.5604,0.0063,0.3273,-3997.5681,306140,0.4548,-1948.78,590.8349
321888,1755810540,BTC,2500,2500,0.4957,-82.5604,0.0063,0.3273,-3997.6082,306141,0.4548,-1948.80,590.8349
321889,1755810600,BTC,2500,2500,0.4957,-82.5604,0.0063,0.3273,-3997.5879,306142,0.4548,-1948.79,590.8349
321890,1755810660,BTC,2500,2500,0.4957,-82.5604,0.0063,0.3273,-3997.6279,306143,0.4548,-1948.81,590.8349
321891,1755810720,BTC,2500,2500,0.4957,-82.5604,0.0063,0.3273,-3997.6680,306144,0.4548,-1948.83,590.8349
321892,1755810780,BTC,2500,2500,0.4957,-82.5604,0.0063,0.5000,-3997.6482,306145,0.4548,-1948.82,590.8349
321893,1755810840,BTC,2500,2500,0.4957,-82.5604,0.0063,0.5000,-3997.6279,306146,0.4548,-1948.81,590.8349
321894,1755810900,BTC,2500,2500,0.4957,-82.5604,0.0063,0.5000,-3997.6082,306147,0.4548,-1948.80,590.8349
321895,1755810960,BTC,2500,2500,0.4957,-82.5604,0.0063,0.5000,-3997.5879,306148,0.4548,-1948.79,590.8349
321896,1755811020,BTC,2500,2500,0.4957,-82.5604,0.0063,0.5000,-3997.6279,306149,0.4548,-1948.81,590.8349
321897,1755811080,BTC,2500,2500,0.4957,-82.5604,0.0063,0.3273,-3997.6082,306150,0.4548,-1948.80,590.8349
321898,1755811140,BTC,2500,2500,0.4957,-82.5604,0.0063,0.3273,-3997.6482,306151,0.4548,-1948.82,590.8349
321899,1755811200,BTC,2500,2500,0.4957,-82.5604,0.0063,0.3273,-3997.6882,306152,0.4548,-1948.84,590.8349
321900,1755811260,BTC,2500,2500,0.4957,-82.5604,0.0063,0.3273,-3997.7283,306153,0.4548,-1948.86,590.8349
321901,1755811320,BTC,2500,2500,0.4957,-82.5604,0.0063,0.3273,-3997.7683,306154,0.4548,-1948.88,590.8349
321902,1755811380,BTC,2500,2500,0.4957,-82.5604,0.0063,0.3273,-3997.8083,306155,0.4548,-1948.90,590.8349
321903,1755811440,BTC,2500,2500,0.4957,-82.5604,0.0063,0.3273,-3997.8486,306156,0.4548,-1948.92,590.8349
321904,1755811500,BTC,2500,2500,0.4957,-82.5604,0.0063,0.3273,-3997.8887,306157,0.4548,-1948.94,590.8349
321905,1755811560,BTC,2500,2500,0.4957,-82.5604,0.0063,0.3273,-3997.8684,306158,0.4548,-1948.93,590.8349
321906,1755811620,BTC,2500,2500,0.4957,-82.5604,0.0063,0.3273,-3997.9084,306159,0.4548,-1948.95,590.8349
321907,1755811680,BTC,2500,2500,0.4957,-82.5604,0.0063,0.3273,-3997.9485,306160,0.4548,-1948.97,590.8349
321908,1755811740,BTC,2500,2500,0.4957,-82.5604,0.0063,0.3273,-3997.9885,306161,0.4548,-1948.99,590.8349
321909,1755811800,BTC,2500,2500,0.4957,-82.5604,0.0063,0.3273,-3997.9688,306162,0.4548,-1948.98,590.8349
321910,1755811860,BTC,2500,2500,0.4957,-82.5604,0.0063,0.3273,-3998.0088,306163,0.4548,-1949.00,590.8349
321911,1755811920,BTC,2500,2500,0.4957,-82.5604,0.0063,0.3273,-3997.9885,306164,0.4548,-1948.99,590.8349
321912,1755811980,BTC,2500,2500,0.4957,-82.5604,0.0063,0.3273,-3997.9688,306165,0.4548,-1948.98,590.8349
321913,1755812040,BTC,2500,2500,0.4957,-82.5604,0.0063,0.3273,-3998.0088,306166,0.4548,-1949.00,590.8349
321914,1755812100,BTC,2500,2500,0.4957,-82.5604,0.0063,0.5000,-3997.9885,306167,0.4548,-1948.99,590.8349
321915,1755812160,BTC,2500,2500,0.4957,-82.5604,0.0063,0.3273,-3997.9688,306168,0.4548,-1948.98,590.8349
321916,1755812220,BTC,2500,2500,0.4957,-82.5604,0.0063,0.3273,-3998.0088,306169,0.4548,-1949.00,590.8349
321917,1755812280,BTC,2500,2500,0.4957,-82.5604,0.0063,0.3273,-3998.0483,306170,0.4548,-1949.02,590.8349
321918,1755812340,BTC,2500,2500,0.4957,-82.5604,0.0063,0.3273,-3998.0286,306171,0.4548,-1949.01,590.8349
321919,1755812400,BTC,2500,2500,0.4957,-82.5604,0.0063,0.3273,-3998.0088,306172,0.4548,-1949.00,590.8349
321920,1755812460,BTC,2500,2500,0.4957,-82.5604,0.0063,0.3273,-3998.0483,306173,0.4548,-1949.02,590.8349
321921,1755812520,BTC,2500,2500,0.4957,-82.5604,0.0063,0.3273,-3998.0286,306174,0.4548,-1949.01,590.8349
321922,1755812580,BTC,2500,2500,0.4957,-82.5604,0.0063,0.3273,-3998.0686,306175,0.4548,-1949.03,590.8349
321923,1755812640,BTC,2500,2500,0.4957,-82.5604,0.0063,0.3273,-3998.1086,306176,0.4548,-1949.05,590.8349
321924,1755812700,BTC,2500,2500,0.4957,-82.5604,0.0063,0.3273,-3998.0884,306177,0.4548,-1949.04,590.8349
321925,1755812760,BTC,2500,2500,0.4957,-82.5604,0.0063,0.3273,-3998.1284,306178,0.4548,-1949.06,590.8349
321926,1755812820,BTC,2500,2500,0.4957,-82.5604,0.0063,0.3273,-3998.1685,306179,0.4548,-1949.08,590.8349
321927,1755812880,BTC,2500,2500,0.4957,-82.5604,0.0063,0.3273,-3998.1487,306180,0.4548,-1949.07,590.8349
321928,1755812940,BTC,2500,2500,0.4957,-82.5604,0.0063,0.3273,-3998.1887,306181,0.4548,-1949.09,590.8349
321929,1755813000,BTC,2500,2500,0.4957,-82.5604,0.0063,0.3273,-3998.1685,306182,0.4548,-1949.08,590.8349
321930,1755813060,BTC,2500,2500,0.4957,-82.5604,0.0063,0.3273,-3998.2085,306183,0.4548,-1949.10,590.8349
321931,1755813120,BTC,2500,2500,0.4957,-82.5604,0.0063,0.5000,-3998.1887,306184,0.4548,-1949.09,590.8349
321932,1755813180,BTC,2500,2500,0.4957,-82.5604,0.0063,0.5000,-3998.1685,306185,0.4548,-1949.08,590.8349
321933,1755813240,BTC,2500,2500,0.4957,-82.5604,0.0063,0.5000,-3998.1487,306186,0.4548,-1949.07,590.8349
321934,1755813300,BTC,2500,2500,0.4957,-82.5604,0.0063,0.5000,-3998.1887,306187,0.4548,-1949.09,590.8349
321935,1755813360,BTC,2500,2500,0.4957,-82.5604,0.0063,0.5000,-3998.1685,306188,0.4548,-1949.08,590.8349
321936,1755813420,BTC,2500,2500,0.4957,-82.5604,0.0063,0.5000,-3998.1487,306189,0.4548,-1949.07,590.8349
321937,1755813480,BTC,2500,2500,0.4957,-82.5604,0.0063,0.5000,-3998.1284,306190,0.4548,-1949.06,590.8349
321938,1755813540,BTC,2500,2500,0.4957,-82.5604,0.0063,0.5000,-3998.1086,306191,0.4548,-1949.05,590.8349
321939,1755813600,BTC,2500,2500,0.4957,-82.5604,0.0063,0.3273,-3998.0884,306192,0.4548,-1949.04,590.8349
321940,1755813660,BTC,2500,2500,0.4957,-82.5604,0.0063,0.3273,-3998.0686,306193,0.4549,-1949.03,590.8349
321941,1755813720,BTC,2500,2500,0.4957,-82.5604,0.0063,0.3273,-3998.0483,306194,0.4549,-1949.02,590.8349
321942,1755813780,BTC,2500,2500,0.4957,-82.5604,0.0063,0.5000,-3998.0286,306195,0.4549,-1949.01,590.8349
321943,1755813840,BTC,2500,2500,0.4957,-82.5604,0.0063,0.5000,-3998.0088,306196,0.4549,-1949.00,590.8349
321944,1755813900,BTC,2500,2500,0.4957,-82.5604,0.0063,0.5000,-3997.9885,306197,0.4549,-1948.99,590.8349
321945,1755813960,BTC,2500,2500,0.4957,-82.5604,0.0063,0.5000,-3997.9688,306198,0.4549,-1948.98,590.8349
321946,1755814020,BTC,2500,2500,0.4957,-82.5604,0.0063,0.3273,-3997.9485,306199,0.4549,-1948.97,590.8349
321947,1755814080,BTC,2500,2500,0.4957,-82.5604,0.0063,0.3273,-3997.9885,306200,0.4549,-1948.99,590.8349
321948,1755814140,BTC,2500,2500,0.4957,-82.5604,0.0063,0.3273,-3998.0286,306201,0.4549,-1949.01,590.8349
321949,1755814200,BTC,2500,2500,0.4957,-82.5604,0.0063,0.3273,-3998.0088,306202,0.4549,-1949.00,590.8349
321950,1755814260,BTC,2500,2500,0.4957,-82.5604,0.0063,0.5000,-3997.9885,306203,0.4549,-1948.99,590.8349
321951,1755814320,BTC,2500,2500,0.4957,-82.5604,0.0063,0.5000,-3997.9688,306204,0.4549,-1948.98,590.8349
321952,1755814380,BTC,2500,2500,0.4957,-82.5604,0.0063,0.5000,-3997.9485,306205,0.4549,-1948.97,590.8349
321953,1755814440,BTC,2500,2500,0.4957,-82.5604,0.0063,0.5000,-3997.9287,306206,0.4549,-1948.96,590.8349
321954,1755814500,BTC,2500,2500,0.4957,-82.5604,0.0063,0.5000,-3997.9084,306207,0.4549,-1948.95,590.8349
321955,1755814560,BTC,2500,2500,0.4957,-82.5604,0.0063,0.5000,-3997.9485,306208,0.4549,-1948.97,590.8349
321956,1755814620,BTC,2500,2500,0.4957,-82.5604,0.0063,0.5000,-3997.9885,306209,0.4549,-1948.99,590.8349
321957,1755814680,BTC,2500,2500,0.4957,-82.5604,0.0063,0.3273,-3997.9688,306210,0.4549,-1948.98,590.8349
321958,1755814740,BTC,2500,2500,0.4957,-82.5604,0.0063,0.3273,-3997.9485,306211,0.4549,-1948.97,590.8349
321959,1755814800,BTC,2500,2500,0.4957,-82.5604,0.0063,0.3273,-3997.9885,306212,0.4549,-1948.99,590.8349
321960,1755814860,BTC,2500,2500,0.4957,-82.5604,0.0063,0.3273,-3998.0286,306213,0.4549,-1949.01,590.8349
321961,1755814920,BTC,2500,2500,0.4957,-82.5604,0.0063,0.3273,-3998.0686,306214,0.4549,-1949.03,590.8349
321962,1755814980,BTC,2500,2500,0.4957,-82.5604,0.0063,0.3273,-3998.1086,306215,0.4549,-1949.05,590.8349
321963,1755815040,BTC,2500,2500,0.4957,-82.5604,0.0063,0.3273,-3998.0884,306216,0.4549,-1949.04,590.8349
321964,1755815100,BTC,2500,2500,0.4957,-82.5604,0.0063,0.3273,-3998.1284,306217,0.4549,-1949.06,590.8349
321965,1755815160,BTC,2500,2500,0.4957,-82.5604,0.0063,0.3273,-3998.1685,306218,0.4549,-1949.08,590.8349
321966,1755815220,BTC,2500,2500,0.4957,-82.5604,0.0063,0.3273,-3998.1487,306219,0.4549,-1949.07,590.8349
321967,1755815280,BTC,2500,2500,0.4957,-82.5604,0.0063,0.3273,-3998.1887,306220,0.4549,-1949.09,590.8349
321968,1755815340,BTC,2500,2500,0.4957,-82.5604,0.0063,0.3273,-3998.2288,306221,0.4549,-1949.11,590.8349
321969,1755815400,BTC,2500,2500,0.4957,-82.5604,0.0063,0.3273,-3998.2085,306222,0.4549,-1949.10,590.8349
321970,1755815460,BTC,2500,2500,0.4957,-82.5604,0.0063,0.3273,-3998.1887,306223,0.4549,-1949.09,590.8349
321971,1755815520,BTC,2500,2500,0.4957,-82.5604,0.0063,0.3273,-3998.1685,306224,0.4549,-1949.08,590.8349
321972,1755815580,BTC,2500,2500,0.4957,-82.5604,0.0063,0.3273,-3998.1487,306225,0.4549,-1949.07,590.8349
321973,1755815640,BTC,2500,2500,0.4957,-82.5604,0.0063,0.3273,-3998.1284,306226,0.4549,-1949.06,590.8349
321974,1755815700,BTC,2500,2500,0.4957,-82.5604,0.0063,0.5000,-3998.1685,306227,0.4549,-1949.08,590.8349
321975,1755815760,BTC,2500,2500,0.4957,-82.5604,0.0063,0.5000,-3998.1487,306228,0.4549,-1949.07,590.8349
321976,1755815820,BTC,2500,2500,0.4957,-82.5604,0.0063,0.5000,-3998.1887,306229,0.4549,-1949.09,590.8349
321977,1755815880,BTC,2500,2500,0.4957,-82.5604,0.0063,0.5000,-3998.2288,306230,0.4549,-1949.11,590.8349
321978,1755815940,BTC,2500,2500,0.4957,-82.5604,0.0063,0.5000,-3998.2688,306231,0.4549,-1949.13,590.8349
321979,1755816000,BTC,2500,2500,0.4957,-82.5604,0.0063,0.5000,-3998.2488,306232,0.4549,-1949.12,590.8349
321980,1755816060,BTC,2500,2500,0.4957,-82.5604,0.0063,0.5000,-3998.2888,306233,0.4549,-1949.14,590.8349
321981,1755816120,BTC,2500,2500,0.4957,-82.5604,0.0063,0.5000,-3998.2688,306234,0.4549,-1949.13,590.8349
321982,1755816180,BTC,2500,2500,0.4957,-82.5604,0.0063,0.5000,-3998.2488,306235,0.4549,-1949.12,590.8349
321983,1755816240,BTC,2500,2500,0.4957,-82.5604,0.0063,0.5000,-3998.2288,306236,0.4549,-1949.11,590.8349
321984,1755816300,BTC,2500,2500,0.4957,-82.5604,0.0063,0.5000,-3998.2688,306237,0.4549,-1949.13,590.8349
321985,1755816360,BTC,2500,2500,0.4957,-82.5604,0.0063,0.3273,-3998.3088,306238,0.4549,-1949.15,590.8349
321986,1755816420,BTC,2500,2500,0.4957,-82.5604,0.0063,0.3273,-3998.3491,306239,0.4549,-1949.17,590.8349
321987,1755816480,BTC,2500,2500,0.4957,-82.5604,0.0063,0.3273,-3998.3892,306240,0.4549,-1949.19,590.8349
321988,1755816540,BTC,2500,2500,0.4957,-82.5604,0.0063,0.3273,-3998.4292,306241,0.4549,-1949.21,590.8349
321989,1755816600,BTC,2500,2500,0.4957,-82.5604,0.0063,0.5000,-3998.4089,306242,0.4549,-1949.20,590.8349
321990,1755816660,BTC,2500,2500,0.4957,-82.5604,0.0063,0.3273,-3998.3892,306243,0.4549,-1949.19,590.8349
321991,1755816720,BTC,2500,2500,0.4957,-82.5604,0.0063,0.3273,-3998.3689,306244,0.4549,-1949.18,590.8349
321992,1755816780,BTC,2500,2500,0.4957,-82.5604,0.0063,0.3273,-3998.3491,306245,0.4549,-1949.17,590.8349
321993,1755816840,BTC,2500,2500,0.4957,-82.5604,0.0063,0.3273,-3998.3892,306246,0.4549,-1949.19,590.8349
321994,1755816900,BTC,2500,2500,0.4957,-82.5604,0.0063,0.3273,-3998.4292,306247,0.4549,-1949.21,590.8349
321995,1755816960,BTC,2500,2500,0.4957,-82.5604,0.0063,0.3273,-3998.4089,306248,0.4549,-1949.20,590.8349
321996,1755817020,BTC,2500,2500,0.4957,-82.5604,0.0063,0.3273,-3998.4490,306249,0.4549,-1949.22,590.8349
321997,1755817080,BTC,2500,2500,0.4957,-82.5604,0.0063,0.3273,-3998.4890,306250,0.4549,-1949.24,590.8349
321998,1755817140,BTC,2500,2500,0.4957,-82.5604,0.0063,0.5000,-3998.4692,306251,0.4549,-1949.23,590.8349
321999,1755817200,BTC,2500,2500,0.4957,-82.5604,0.0063,0.5000,-3998.5093,306252,0.4549,-1949.25,590.8349
322000,1755817260,BTC,2500,2500,0.4957,-82.5604,0.0063,0.5000,-3998.5488,306253,0.4549,-1949.27,590.8349
322001,1755817320,BTC,2500,2500,0.4957,-82.5604,0.0063,0.5000,-3998.5291,306254,0.4549,-1949.26,590.8349
322002,1755817380,BTC,2500,2500,0.4957,-82.5604,0.0063,0.5000,-3998.5093,306255,0.4549,-1949.25,590.8349
322003,1755817440,BTC,2500,2500,0.4957,-82.5604,0.0063,0.5000,-3998.4890,306256,0.4549,-1949.24,590.8349
322004,1755817500,BTC,2500,2500,0.4957,-82.5604,0.0063,0.5000,-3998.5291,306257,0.4549,-1949.26,590.8349
322005,1755817560,BTC,2500,2500,0.4957,-82.5604,0.0063,0.5000,-3998.5691,306258,0.4549,-1949.28,590.8349
322006,1755817620,BTC,2500,2500,0.4957,-82.5604,0.0063,0.5000,-3998.6091,306259,0.4549,-1949.30,590.8349
322007,1755817680,BTC,2500,2500,0.4957,-82.5604,0.0063,0.5000,-3998.5889,306260,0.4549,-1949.29,590.8349
322008,1755817740,BTC,2500,2500,0.4957,-82.5604,0.0063,0.5000,-3998.6289,306261,0.4549,-1949.31,590.8349
322009,1755817800,BTC,2500,2500,0.4957,-82.5604,0.0063,0.5000,-3998.6689,306262,0.4549,-1949.33,590.8349
322010,1755817860,BTC,2500,2500,0.4957,-82.5604,0.0063,0.5000,-3998.6492,306263,0.4549,-1949.32,590.8349
322011,1755817920,BTC,2500,2500,0.4957,-82.5604,0.0063,0.5000,-3998.6892,306264,0.4549,-1949.34,590.8349
322012,1755817980,BTC,2500,2500,0.4957,-82.5604,0.0063,0.5000,-3998.7292,306265,0.4549,-1949.36,590.8349
322013,1755818040,BTC,2500,2500,0.4957,-82.5604,0.0063,0.5000,-3998.7693,306266,0.4549,-1949.38,590.8349
322014,1755818100,BTC,2500,2500,0.4957,-82.5604,0.0063,0.3273,-3998.8093,306267,0.4549,-1949.40,590.8349
322015,1755818160,BTC,2500,2500,0.4957,-82.5604,0.0063,0.3273,-3998.8496,306268,0.4549,-1949.42,590.8349
322016,1755818220,BTC,2500,2500,0.4957,-82.5604,0.0063,0.3273,-3998.8293,306269,0.4549,-1949.41,590.8349
322017,1755818280,BTC,2500,2500,0.4957,-82.5604,0.0063,0.3273,-3998.8093,306270,0.4549,-1949.40,590.8349
322018,1755818340,BTC,2500,2500,0.4957,-82.5604,0.0063,0.3273,-3998.8496,306271,0.4549,-1949.42,590.8349
322019,1755818400,BTC,2500,2500,0.4957,-82.5604,0.0063,0.3273,-3998.8293,306272,0.4549,-1949.41,590.8349
322020,1755818460,BTC,2500,2500,0.4957,-82.5604,0.0063,0.3273,-3998.8694,306273,0.4549,-1949.43,590.8349
322021,1755818520,BTC,2500,2500,0.4957,-82.5604,0.0063,0.3273,-3998.9094,306274,0.4549,-1949.45,590.8349
322022,1755818580,BTC,2500,2500,0.4957,-82.5604,0.0063,0.3273,-3998.8896,306275,0.4549,-1949.44,590.8349
322023,1755818640,BTC,2500,2500,0.4957,-82.5604,0.0063,0.3273,-3998.9297,306276,0.4549,-1949.46,590.8349
322024,1755818700,BTC,2500,2500,0.4957,-82.5604,0.0063,0.5000,-3998.9697,306277,0.4549,-1949.48,590.8349
322025,1755818760,BTC,2500,2500,0.4957,-82.5604,0.0063,0.3273,-3999.0098,306278,0.4549,-1949.50,590.8349
322026,1755818820,BTC,2500,2500,0.4957,-82.5604,0.0063,0.5000,-3998.9895,306279,0.4549,-1949.49,590.8349
322027,1755818880,BTC,2500,2500,0.4957,-82.5604,0.0063,0.5000,-3998.9697,306280,0.4549,-1949.48,590.8349
322028,1755818940,BTC,2500,2500,0.4957,-82.5604,0.0063,0.5000,-3998.9495,306281,0.4549,-1949.47,590.8349
322029,1755819000,BTC,2500,2500,0.4957,-82.5604,0.0063,0.3273,-3998.9297,306282,0.4549,-1949.46,590.8349
322030,1755819060,BTC,2500,2500,0.4957,-82.5604,0.0063,0.3273,-3998.9094,306283,0.4549,-1949.45,590.8349
322031,1755819120,BTC,2500,2500,0.4957,-82.5604,0.0063,0.3273,-3998.9495,306284,0.4549,-1949.47,590.8349
322032,1755819180,BTC,2500,2500,0.4957,-82.5604,0.0063,0.3273,-3998.9895,306285,0.4549,-1949.49,590.8349
322033,1755819240,BTC,2500,2500,0.4957,-82.5604,0.0063,0.3273,-3998.9697,306286,0.4549,-1949.48,590.8349
322034,1755819300,BTC,2500,2500,0.4957,-82.5604,0.0063,0.3273,-3998.9495,306287,0.4549,-1949.47,590.8349
322035,1755819360,BTC,2500,2500,0.4957,-82.5604,0.0063,0.3273,-3998.9895,306288,0.4549,-1949.49,590.8349
322036,1755819420,BTC,2500,2500,0.4957,-82.5604,0.0063,0.3273,-3999.0295,306289,0.4549,-1949.51,590.8349
322037,1755819480,BTC,2500,2500,0.4957,-82.5604,0.0063,0.5000,-3999.0696,306290,0.4549,-1949.53,590.8349
322038,1755819540,BTC,2500,2500,0.4957,-82.5604,0.0063,0.5000,-3999.1096,306291,0.4549,-1949.55,590.8349
322039,1755819600,BTC,2500,2500,0.4957,-82.5604,0.0063,0.3273,-3999.1497,306292,0.4549,-1949.57,590.8349
322040,1755819660,BTC,2500,2500,0.4957,-82.5604,0.0063,0.3273,-3999.1897,306293,0.4549,-1949.59,590.8349
322041,1755819720,BTC,2500,2500,0.4957,-82.5604,0.0063,0.3273,-3999.2297,306294,0.4549,-1949.61,590.8349
322042,1755819780,BTC,2500,2500,0.4957,-82.5604,0.0063,0.3273,-3999.2095,306295,0.4549,-1949.60,590.8349
322043,1755819840,BTC,2500,2500,0.4957,-82.5604,0.0063,0.3273,-3999.1897,306296,0.4549,-1949.59,590.8349
322044,1755819900,BTC,2500,2500,0.4957,-82.5604,0.0063,0.5000,-3999.2297,306297,0.4549,-1949.61,590.8349
322045,1755819960,BTC,2500,2500,0.4957,-82.5604,0.0063,0.3273,-3999.2698,306298,0.4549,-1949.63,590.8349
322046,1755820020,BTC,2500,2500,0.4957,-82.5604,0.0063,0.3273,-3999.3098,306299,0.4549,-1949.65,590.8349
322047,1755820080,BTC,2500,2500,0.4957,-82.5604,0.0063,0.3273,-3999.2898,306300,0.4549,-1949.64,590.8349
322048,1755820140,BTC,2500,2500,0.4957,-82.5604,0.0063,0.3273,-3999.2698,306301,0.4549,-1949.63,590.8349
322049,1755820200,BTC,2500,2500,0.4957,-82.5604,0.0063,0.3273,-3999.2498,306302,0.4549,-1949.62,590.8349
322050,1755820260,BTC,2500,2500,0.4957,-82.5604,0.0063,0.3273,-3999.2898,306303,0.4549,-1949.64,590.8349
322051,1755820320,BTC,2500,2500,0.4957,-82.5604,0.0063,0.3273,-3999.3298,306304,0.4549,-1949.66,590.8349
322052,1755820380,BTC,2500,2500,0.4957,-82.5604,0.0063,0.5000,-3999.3699,306305,0.4549,-1949.68,590.8349
322053,1755820440,BTC,2500,2500,0.4957,-82.5604,0.0063,nan,-3999.4099,306306,0.4549,-1949.70,590.8349
322054,1755820500,BTC,2500,2500,0.4957,-82.5604,0.0063,nan,-3999.4500,306307,0.4549,-1949.72,590.8349
322055,1755820560,BTC,2500,2500,0.4957,-82.5604,0.0063,0.5000,-3999.4900,306308,0.4549,-1949.74,590.8349
322056,1755820620,BTC,2500,2500,0.4957,-82.5604,0.0063,nan,-3999.4702,306309,0.4549,-1949.73,590.8349
322057,1755820680,BTC,2500,2500,0.4957,-82.5604,0.0063,0.5000,-3999.4500,306310,0.4549,-1949.72,590.8349
322058,1755820740,BTC,2500,2500,0.4957,-82.5604,0.0063,0.5000,-3999.4302,306311,0.4549,-1949.71,590.8349
322059,1755820800,BTC,2500,2500,0.4957,-82.5604,0.0063,0.5000,-3999.4099,306312,0.4549,-1949.70,590.8349
322060,1755820860,BTC,2500,2500,0.4957,-82.5604,0.0063,0.5000,-3999.3901,306313,0.4549,-1949.69,590.8349
322061,1755820920,BTC,2500,2500,0.4957,-82.5604,0.0063,0.5000,-3999.4302,306314,0.4549,-1949.71,590.8349
322062,1755820980,BTC,2500,2500,0.4957,-82.5604,0.0063,0.3273,-3999.4099,306315,0.4549,-1949.70,590.8349
322063,1755821040,BTC,2500,2500,0.4957,-82.5604,0.0063,0.3273,-3999.3901,306316,0.4549,-1949.69,590.8349
322064,1755821100,BTC,2500,2500,0.4957,-82.5604,0.0063,0.3273,-3999.4302,306317,0.4549,-1949.71,590.8349
322065,1755821160,BTC,2500,2500,0.4957,-82.5604,0.0063,0.3273,-3999.4099,306318,0.4549,-1949.70,590.8349
322066,1755821220,BTC,2500,2500,0.4957,-82.5604,0.0063,0.3273,-3999.4500,306319,0.4549,-1949.72,590.8349
322067,1755821280,BTC,2500,2500,0.4957,-82.5604,0.0063,0.3273,-3999.4900,306320,0.4549,-1949.74,590.8349
322068,1755821340,BTC,2500,2500,0.4957,-82.5604,0.0063,0.3273,-3999.5300,306321,0.4549,-1949.77,590.8349
322069,1755821400,BTC,2500,2500,0.4957,-82.5604,0.0063,0.3273,-3999.5701,306322,0.4549,-1949.79,590.8349
322070,1755821460,BTC,2500,2500,0.4957,-82.5604,0.0063,0.3273,-3999.6101,306323,0.4549,-1949.81,590.8349
322071,1755821520,BTC,2500,2500,0.4957,-82.5604,0.0063,0.3273,-3999.6501,306324,0.4549,-1949.83,590.8349
322072,1755821580,BTC,2500,2500,0.4957,-82.5604,0.0063,0.5000,-3999.6299,306325,0.4549,-1949.82,590.8349
322073,1755821640,BTC,2500,2500,0.4957,-82.5604,0.0063,0.3273,-3999.6101,306326,0.4549,-1949.81,590.8349
322074,1755821700,BTC,2500,2500,0.4957,-82.5604,0.0063,0.3273,-3999.6501,306327,0.4549,-1949.83,590.8349
322075,1755821760,BTC,2500,2500,0.4957,-82.5604,0.0063,0.3273,-3999.6902,306328,0.4549,-1949.85,590.8349
322076,1755821820,BTC,2500,2500,0.4957,-82.5604,0.0063,0.3273,-3999.7302,306329,0.4549,-1949.87,590.8349
322077,1755821880,BTC,2500,2500,0.4957,-82.5604,0.0063,0.3273,-3999.7703,306330,0.4549,-1949.89,590.8349
322078,1755821940,BTC,2500,2500,0.4957,-82.5604,0.0063,0.3273,-3999.7502,306331,0.4549,-1949.88,590.8349
322079,1755822000,BTC,2500,2500,0.4957,-82.5604,0.0063,0.3273,-3999.7903,306332,0.4549,-1949.90,590.8349
322080,1755822060,BTC,2500,2500,0.4957,-82.5604,0.0063,0.3273,-3999.7703,306333,0.4549,-1949.89,590.8349
322081,1755822120,BTC,2500,2500,0.4957,-82.5604,0.0063,0.3273,-3999.8103,306334,0.4549,-1949.91,590.8349
322082,1755822180,BTC,2500,2500,0.4957,-82.5604,0.0063,0.3273,-3999.8506,306335,0.4549,-1949.93,590.8349
322083,1755822240,BTC,2500,2500,0.4957,-82.5604,0.0063,0.3273,-3999.8906,306336,0.4549,-1949.95,590.8349
322084,1755822300,BTC,2500,2500,0.4957,-82.5604,0.0063,0.3273,-3999.8704,306337,0.4549,-1949.94,590.8349
322085,1755822360,BTC,2500,2500,0.4957,-82.5604,0.0063,0.3273,-3999.8506,306338,0.4549,-1949.93,590.8349
322086,1755822420,BTC,2500,2500,0.4957,-82.5604,0.0063,0.3273,-3999.8303,306339,0.4549,-1949.92,590.8349
322087,1755822480,BTC,2500,2500,0.4957,-82.5604,0.0063,0.3273,-3999.8103,306340,0.4549,-1949.91,590.8349
322088,1755822540,BTC,2500,2500,0.4957,-82.5604,0.0063,0.5000,-3999.8506,306341,0.4549,-1949.93,590.8349
322089,1755822600,BTC,2500,2500,0.4957,-82.5604,0.0063,0.5000,-3999.8906,306342,0.4549,-1949.95,590.8349
322090,1755822660,BTC,2500,2500,0.4957,-82.5604,0.0063,0.3273,-3999.9307,306343,0.4549,-1949.97,590.8349
322091,1755822720,BTC,2500,2500,0.4957,-82.5604,0.0063,0.3273,-3999.9707,306344,0.4549,-1949.99,590.8349
322092,1755822780,BTC,2500,2500,0.4957,-82.5604,0.0063,0.3273,-4000.0107,306345,0.4548,-1950.01,590.8349
322093,1755822840,BTC,2500,2500,0.4957,-82.5604,0.0063,0.3273,-3999.9905,306346,0.4549,-1950.00,590.8349
322094,1755822900,BTC,2500,2500,0.4957,-82.5604,0.0063,0.3273,-3999.9707,306347,0.4549,-1949.99,590.8349
322095,1755822960,BTC,2500,2500,0.4957,-82.5604,0.0063,0.3273,-4000.0107,306348,0.4549,-1950.01,590.8349
322096,1755823020,BTC,2500,2500,0.4957,-82.5604,0.0063,0.3273,-3999.9905,306349,0.4549,-1950.00,590.8349
322097,1755823080,BTC,2500,2500,0.4957,-82.5604,0.0063,0.3273,-3999.9707,306350,0.4549,-1949.99,590.8349
322098,1755823140,BTC,2500,2500,0.4957,-82.5604,0.0063,0.3273,-3999.9504,306351,0.4549,-1949.98,590.8349
322099,1755823200,BTC,2500,2500,0.4957,-82.5604,0.0063,0.3273,-3999.9905,306352,0.4549,-1950.00,590.8349
322100,1755823260,BTC,2500,2500,0.4957,-82.5604,0.0063,0.3273,-4000.0305,306353,0.4549,-1950.02,590.8349
322101,1755823320,BTC,2500,2500,0.4957,-82.5604,0.0063,0.3273,-4000.0107,306354,0.4549,-1950.01,590.8349
322102,1755823380,BTC,2500,2500,0.4957,-82.5604,0.0063,0.3273,-4000.0503,306355,0.4549,-1950.03,590.8349
322103,1755823440,BTC,2500,2500,0.4957,-82.5604,0.0063,0.3273,-4000.0903,306356,0.4549,-1950.05,590.8349
322104,1755823500,BTC,2500,2500,0.4957,-82.5604,0.0063,0.3273,-4000.0706,306357,0.4549,-1950.04,590.8349
322105,1755823560,BTC,2500,2500,0.4957,-82.5604,0.0063,0.3273,-4000.0503,306358,0.4549,-1950.03,590.8349
322106,1755823620,BTC,2500,2500,0.4957,-82.5604,0.0063,0.3273,-4000.0903,306359,0.4549,-1950.05,590.8349
322107,1755823680,BTC,2500,2500,0.4957,-82.5604,0.0063,0.3273,-4000.0706,306360,0.4549,-1950.04,590.8349
322108,1755823740,BTC,2500,2500,0.4957,-82.5604,0.0063,0.3273,-4000.0503,306361,0.4549,-1950.03,590.8349
322109,1755823800,BTC,2500,2500,0.4957,-82.5604,0.0063,0.5000,-4000.0903,306362,0.4549,-1950.05,590.8349
322110,1755823860,BTC,2500,2500,0.4957,-82.5604,0.0063,0.3273,-4000.1304,306363,0.4549,-1950.07,590.8349
322111,1755823920,BTC,2500,2500,0.4957,-82.5604,0.0063,0.5000,-4000.1704,306364,0.4549,-1950.09,590.8349
322112,1755823980,BTC,2500,2500,0.4957,-82.5604,0.0063,0.5000,-4000.1506,306365,0.4549,-1950.08,590.8349
322113,1755824040,BTC,2500,2500,0.4957,-82.5604,0.0063,0.5000,-4000.1907,306366,0.4549,-1950.10,590.8349
322114,1755824100,BTC,2500,2500,0.4957,-82.5604,0.0063,0.3273,-4000.2307,306367,0.4549,-1950.12,590.8349
322115,1755824160,BTC,2500,2500,0.4957,-82.5604,0.0063,0.3273,-4000.2708,306368,0.4549,-1950.14,590.8349
322116,1755824220,BTC,2500,2500,0.4957,-82.5604,0.0063,0.3273,-4000.3108,306369,0.4549,-1950.16,590.8349
322117,1755824280,BTC,2500,2500,0.4957,-82.5604,0.0063,0.3273,-4000.2908,306370,0.4549,-1950.15,590.8349
322118,1755824340,BTC,2500,2500,0.4957,-82.5604,0.0063,0.3273,-4000.3308,306371,0.4549,-1950.17,590.8349
322119,1755824400,BTC,2500,2500,0.4957,-82.5604,0.0063,0.3273,-4000.3108,306372,0.4549,-1950.16,590.8349
322120,1755824460,BTC,2500,2500,0.4957,-82.5604,0.0063,0.3273,-4000.3511,306373,0.4549,-1950.18,590.8349
322121,1755824520,BTC,2500,2500,0.4957,-82.5604,0.0063,0.3273,-4000.3308,306374,0.4549,-1950.17,590.8349
322122,1755824580,BTC,2500,2500,0.4957,-82.5604,0.0063,0.3273,-4000.3108,306375,0.4549,-1950.16,590.8349
322123,1755824640,BTC,2500,2500,0.4957,-82.5604,0.0063,0.3273,-4000.2908,306376,0.4549,-1950.15,590.8349
322124,1755824700,BTC,2500,2500,0.4957,-82.5604,0.0063,0.3273,-4000.2708,306377,0.4549,-1950.14,590.8349
322125,1755824760,BTC,2500,2500,0.4957,-82.5604,0.0063,0.3273,-4000.2507,306378,0.4549,-1950.13,590.8349
322126,1755824820,BTC,2500,2500,0.4957,-82.5604,0.0063,0.3273,-4000.2307,306379,0.4549,-1950.12,590.8349
322127,1755824880,BTC,2500,2500,0.4957,-82.5604,0.0063,0.5000,-4000.2708,306380,0.4549,-1950.14,590.8349
322128,1755824940,BTC,2500,2500,0.4957,-82.5604,0.0063,0.5000,-4000.3108,306381,0.4549,-1950.16,590.8349
322129,1755825000,BTC,2500,2500,0.4957,-82.5604,0.0063,0.5000,-4000.3511,306382,0.4549,-1950.18,590.8349
322130,1755825060,BTC,2500,2500,0.4957,-82.5604,0.0063,0.5000,-4000.3911,306383,0.4549,-1950.20,590.8349
322131,1755825120,BTC,2500,2500,0.4957,-82.5604,0.0063,0.5000,-4000.3708,306384,0.4549,-1950.19,590.8349
322132,1755825180,BTC,2500,2500,0.4957,-82.5604,0.0063,0.5000,-4000.3511,306385,0.4549,-1950.18,590.8349
322133,1755825240,BTC,2500,2500,0.4957,-82.5604,0.0063,0.3273,-4000.3911,306386,0.4549,-1950.20,590.8349
322134,1755825300,BTC,2500,2500,0.4957,-82.5604,0.0063,0.3273,-4000.4312,306387,0.4549,-1950.22,590.8349
322135,1755825360,BTC,2500,2500,0.4957,-82.5604,0.0063,0.3273,-4000.4109,306388,0.4549,-1950.21,590.8349
322136,1755825420,BTC,2500,2500,0.4957,-82.5604,0.0063,0.3273,-4000.3911,306389,0.4549,-1950.20,590.8349
322137,1755825480,BTC,2500,2500,0.4957,-82.5604,0.0063,0.5000,-4000.3708,306390,0.4549,-1950.19,590.8349
322138,1755825540,BTC,2500,2500,0.4957,-82.5604,0.0063,0.5000,-4000.3511,306391,0.4549,-1950.18,590.8349
322139,1755825600,BTC,2500,2500,0.4957,-82.5604,0.0063,0.5000,-4000.3308,306392,0.4549,-1950.17,590.8349
322140,1755825660,BTC,2500,2500,0.4957,-82.5604,0.0063,0.5000,-4000.3108,306393,0.4549,-1950.16,590.8349
322141,1755825720,BTC,2500,2500,0.4957,-82.5604,0.0063,0.5000,-4000.3511,306394,0.4549,-1950.18,590.8349
322142,1755825780,BTC,2500,2500,0.4957,-82.5604,0.0063,0.5000,-4000.3308,306395,0.4549,-1950.17,590.8349
322143,1755825840,BTC,2500,2500,0.4957,-82.5604,0.0063,0.5000,-4000.3108,306396,0.4549,-1950.16,590.8349
322144,1755825900,BTC,2500,2500,0.4957,-82.5604,0.0063,0.5000,-4000.2908,306397,0.4549,-1950.15,590.8349
322145,1755825960,BTC,2500,2500,0.4957,-82.5604,0.0063,0.5000,-4000.2708,306398,0.4549,-1950.14,590.8349
322146,1755826020,BTC,2500,2500,0.4957,-82.5604,0.0063,0.5000,-4000.2507,306399,0.4549,-1950.13,590.8349
322147,1755826080,BTC,2500,2500,0.4957,-82.5604,0.0063,0.5000,-4000.2307,306400,0.4549,-1950.12,590.8349
322148,1755826140,BTC,2500,2500,0.4957,-82.5604,0.0063,0.5000,-4000.2708,306401,0.4549,-1950.14,590.8349
322149,1755826200,BTC,2500,2500,0.4957,-82.5604,0.0063,0.3273,-4000.2507,306402,0.4549,-1950.13,590.8349
322150,1755826260,BTC,2500,2500,0.4957,-82.5604,0.0063,0.3273,-4000.2908,306403,0.4549,-1950.15,590.8349
322151,1755826320,BTC,2500,2500,0.4957,-82.5604,0.0063,0.3273,-4000.2708,306404,0.4549,-1950.14,590.8349
322152,1755826380,BTC,2500,2500,0.4957,-82.5604,0.0063,0.3273,-4000.3108,306405,0.4549,-1950.16,590.8349
322153,1755826440,BTC,2500,2500,0.4957,-82.5604,0.0063,0.3273,-4000.3511,306406,0.4549,-1950.18,590.8349
322154,1755826500,BTC,2500,2500,0.4957,-82.5604,0.0063,0.3273,-4000.3911,306407,0.4549,-1950.20,590.8349
322155,1755826560,BTC,2500,2500,0.4957,-82.5604,0.0063,0.3273,-4000.4312,306408,0.4549,-1950.22,590.8349
322156,1755826620,BTC,2500,2500,0.4957,-82.5604,0.0063,0.3273,-4000.4712,306409,0.4549,-1950.24,590.8349
322157,1755826680,BTC,2500,2500,0.4957,-82.5604,0.0063,0.3273,-4000.4509,306410,0.4549,-1950.23,590.8349
322158,1755826740,BTC,2500,2500,0.4957,-82.5604,0.0063,0.3273,-4000.4312,306411,0.4549,-1950.22,590.8349
322159,1755826800,BTC,2500,2500,0.4957,-82.5604,0.0063,0.3273,-4000.4712,306412,0.4549,-1950.24,590.8349
322160,1755826860,BTC,2500,2500,0.4957,-82.5604,0.0063,0.3273,-4000.4509,306413,0.4549,-1950.23,590.8349
322161,1755826920,BTC,2500,2500,0.4957,-82.5604,0.0063,0.3273,-4000.4910,306414,0.4549,-1950.25,590.8349
322162,1755826980,BTC,2500,2500,0.4957,-82.5604,0.0063,0.3273,-4000.5310,306415,0.4549,-1950.27,590.8349
322163,1755827040,BTC,2500,2500,0.4957,-82.5604,0.0063,0.3273,-4000.5710,306416,0.4549,-1950.29,590.8349
322164,1755827100,BTC,2500,2500,0.4957,-82.5604,0.0063,0.3273,-4000.5508,306417,0.4549,-1950.28,590.8349
322165,1755827160,BTC,2500,2500,0.4957,-82.5604,0.0063,0.3273,-4000.5310,306418,0.4549,-1950.27,590.8349
322166,1755827220,BTC,2500,2500,0.4957,-82.5604,0.0063,0.3273,-4000.5710,306419,0.4549,-1950.29,590.8349
322167,1755827280,BTC,2500,2500,0.4957,-82.5604,0.0063,0.3273,-4000.5508,306420,0.4549,-1950.28,590.8349
322168,1755827340,BTC,2500,2500,0.4957,-82.5604,0.0063,0.3273,-4000.5310,306421,0.4549,-1950.27,590.8349
322169,1755827400,BTC,2500,2500,0.4957,-82.5604,0.0063,0.3273,-4000.5112,306422,0.4549,-1950.26,590.8349
322170,1755827460,BTC,2500,2500,0.4957,-82.5604,0.0063,0.3273,-4000.4910,306423,0.4549,-1950.25,590.8349
322171,1755827520,BTC,2500,2500,0.4957,-82.5604,0.0063,0.3273,-4000.4712,306424,0.4549,-1950.24,590.8349
322172,1755827580,BTC,2500,2500,0.4957,-82.5604,0.0063,0.5000,-4000.4509,306425,0.4549,-1950.23,590.8349
322173,1755827640,BTC,2500,2500,0.4957,-82.5604,0.0063,0.5000,-4000.4312,306426,0.4549,-1950.22,590.8349
322174,1755827700,BTC,2500,2500,0.4957,-82.5604,0.0063,0.3273,-4000.4109,306427,0.4549,-1950.21,590.8349
322175,1755827760,BTC,2500,2500,0.4957,-82.5604,0.0063,0.3273,-4000.3911,306428,0.4549,-1950.20,590.8349
322176,1755827820,BTC,2500,2500,0.4957,-82.5604,0.0063,0.3273,-4000.4312,306429,0.4549,-1950.22,590.8349
322177,1755827880,BTC,2500,2500,0.4957,-82.5604,0.0063,0.3273,-4000.4712,306430,0.4549,-1950.24,590.8349
322178,1755827940,BTC,2500,2500,0.4957,-82.5604,0.0063,0.3273,-4000.4509,306431,0.4549,-1950.23,590.8349
322179,1755828000,BTC,2500,2500,0.4957,-82.5604,0.0063,0.3273,-4000.4910,306432,0.4549,-1950.25,590.8349
322180,1755828060,BTC,2500,2500,0.4957,-82.5604,0.0063,0.3273,-4000.5310,306433,0.4549,-1950.27,590.8349
322181,1755828120,BTC,2500,2500,0.4957,-82.5604,0.0063,0.3273,-4000.5710,306434,0.4549,-1950.29,590.8349
322182,1755828180,BTC,2500,2500,0.4957,-82.5604,0.0063,0.3273,-4000.6111,306435,0.4549,-1950.31,590.8349
322183,1755828240,BTC,2500,2500,0.4957,-82.5604,0.0063,0.3273,-4000.5908,306436,0.4549,-1950.30,590.8349
322184,1755828300,BTC,2500,2500,0.4957,-82.5604,0.0063,0.3273,-4000.6309,306437,0.4549,-1950.32,590.8349
322185,1755828360,BTC,2500,2500,0.4957,-82.5604,0.0063,0.3273,-4000.6709,306438,0.4549,-1950.34,590.8349
322186,1755828420,BTC,2500,2500,0.4957,-82.5604,0.0063,0.3273,-4000.7109,306439,0.4549,-1950.36,590.8349
322187,1755828480,BTC,2500,2500,0.4957,-82.5604,0.0063,0.3273,-4000.7512,306440,0.4549,-1950.38,590.8349
322188,1755828540,BTC,2500,2500,0.4957,-82.5604,0.0063,0.5000,-4000.7312,306441,0.4549,-1950.37,590.8349
322189,1755828600,BTC,2500,2500,0.4957,-82.5604,0.0063,0.5000,-4000.7109,306442,0.4549,-1950.36,590.8349
322190,1755828660,BTC,2500,2500,0.4957,-82.5604,0.0063,0.5000,-4000.6912,306443,0.4549,-1950.35,590.8349
322191,1755828720,BTC,2500,2500,0.4957,-82.5604,0.0063,0.5000,-4000.6709,306444,0.4549,-1950.34,590.8349
322192,1755828780,BTC,2500,2500,0.4957,-82.5604,0.0063,0.5000,-4000.6511,306445,0.4549,-1950.33,590.8349
322193,1755828840,BTC,2500,2500,0.4957,-82.5604,0.0063,0.5000,-4000.6309,306446,0.4549,-1950.32,590.8349
322194,1755828900,BTC,2500,2500,0.4957,-82.5604,0.0063,0.5000,-4000.6111,306447,0.4549,-1950.31,590.8349
322195,1755828960,BTC,2500,2500,0.4957,-82.5604,0.0063,0.5000,-4000.6511,306448,0.4549,-1950.33,590.8349
322196,1755829020,BTC,2500,2500,0.4957,-82.5604,0.0063,0.3273,-4000.6309,306449,0.4549,-1950.32,590.8349
322197,1755829080,BTC,2500,2500,0.4957,-82.5604,0.0063,0.3273,-4000.6709,306450,0.4549,-1950.34,590.8349
322198,1755829140,BTC,2500,2500,0.4957,-82.5604,0.0063,0.5000,-4000.6511,306451,0.4549,-1950.33,590.8349
322199,1755829200,BTC,2500,2500,0.4957,-82.5604,0.0063,0.3273,-4000.6309,306452,0.4549,-1950.32,590.8349
322200,1755829260,BTC,2500,2500,0.4957,-82.5604,0.0063,0.3273,-4000.6709,306453,0.4549,-1950.34,590.8349
322201,1755829320,BTC,2500,2500,0.4957,-82.5604,0.0063,0.3273,-4000.6511,306454,0.4549,-1950.33,590.8349
322202,1755829380,BTC,2500,2500,0.4957,-82.5604,0.0063,0.3273,-4000.6912,306455,0.4549,-1950.35,590.8349
322203,1755829440,BTC,2500,2500,0.4957,-82.5604,0.0063,0.3273,-4000.7312,306456,0.4549,-1950.37,590.8349
322204,1755829500,BTC,2500,2500,0.4957,-82.5604,0.0063,0.3273,-4000.7109,306457,0.4549,-1950.36,590.8349
322205,1755829560,BTC,2500,2500,0.4957,-82.5604,0.0063,0.5000,-4000.6912,306458,0.4549,-1950.35,590.8349
322206,1755829620,BTC,2500,2500,0.4957,-82.5604,0.0063,0.3273,-4000.6709,306459,0.4549,-1950.34,590.8349
322207,1755829680,BTC,2500,2500,0.4957,-82.5604,0.0063,0.3273,-4000.6511,306460,0.4549,-1950.33,590.8349
322208,1755829740,BTC,2500,2500,0.4957,-82.5604,0.0063,0.3273,-4000.6309,306461,0.4549,-1950.32,590.8349
322209,1755829800,BTC,2500,2500,0.4957,-82.5604,0.0063,0.3273,-4000.6111,306462,0.4549,-1950.31,590.8349
322210,1755829860,BTC,2500,2500,0.4957,-82.5604,0.0063,0.3273,-4000.5908,306463,0.4549,-1950.30,590.8349
322211,1755829920,BTC,2500,2500,0.4957,-82.5604,0.0063,0.3273,-4000.6309,306464,0.4549,-1950.32,590.8349
322212,1755829980,BTC,2500,2500,0.4957,-82.5604,0.0063,0.3273,-4000.6111,306465,0.4549,-1950.31,590.8349
322213,1755830040,BTC,2500,2500,0.4957,-82.5604,0.0063,0.3273,-4000.6511,306466,0.4549,-1950.33,590.8349
322214,1755830100,BTC,2500,2500,0.4957,-82.5604,0.0063,0.3273,-4000.6912,306467,0.4549,-1950.35,590.8349
322215,1755830160,BTC,2500,2500,0.4957,-82.5604,0.0063,0.3273,-4000.7312,306468,0.4549,-1950.37,590.8349
322216,1755830220,BTC,2500,2500,0.4957,-82.5604,0.0063,0.3273,-4000.7109,306469,0.4549,-1950.36,590.8349
322217,1755830280,BTC,2500,2500,0.4957,-82.5604,0.0063,0.3273,-4000.6912,306470,0.4549,-1950.35,590.8349
322218,1755830340,BTC,2500,2500,0.4957,-82.5604,0.0063,0.3273,-4000.7312,306471,0.4549,-1950.37,590.8349
322219,1755830400,BTC,2500,2500,0.4957,-82.5604,0.0063,0.3273,-4000.7109,306472,0.4549,-1950.36,590.8349
322220,1755830460,BTC,2500,2500,0.4957,-82.5604,0.0063,0.3273,-4000.6912,306473,0.4549,-1950.35,590.8349
322221,1755830520,BTC,2500,2500,0.4957,-82.5604,0.0063,0.3273,-4000.7312,306474,0.4549,-1950.37,590.8349
322222,1755830580,BTC,2500,2500,0.4957,-82.5604,0.0063,0.3273,-4000.7712,306475,0.4549,-1950.39,590.8349
322223,1755830640,BTC,2500,2500,0.4957,-82.5604,0.0063,0.3273,-4000.8113,306476,0.4549,-1950.41,590.8349
322224,1755830700,BTC,2500,2500,0.4957,-82.5604,0.0063,0.5000,-4000.8516,306477,0.4549,-1950.43,590.8349
322225,1755830760,BTC,2500,2500,0.4957,-82.5604,0.0063,0.3273,-4000.8916,306478,0.4549,-1950.45,590.8349
322226,1755830820,BTC,2500,2500,0.4957,-82.5604,0.0063,0.3273,-4000.9316,306479,0.4549,-1950.47,590.8349
322227,1755830880,BTC,2500,2500,0.4957,-82.5604,0.0063,0.3273,-4000.9717,306480,0.4549,-1950.49,590.8349
322228,1755830940,BTC,2500,2500,0.4957,-82.5604,0.0063,0.3273,-4001.0117,306481,0.4549,-1950.51,590.8349
322229,1755831000,BTC,2500,2500,0.4957,-82.5604,0.0063,0.3273,-4001.0513,306482,0.4549,-1950.53,590.8349
322230,1755831060,BTC,2500,2500,0.4957,-82.5604,0.0063,0.3273,-4001.0913,306483,0.4549,-1950.55,590.8349
322231,1755831120,BTC,2500,2500,0.4957,-82.5604,0.0063,0.3273,-4001.0913,306483,0.4549,-1950.55,590.8349
322232,1755831180,BTC,2500,2500,0.4957,-82.5604,0.0063,0.3273,-4001.0913,306483,0.4549,-1950.55,590.8349
322233,1755831240,BTC,2500,2500,0.4957,-82.5604,0.0063,0.3273,-4001.0913,306483,0.4549,-1950.55,590.8349
322234,1755831300,BTC,2500,2500,0.4957,-82.5604,0.0063,0.3273,-4001.0913,306483,0.4549,-1950.55,590.8349
322235,1755831360,BTC,2500,2500,0.4957,-82.5604,0.0063,0.3273,-4001.0913,306483,0.4549,-1950.55,590.8349
322236,1755831420,BTC,2500,2500,0.4957,-82.5604,0.0063,0.3273,-4001.0913,306483,0.4549,-1950.55,590.8349
322237,1755831480,BTC,2500,2500,0.4957,-82.5604,0.0063,0.5000,-4001.0913,306483,0.4549,-1950.55,590.8349
322238,1755831540,BTC,2500,2500,0.4957,-82.5604,0.0063,0.5000,-4001.0913,306483,0.4549,-1950.55,590.8349
322239,1755831600,BTC,2500,2500,0.4957,-82.5604,0.0063,0.5000,-4001.0913,306483,0.4549,-1950.55,590.8349
322240,1755831660,BTC,2500,2500,0.4957,-82.5604,0.0063,0.5000,-4001.0913,306483,0.4549,-1950.55,590.8349
322241,1755831720,BTC,2500,2500,0.4957,-82.5604,0.0063,0.5000,-4001.0913,306483,0.4549,-1950.55,590.8349
322242,1755831780,BTC,2500,2500,0.4957,-82.5604,0.0063,0.3273,-4001.0913,306483,0.4549,-1950.55,590.8349
322243,1755831840,BTC,2500,2500,0.4957,-82.5604,0.0063,0.3273,-4001.0913,306483,0.4549,-1950.55,590.8349
322244,1755831900,BTC,2500,2500,0.4957,-82.5604,0.0063,0.3273,-4001.0913,306483,0.4549,-1950.55,590.8349
322245,1755831960,BTC,2500,2500,0.4957,-82.5604,0.0063,0.3273,-4001.0913,306483,0.4549,-1950.55,590.8349
322246,1755832020,BTC,2500,2500,0.4957,-82.5604,0.0063,0.3273,-4001.0913,306483,0.4549,-1950.55,590.8349
322247,1755832080,BTC,2500,2500,0.4957,-82.5604,0.0063,0.3273,-4001.0913,306483,0.4549,-1950.55,590.8349
322248,1755832140,BTC,2500,2500,0.4957,-82.5604,0.0063,0.5000,-4001.0913,306483,0.4549,-1950.55,590.8349
322249,1755832200,BTC,2500,2500,0.4957,-82.5604,0.0063,0.3273,-4001.0913,306483,0.4549,-1950.55,590.8349
322250,1755832260,BTC,2500,2500,0.4957,-82.5604,0.0063,0.3273,-4001.0913,306483,0.4549,-1950.55,590.8349
322251,1755832320,BTC,2500,2500,0.4957,-82.5604,0.0063,0.5000,-4001.0913,306483,0.4549,-1950.55,590.8349
322252,1755832380,BTC,2500,2500,0.4957,-82.5604,0.0063,0.3273,-4001.0913,306483,0.4549,-1950.55,590.8349
322253,1755832440,BTC,2500,2500,0.4957,-82.5604,0.0063,0.3273,-4001.0913,306483,0.4549,-1950.55,590.8349
322254,1755832500,BTC,2500,2500,0.4957,-82.5604,0.0063,0.3273,-4001.0913,306483,0.4549,-1950.55,590.8349
322255,1755832560,BTC,2500,2500,0.4957,-82.5604,0.0063,0.3273,-4001.0913,306483,0.4549,-1950.55,590.8349
322256,1755832620,BTC,2500,2500,0.4957,-82.5604,0.0063,0.3273,-4001.0913,306483,0.4549,-1950.55,590.8349
322257,1755832680,BTC,2500,2500,0.4957,-82.5604,0.0063,0.3273,-4001.0913,306483,0.4549,-1950.55,590.8349
322258,1755832740,BTC,2500,2500,0.4957,-82.5604,0.0063,0.3273,-4001.0913,306483,0.4549,-1950.55,590.8349
322259,1755832800,BTC,2500,2500,0.4957,-82.5604,0.0063,0.3273,-4001.0913,306483,0.4549,-1950.55,590.8349
322260,1755832860,BTC,2500,2500,0.4957,-82.5604,0.0063,0.5000,-4001.0913,306483,0.4549,-1950.55,590.8349
322261,1755832920,BTC,2500,2500,0.4957,-82.5604,0.0063,0.5000,-4001.0913,306483,0.4549,-1950.55,590.8349
322262,1755832980,BTC,2500,2500,0.4957,-82.5604,0.0063,0.5000,-4001.0913,306483,0.4549,-1950.55,590.8349
322263,1755833040,BTC,2500,2500,0.4957,-82.5604,0.0063,0.3273,-4001.0913,306483,0.4549,-1950.55,590.8349
322264,1755833100,BTC,2500,2500,0.4957,-82.5604,0.0063,0.3273,-4001.0913,306483,0.4549,-1950.55,590.8349
322265,1755833160,BTC,2500,2500,0.4957,-82.5604,0.0063,0.3273,-4001.0913,306483,0.4549,-1950.55,590.8349
322266,1755833220,BTC,2500,2500,0.4957,-82.5604,0.0063,0.3273,-4001.0913,306483,0.4549,-1950.55,590.8349
322267,1755833280,BTC,2500,2500,0.4957,-82.5604,0.0063,0.3273,-4001.0913,306483,0.4549,-1950.55,590.8349
322268,1755833340,BTC,2500,2500,0.4957,-82.5604,0.0063,0.3273,-4001.0913,306483,0.4549,-1950.55,590.8349
322269,1755833400,BTC,2500,2500,0.4957,-82.5604,0.0063,0.3273,-4001.0913,306483,0.4549,-1950.55,590.8349
322270,1755833460,BTC,2500,2500,0.4957,-82.5604,0.0063,0.3273,-4001.0913,306483,0.4549,-1950.55,590.8349
322271,1755833520,BTC,2500,2500,0.4957,-82.5604,0.0063,0.3273,-4001.0913,306483,0.4549,-1950.55,590.8349
322272,1755833580,BTC,2500,2500,0.4957,-82.5604,0.0063,0.3273,-4001.0913,306483,0.4549,-1950.55,590.8349
322273,1755833640,BTC,2500,2500,0.4957,-82.5604,0.0063,0.3273,-4001.0913,306483,0.4549,-1950.55,590.8349
322274,1755833700,BTC,2500,2500,0.4957,-82.5604,0.0063,0.3273,-4001.0913,306483,0.4549,-1950.55,590.8349
322275,1755833760,BTC,2500,2500,0.4957,-82.5604,0.0063,0.3273,-4001.0913,306483,0.4549,-1950.55,590.8349
322276,1755833820,BTC,2500,2500,0.4957,-82.5604,0.0063,0.3273,-4001.0913,306483,0.4549,-1950.55,590.8349
322277,1755833880,BTC,2500,2500,0.4957,-82.5604,0.0063,0.3273,-4001.0913,306483,0.4549,-1950.55,590.8349
322278,1755833940,BTC,2500,2500,0.4957,-82.5604,0.0063,0.3273,-4001.0913,306483,0.4549,-1950.55,590.8349
322279,1755834000,BTC,2500,2500,0.4957,-82.5604,0.0063,0.3273,-4001.0913,306483,0.4549,-1950.55,590.8349
322280,1755834060,BTC,2500,2500,0.4957,-82.5604,0.0063,0.3273,-4001.0913,306483,0.4549,-1950.55,590.8349
322281,1755834120,BTC,2500,2500,0.4957,-82.5604,0.0063,0.3273,-4001.0913,306483,0.4549,-1950.55,590.8349
322282,1755834180,BTC,2500,2500,0.4957,-82.5604,0.0063,0.3273,-4001.1313,306484,0.4549,-1950.57,590.8349
322283,1755834240,BTC,2500,2500,0.4957,-82.5604,0.0063,0.5000,-4001.1714,306485,0.4549,-1950.59,590.8349
322284,1755834300,BTC,2500,2500,0.4957,-82.5604,0.0063,0.5000,-4001.1516,306486,0.4549,-1950.58,590.8349
322285,1755834360,BTC,2500,2500,0.4957,-82.5604,0.0063,0.5000,-4001.1917,306487,0.4549,-1950.60,590.8349
322286,1755834420,BTC,2500,2500,0.4957,-82.5604,0.0063,0.5000,-4001.1714,306488,0.4549,-1950.59,590.8349
322287,1755834480,BTC,2500,2500,0.4957,-82.5604,0.0063,0.5000,-4001.1516,306489,0.4549,-1950.58,590.8349
322288,1755834540,BTC,2500,2500,0.4957,-82.5604,0.0063,0.3273,-4001.1917,306490,0.4549,-1950.60,590.8349
322289,1755834600,BTC,2500,2500,0.4957,-82.5604,0.0063,0.3273,-4001.1714,306491,0.4549,-1950.59,590.8349
322290,1755834660,BTC,2500,2500,0.4957,-82.5604,0.0063,0.3273,-4001.1516,306492,0.4549,-1950.58,590.8349
322291,1755834720,BTC,2500,2500,0.4957,-82.5604,0.0063,0.3273,-4001.1917,306493,0.4549,-1950.60,590.8349
322292,1755834780,BTC,2500,2500,0.4957,-82.5604,0.0063,0.5000,-4001.2317,306494,0.4549,-1950.62,590.8349
322293,1755834840,BTC,2500,2500,0.4957,-82.5604,0.0063,0.3273,-4001.2717,306495,0.4549,-1950.64,590.8349
322294,1755834900,BTC,2500,2500,0.4957,-82.5604,0.0063,0.3273,-4001.2517,306496,0.4549,-1950.63,590.8349
322295,1755834960,BTC,2500,2500,0.4957,-82.5604,0.0063,0.5000,-4001.2917,306497,0.4549,-1950.65,590.8349
322296,1755835020,BTC,2500,2500,0.4957,-82.5604,0.0063,0.5000,-4001.3318,306498,0.4549,-1950.67,590.8349
322297,1755835080,BTC,2500,2500,0.4957,-82.5604,0.0063,0.5000,-4001.3718,306499,0.4549,-1950.69,590.8349
322298,1755835140,BTC,2500,2500,0.4957,-82.5604,0.0063,0.5000,-4001.3521,306500,0.4549,-1950.68,590.8349
322299,1755835200,BTC,2500,2500,0.4957,-82.5604,0.0063,0.3273,-4001.3921,306501,0.4549,-1950.70,590.8349
322300,1755835260,BTC,2500,2500,0.4957,-82.5604,0.0063,0.3273,-4001.4321,306502,0.4549,-1950.72,590.8349
322301,1755835320,BTC,2500,2500,0.4957,-82.5604,0.0063,0.3273,-4001.4119,306503,0.4549,-1950.71,590.8349
322302,1755835380,BTC,2500,2500,0.4957,-82.5604,0.0063,0.3273,-4001.4519,306504,0.4549,-1950.73,590.8349
322303,1755835440,BTC,2500,2500,0.4957,-82.5604,0.0063,0.3273,-4001.4919,306505,0.4549,-1950.75,590.8349
322304,1755835500,BTC,2500,2500,0.4957,-82.5604,0.0063,0.3273,-4001.5320,306506,0.4549,-1950.77,590.8349
322305,1755835560,BTC,2500,2500,0.4957,-82.5604,0.0063,0.5000,-4001.5122,306507,0.4549,-1950.76,590.8349
322306,1755835620,BTC,2500,2500,0.4957,-82.5604,0.0063,0.5000,-4001.4919,306508,0.4549,-1950.75,590.8349
322307,1755835680,BTC,2500,2500,0.4957,-82.5604,0.0063,0.3273,-4001.5320,306509,0.4549,-1950.77,590.8349
322308,1755835740,BTC,2500,2500,0.4957,-82.5604,0.0063,0.3273,-4001.5122,306510,0.4549,-1950.76,590.8349
322309,1755835800,BTC,2500,2500,0.4957,-82.5604,0.0063,0.3273,-4001.5518,306511,0.4549,-1950.78,590.8349
322310,1755835860,BTC,2500,2500,0.4957,-82.5604,0.0063,0.3273,-4001.5918,306512,0.4549,-1950.80,590.8349
322311,1755835920,BTC,2500,2500,0.4957,-82.5604,0.0063,0.3273,-4001.6318,306513,0.4549,-1950.82,590.8349
322312,1755835980,BTC,2500,2500,0.4957,-82.5604,0.0063,0.3273,-4001.6719,306514,0.4549,-1950.84,590.8349
322313,1755836040,BTC,2500,2500,0.4957,-82.5604,0.0063,0.3273,-4001.7119,306515,0.4549,-1950.86,590.8349
322314,1755836100,BTC,2500,2500,0.4957,-82.5604,0.0063,0.3273,-4001.7522,306516,0.4549,-1950.88,590.8349
322315,1755836160,BTC,2500,2500,0.4957,-82.5604,0.0063,0.3273,-4001.7922,306517,0.4549,-1950.90,590.8349
322316,1755836220,BTC,2500,2500,0.4957,-82.5604,0.0063,0.5000,-4001.7722,306518,0.4549,-1950.89,590.8349
322317,1755836280,BTC,2500,2500,0.4957,-82.5604,0.0063,0.5000,-4001.7522,306519,0.4549,-1950.88,590.8349
322318,1755836340,BTC,2500,2500,0.4957,-82.5604,0.0063,0.5000,-4001.7322,306520,0.4549,-1950.87,590.8349
322319,1755836400,BTC,2500,2500,0.4957,-82.5604,0.0063,0.5000,-4001.7119,306521,0.4549,-1950.86,590.8349
322320,1755836460,BTC,2500,2500,0.4957,-82.5604,0.0063,0.5000,-4001.7522,306522,0.4549,-1950.88,590.8349
322321,1755836520,BTC,2500,2500,0.4957,-82.5604,0.0063,0.3273,-4001.7922,306523,0.4549,-1950.90,590.8349
322322,1755836580,BTC,2500,2500,0.4957,-82.5604,0.0063,0.3273,-4001.7722,306524,0.4549,-1950.89,590.8349
322323,1755836640,BTC,2500,2500,0.4957,-82.5604,0.0063,0.3273,-4001.8123,306525,0.4549,-1950.91,590.8349
322324,1755836700,BTC,2500,2500,0.4957,-82.5604,0.0063,0.3273,-4001.8525,306526,0.4549,-1950.93,590.8349
322325,1755836760,BTC,2500,2500,0.4957,-82.5604,0.0063,0.3273,-4001.8323,306527,0.4549,-1950.92,590.8349
322326,1755836820,BTC,2500,2500,0.4957,-82.5604,0.0063,0.5000,-4001.8723,306528,0.4549,-1950.94,590.8349
322327,1755836880,BTC,2500,2500,0.4957,-82.5604,0.0063,0.5000,-4001.9124,306529,0.4549,-1950.96,590.8349
322328,1755836940,BTC,2500,2500,0.4957,-82.5604,0.0063,0.5000,-4001.8926,306530,0.4549,-1950.95,590.8349
322329,1755837000,BTC,2500,2500,0.4957,-82.5604,0.0063,0.5000,-4001.9326,306531,0.4549,-1950.97,590.8349
322330,1755837060,BTC,2500,2500,0.4957,-82.5604,0.0063,0.5000,-4001.9124,306532,0.4549,-1950.96,590.8349
322331,1755837120,BTC,2500,2500,0.4957,-82.5604,0.0063,0.3273,-4001.9524,306533,0.4549,-1950.98,590.8349
322332,1755837180,BTC,2500,2500,0.4957,-82.5604,0.0063,0.3273,-4001.9924,306534,0.4549,-1951.00,590.8349
322333,1755837240,BTC,2500,2500,0.4957,-82.5604,0.0063,0.3273,-4001.9727,306535,0.4549,-1950.99,590.8349
322334,1755837300,BTC,2500,2500,0.4957,-82.5604,0.0063,0.3273,-4002.0127,306536,0.4549,-1951.01,590.8349
322335,1755837360,BTC,2500,2500,0.4957,-82.5604,0.0063,0.3273,-4002.0522,306537,0.4549,-1951.03,590.8349
322336,1755837420,BTC,2500,2500,0.4957,-82.5604,0.0063,0.3273,-4002.0923,306538,0.4549,-1951.05,590.8349
322337,1755837480,BTC,2500,2500,0.4957,-82.5604,0.0063,0.3273,-4002.1323,306539,0.4549,-1951.07,590.8349
322338,1755837540,BTC,2500,2500,0.4957,-82.5604,0.0063,0.3273,-4002.1125,306540,0.4549,-1951.06,590.8349
322339,1755837600,BTC,2500,2500,0.4957,-82.5604,0.0063,0.3273,-4002.1526,306541,0.4549,-1951.08,590.8349
322340,1755837660,BTC,2500,2500,0.4957,-82.5604,0.0063,0.3273,-4002.1323,306542,0.4549,-1951.07,590.8349
322341,1755837720,BTC,2500,2500,0.4957,-82.5604,0.0063,0.3273,-4002.1724,306543,0.4549,-1951.09,590.8349
322342,1755837780,BTC,2500,2500,0.4957,-82.5604,0.0063,0.3273,-4002.2124,306544,0.4549,-1951.11,590.8349
322343,1755837840,BTC,2500,2500,0.4957,-82.5604,0.0063,0.3273,-4002.2527,306545,0.4549,-1951.13,590.8349
322344,1755837900,BTC,2500,2500,0.4957,-82.5604,0.0063,0.3273,-4002.2327,306546,0.4549,-1951.12,590.8349
322345,1755837960,BTC,2500,2500,0.4957,-82.5604,0.0063,0.5000,-4002.2727,306547,0.4549,-1951.14,590.8349
322346,1755838020,BTC,2500,2500,0.4957,-82.5604,0.0063,0.5000,-4002.3127,306548,0.4549,-1951.16,590.8349
322347,1755838080,BTC,2500,2500,0.4957,-82.5604,0.0063,0.5000,-4002.3530,306549,0.4549,-1951.18,590.8349
322348,1755838140,BTC,2500,2500,0.4957,-82.5604,0.0063,0.5000,-4002.3931,306550,0.4549,-1951.20,590.8349
322349,1755838200,BTC,2500,2500,0.4957,-82.5604,0.0063,0.5000,-4002.4331,306551,0.4549,-1951.22,590.8349
322350,1755838260,BTC,2500,2500,0.4957,-82.5604,0.0063,0.5000,-4002.4128,306552,0.4549,-1951.21,590.8349
322351,1755838320,BTC,2500,2500,0.4957,-82.5604,0.0063,0.5000,-4002.4529,306553,0.4549,-1951.23,590.8349
322352,1755838380,BTC,2500,2500,0.4957,-82.5604,0.0063,0.5000,-4002.4929,306554,0.4549,-1951.25,590.8349
322353,1755838440,BTC,2500,2500,0.4957,-82.5604,0.0063,0.5000,-4002.5330,306555,0.4549,-1951.27,590.8349
322354,1755838500,BTC,2500,2500,0.4957,-82.5604,0.0063,0.5000,-4002.5730,306556,0.4549,-1951.29,590.8349
322355,1755838560,BTC,2500,2500,0.4957,-82.5604,0.0063,0.5000,-4002.6130,306557,0.4549,-1951.31,590.8349
322356,1755838620,BTC,2500,2500,0.4957,-82.5604,0.0063,0.5000,-4002.6531,306558,0.4549,-1951.33,590.8349
322357,1755838680,BTC,2500,2500,0.4957,-82.5604,0.0063,0.3273,-4002.6931,306559,0.4549,-1951.35,590.8349
322358,1755838740,BTC,2500,2500,0.4957,-82.5604,0.0063,0.3273,-4002.7332,306560,0.4549,-1951.37,590.8349
322359,1755838800,BTC,2500,2500,0.4957,-82.5604,0.0063,0.3273,-4002.7732,306561,0.4548,-1951.39,590.8349
322360,1755838860,BTC,2500,2500,0.4957,-82.5604,0.0063,0.3273,-4002.7532,306562,0.4549,-1951.38,590.8349
322361,1755838920,BTC,2500,2500,0.4957,-82.5604,0.0063,0.3273,-4002.7932,306563,0.4548,-1951.40,590.8349
322362,1755838980,BTC,2500,2500,0.4957,-82.5604,0.0063,0.3273,-4002.7732,306564,0.4549,-1951.39,590.8349
322363,1755839040,BTC,2500,2500,0.4957,-82.5604,0.0063,0.3273,-4002.8132,306565,0.4548,-1951.41,590.8349
322364,1755839100,BTC,2500,2500,0.4957,-82.5604,0.0063,0.5000,-4002.7932,306566,0.4549,-1951.40,590.8349
322365,1755839160,BTC,2500,2500,0.4957,-82.5604,0.0063,0.5000,-4002.7732,306567,0.4549,-1951.39,590.8349
322366,1755839220,BTC,2500,2500,0.4957,-82.5604,0.0063,0.5000,-4002.7532,306568,0.4549,-1951.38,590.8349
322367,1755839280,BTC,2500,2500,0.4957,-82.5604,0.0063,0.5000,-4002.7932,306569,0.4549,-1951.40,590.8349
322368,1755839340,BTC,2500,2500,0.4957,-82.5604,0.0063,0.3273,-4002.7732,306570,0.4549,-1951.39,590.8349
322369,1755839400,BTC,2500,2500,0.4957,-82.5604,0.0063,0.3273,-4002.7532,306571,0.4549,-1951.38,590.8349
322370,1755839460,BTC,2500,2500,0.4957,-82.5604,0.0063,0.3273,-4002.7932,306572,0.4549,-1951.40,590.8349
322371,1755839520,BTC,2500,2500,0.4957,-82.5604,0.0063,0.3273,-4002.8333,306573,0.4549,-1951.42,590.8349
322372,1755839580,BTC,2500,2500,0.4957,-82.5604,0.0063,0.3273,-4002.8132,306574,0.4549,-1951.41,590.8349
322373,1755839640,BTC,2500,2500,0.4957,-82.5604,0.0063,0.3273,-4002.8535,306575,0.4549,-1951.43,590.8349
322374,1755839700,BTC,2500,2500,0.4957,-82.5604,0.0063,0.3273,-4002.8936,306576,0.4549,-1951.45,590.8349
322375,1755839760,BTC,2500,2500,0.4957,-82.5604,0.0063,0.3273,-4002.8733,306577,0.4549,-1951.44,590.8349
322376,1755839820,BTC,2500,2500,0.4957,-82.5604,0.0063,0.3273,-4002.8535,306578,0.4549,-1951.43,590.8349
322377,1755839880,BTC,2500,2500,0.4957,-82.5604,0.0063,0.3273,-4002.8936,306579,0.4549,-1951.45,590.8349
322378,1755839940,BTC,2500,2500,0.4957,-82.5604,0.0063,0.3273,-4002.8733,306580,0.4549,-1951.44,590.8349
322379,1755840000,BTC,2500,2500,0.4957,-82.5604,0.0063,0.3273,-4002.8535,306581,0.4549,-1951.43,590.8349
322380,1755840060,BTC,2500,2500,0.4957,-82.5604,0.0063,0.3273,-4002.8936,306582,0.4549,-1951.45,590.8349
322381,1755840120,BTC,2500,2500,0.4957,-82.5604,0.0063,0.3273,-4002.8733,306583,0.4549,-1951.44,590.8349
322382,1755840180,BTC,2500,2500,0.4957,-82.5604,0.0063,0.3273,-4002.8535,306584,0.4549,-1951.43,590.8349
322383,1755840240,BTC,2500,2500,0.4957,-82.5604,0.0063,0.3273,-4002.8333,306585,0.4549,-1951.42,590.8349
322384,1755840300,BTC,2500,2500,0.4957,-82.5604,0.0063,0.3273,-4002.8132,306586,0.4549,-1951.41,590.8349
322385,1755840360,BTC,2500,2500,0.4957,-82.5604,0.0063,0.3273,-4002.7932,306587,0.4549,-1951.40,590.8349
322386,1755840420,BTC,2500,2500,0.4957,-82.5604,0.0063,0.3273,-4002.8333,306588,0.4549,-1951.42,590.8349
322387,1755840480,BTC,2500,2500,0.4957,-82.5604,0.0063,0.3273,-4002.8733,306589,0.4549,-1951.44,590.8349
322388,1755840540,BTC,2500,2500,0.4957,-82.5604,0.0063,0.3273,-4002.9133,306590,0.4549,-1951.46,590.8349
322389,1755840600,BTC,2500,2500,0.4957,-82.5604,0.0063,0.3273,-4002.9534,306591,0.4549,-1951.48,590.8349
322390,1755840660,BTC,2500,2500,0.4957,-82.5604,0.0063,0.3273,-4002.9934,306592,0.4549,-1951.50,590.8349
322391,1755840720,BTC,2500,2500,0.4957,-82.5604,0.0063,0.3273,-4003.0334,306593,0.4549,-1951.52,590.8349
322392,1755840780,BTC,2500,2500,0.4957,-82.5604,0.0063,0.5000,-4003.0137,306594,0.4549,-1951.51,590.8349
322393,1755840840,BTC,2500,2500,0.4957,-82.5604,0.0063,0.5000,-4002.9934,306595,0.4549,-1951.50,590.8349
322394,1755840900,BTC,2500,2500,0.4957,-82.5604,0.0063,0.5000,-4002.9736,306596,0.4549,-1951.49,590.8349
322395,1755840960,BTC,2500,2500,0.4957,-82.5604,0.0063,0.5000,-4002.9534,306597,0.4549,-1951.48,590.8349
322396,1755841020,BTC,2500,2500,0.4957,-82.5604,0.0063,0.5000,-4002.9934,306598,0.4549,-1951.50,590.8349
322397,1755841080,BTC,2500,2500,0.4957,-82.5604,0.0063,0.3273,-4002.9736,306599,0.4549,-1951.49,590.8349
322398,1755841140,BTC,2500,2500,0.4957,-82.5604,0.0063,0.3273,-4003.0137,306600,0.4549,-1951.51,590.8349
322399,1755841200,BTC,2500,2500,0.4957,-82.5604,0.0063,0.3273,-4002.9934,306601,0.4549,-1951.50,590.8349
322400,1755841260,BTC,2500,2500,0.4957,-82.5604,0.0063,0.3273,-4002.9736,306602,0.4549,-1951.49,590.8349
322401,1755841320,BTC,2500,2500,0.4957,-82.5604,0.0063,0.3273,-4003.0137,306603,0.4549,-1951.51,590.8349
322402,1755841380,BTC,2500,2500,0.4957,-82.5604,0.0063,0.3273,-4003.0532,306604,0.4549,-1951.53,590.8349
322403,1755841440,BTC,2500,2500,0.4957,-82.5604,0.0063,0.3273,-4003.0933,306605,0.4549,-1951.55,590.8349
322404,1755841500,BTC,2500,2500,0.4957,-82.5604,0.0063,0.3273,-4003.1333,306606,0.4549,-1951.57,590.8349
322405,1755841560,BTC,2500,2500,0.4957,-82.5604,0.0063,0.3273,-4003.1733,306607,0.4549,-1951.59,590.8349
322406,1755841620,BTC,2500,2500,0.4957,-82.5604,0.0063,0.3273,-4003.2134,306608,0.4549,-1951.61,590.8349
322407,1755841680,BTC,2500,2500,0.4957,-82.5604,0.0063,0.3273,-4003.1936,306609,0.4549,-1951.60,590.8349
322408,1755841740,BTC,2500,2500,0.4957,-82.5604,0.0063,0.5000,-4003.1733,306610,0.4549,-1951.59,590.8349
322409,1755841800,BTC,2500,2500,0.4957,-82.5604,0.0063,0.5000,-4003.1536,306611,0.4549,-1951.58,590.8349
322410,1755841860,BTC,2500,2500,0.4957,-82.5604,0.0063,0.5000,-4003.1936,306612,0.4549,-1951.60,590.8349
322411,1755841920,BTC,2500,2500,0.4957,-82.5604,0.0063,0.5000,-4003.1733,306613,0.4549,-1951.59,590.8349
322412,1755841980,BTC,2500,2500,0.4957,-82.5604,0.0063,0.3273,-4003.2134,306614,0.4549,-1951.61,590.8349
322413,1755842040,BTC,2500,2500,0.4957,-82.5604,0.0063,0.3273,-4003.2537,306615,0.4549,-1951.63,590.8349
322414,1755842100,BTC,2500,2500,0.4957,-82.5604,0.0063,0.3273,-4003.2336,306616,0.4549,-1951.62,590.8349
322415,1755842160,BTC,2500,2500,0.4957,-82.5604,0.0063,0.3273,-4003.2134,306617,0.4549,-1951.61,590.8349
322416,1755842220,BTC,2500,2500,0.4957,-82.5604,0.0063,0.3273,-4003.1936,306618,0.4549,-1951.60,590.8349
322417,1755842280,BTC,2500,2500,0.4957,-82.5604,0.0063,0.3273,-4003.1733,306619,0.4549,-1951.59,590.8349
322418,1755842340,BTC,2500,2500,0.4957,-82.5604,0.0063,0.3273,-4003.2134,306620,0.4549,-1951.61,590.8349
322419,1755842400,BTC,2500,2500,0.4957,-82.5604,0.0063,0.3273,-4003.2537,306621,0.4549,-1951.63,590.8349
322420,1755842460,BTC,2500,2500,0.4957,-82.5604,0.0063,0.3273,-4003.2336,306622,0.4549,-1951.62,590.8349
322421,1755842520,BTC,2500,2500,0.4957,-82.5604,0.0063,0.3273,-4003.2737,306623,0.4549,-1951.64,590.8349
322422,1755842580,BTC,2500,2500,0.4957,-82.5604,0.0063,0.3273,-4003.2537,306624,0.4549,-1951.63,590.8349
322423,1755842640,BTC,2500,2500,0.4957,-82.5604,0.0063,0.3273,-4003.2336,306625,0.4549,-1951.62,590.8349
322424,1755842700,BTC,2500,2500,0.4957,-82.5604,0.0063,0.5000,-4003.2737,306626,0.4549,-1951.64,590.8349
322425,1755842760,BTC,2500,2500,0.4957,-82.5604,0.0063,0.3273,-4003.2537,306627,0.4549,-1951.63,590.8349
322426,1755842820,BTC,2500,2500,0.4957,-82.5604,0.0063,0.3273,-4003.2937,306628,0.4549,-1951.65,590.8349
322427,1755842880,BTC,2500,2500,0.4957,-82.5604,0.0063,0.3273,-4003.3337,306629,0.4549,-1951.67,590.8349
322428,1755842940,BTC,2500,2500,0.4957,-82.5604,0.0063,0.3273,-4003.3738,306630,0.4549,-1951.69,590.8349
322429,1755843000,BTC,2500,2500,0.4957,-82.5604,0.0063,0.3273,-4003.4138,306631,0.4549,-1951.71,590.8349
322430,1755843060,BTC,2500,2500,0.4957,-82.5604,0.0063,0.3273,-4003.4539,306632,0.4549,-1951.73,590.8349
322431,1755843120,BTC,2500,2500,0.4957,-82.5604,0.0063,0.3273,-4003.4939,306633,0.4549,-1951.75,590.8349
322432,1755843180,BTC,2500,2500,0.4957,-82.5604,0.0063,0.5000,-4003.4741,306634,0.4549,-1951.74,590.8349
322433,1755843240,BTC,2500,2500,0.4957,-82.5604,0.0063,0.5000,-4003.4539,306635,0.4549,-1951.73,590.8349
322434,1755843300,BTC,2500,2500,0.4957,-82.5604,0.0063,0.5000,-4003.4341,306636,0.4549,-1951.72,590.8349
322435,1755843360,BTC,2500,2500,0.4957,-82.5604,0.0063,0.5000,-4003.4741,306637,0.4549,-1951.74,590.8349
322436,1755843420,BTC,2500,2500,0.4957,-82.5604,0.0063,0.3273,-4003.5142,306638,0.4549,-1951.76,590.8349
322437,1755843480,BTC,2500,2500,0.4957,-82.5604,0.0063,0.3273,-4003.5537,306639,0.4549,-1951.78,590.8349
322438,1755843540,BTC,2500,2500,0.4957,-82.5604,0.0063,0.3273,-4003.5339,306640,0.4549,-1951.77,590.8349
322439,1755843600,BTC,2500,2500,0.4957,-82.5604,0.0063,0.3273,-4003.5740,306641,0.4549,-1951.79,590.8349
322440,1755843660,BTC,2500,2500,0.4957,-82.5604,0.0063,0.3273,-4003.5537,306642,0.4549,-1951.78,590.8349
322441,1755843720,BTC,2500,2500,0.4957,-82.5604,0.0063,0.3273,-4003.5339,306643,0.4549,-1951.77,590.8349
322442,1755843780,BTC,2500,2500,0.4957,-82.5604,0.0063,0.3273,-4003.5740,306644,0.4549,-1951.79,590.8349
322443,1755843840,BTC,2500,2500,0.4957,-82.5604,0.0063,0.3273,-4003.5537,306645,0.4549,-1951.78,590.8349
322444,1755843900,BTC,2500,2500,0.4957,-82.5604,0.0063,0.3273,-4003.5339,306646,0.4549,-1951.77,590.8349
322445,1755843960,BTC,2500,2500,0.4957,-82.5604,0.0063,0.3273,-4003.5142,306647,0.4549,-1951.76,590.8349
322446,1755844020,BTC,2500,2500,0.4957,-82.5604,0.0063,0.3273,-4003.4939,306648,0.4549,-1951.75,590.8349
322447,1755844080,BTC,2500,2500,0.4957,-82.5604,0.0063,0.3273,-4003.5339,306649,0.4549,-1951.77,590.8349
322448,1755844140,BTC,2500,2500,0.4957,-82.5604,0.0063,0.3273,-4003.5740,306650,0.4549,-1951.79,590.8349
322449,1755844200,BTC,2500,2500,0.4957,-82.5604,0.0063,0.3273,-4003.6140,306651,0.4549,-1951.81,590.8349
322450,1755844260,BTC,2500,2500,0.4957,-82.5604,0.0063,0.3273,-4003.5938,306652,0.4549,-1951.80,590.8349
322451,1755844320,BTC,2500,2500,0.4957,-82.5604,0.0063,0.3273,-4003.5740,306653,0.4549,-1951.79,590.8349
322452,1755844380,BTC,2500,2500,0.4957,-82.5604,0.0063,0.3273,-4003.5537,306654,0.4549,-1951.78,590.8349
322453,1755844440,BTC,2500,2500,0.4957,-82.5604,0.0063,0.5000,-4003.5938,306655,0.4549,-1951.80,590.8349
322454,1755844500,BTC,2500,2500,0.4957,-82.5604,0.0063,0.5000,-4003.6338,306656,0.4549,-1951.82,590.8349
322455,1755844560,BTC,2500,2500,0.4957,-82.5604,0.0063,0.3273,-4003.6738,306657,0.4549,-1951.84,590.8349
322456,1755844620,BTC,2500,2500,0.4957,-82.5604,0.0063,0.5000,-4003.7139,306658,0.4549,-1951.86,590.8349
322457,1755844680,BTC,2500,2500,0.4957,-82.5604,0.0063,0.5000,-4003.7542,306659,0.4549,-1951.88,590.8349
322458,1755844740,BTC,2500,2500,0.4957,-82.5604,0.0063,0.5000,-4003.7341,306660,0.4549,-1951.87,590.8349
322459,1755844800,BTC,2500,2500,0.4957,-82.5604,0.0063,0.5000,-4003.7742,306661,0.4549,-1951.89,590.8349
322460,1755844860,BTC,2500,2500,0.4957,-82.5604,0.0063,0.5000,-4003.8142,306662,0.4549,-1951.91,590.8349
322461,1755844920,BTC,2500,2500,0.4957,-82.5604,0.0063,0.5000,-4003.7942,306663,0.4549,-1951.90,590.8349
322462,1755844980,BTC,2500,2500,0.4957,-82.5604,0.0063,0.5000,-4003.8342,306664,0.4549,-1951.92,590.8349
322463,1755845040,BTC,2500,2500,0.4957,-82.5604,0.0063,0.3273,-4003.8743,306665,0.4549,-1951.94,590.8349
322464,1755845100,BTC,2500,2500,0.4957,-82.5604,0.0063,0.3273,-4003.8545,306666,0.4549,-1951.93,590.8349
322465,1755845160,BTC,2500,2500,0.4957,-82.5604,0.0063,0.3273,-4003.8342,306667,0.4549,-1951.92,590.8349
322466,1755845220,BTC,2500,2500,0.4957,-82.5604,0.0063,0.3273,-4003.8743,306668,0.4549,-1951.94,590.8349
322467,1755845280,BTC,2500,2500,0.4957,-82.5604,0.0063,0.3273,-4003.9143,306669,0.4549,-1951.96,590.8349
322468,1755845340,BTC,2500,2500,0.4957,-82.5604,0.0063,0.3273,-4003.8945,306670,0.4549,-1951.95,590.8349
322469,1755845400,BTC,2500,2500,0.4957,-82.5604,0.0063,0.3273,-4003.9346,306671,0.4549,-1951.97,590.8349
322470,1755845460,BTC,2500,2500,0.4957,-82.5604,0.0063,0.3273,-4003.9143,306672,0.4549,-1951.96,590.8349
322471,1755845520,BTC,2500,2500,0.4957,-82.5604,0.0063,0.3273,-4003.8945,306673,0.4549,-1951.95,590.8349
322472,1755845580,BTC,2500,2500,0.4957,-82.5604,0.0063,0.3273,-4003.9346,306674,0.4549,-1951.97,590.8349
322473,1755845640,BTC,2500,2500,0.4957,-82.5604,0.0063,0.3273,-4003.9746,306675,0.4549,-1951.99,590.8349
322474,1755845700,BTC,2500,2500,0.4957,-82.5604,0.0063,0.3273,-4003.9543,306676,0.4549,-1951.98,590.8349
322475,1755845760,BTC,2500,2500,0.4957,-82.5604,0.0063,0.3273,-4003.9944,306677,0.4549,-1952.00,590.8349
322476,1755845820,BTC,2500,2500,0.4957,-82.5604,0.0063,0.3273,-4003.9746,306678,0.4549,-1951.99,590.8349
322477,1755845880,BTC,2500,2500,0.4957,-82.5604,0.0063,0.3273,-4003.9543,306679,0.4549,-1951.98,590.8349
322478,1755845940,BTC,2500,2500,0.4957,-82.5604,0.0063,0.3273,-4003.9944,306680,0.4549,-1952.00,590.8349
322479,1755846000,BTC,2500,2500,0.4957,-82.5604,0.0063,0.3273,-4003.9746,306681,0.4549,-1951.99,590.8349
322480,1755846060,BTC,2500,2500,0.4957,-82.5604,0.0063,0.3273,-4004.0146,306682,0.4549,-1952.01,590.8349
322481,1755846120,BTC,2500,2500,0.4957,-82.5604,0.0063,0.3273,-4004.0542,306683,0.4549,-1952.03,590.8349
322482,1755846180,BTC,2500,2500,0.4957,-82.5604,0.0063,0.3273,-4004.0942,306684,0.4549,-1952.05,590.8349
322483,1755846240,BTC,2500,2500,0.4957,-82.5604,0.0063,0.3273,-4004.1343,306685,0.4549,-1952.07,590.8349
322484,1755846300,BTC,2500,2500,0.4957,-82.5604,0.0063,0.3273,-4004.1743,306686,0.4549,-1952.09,590.8349
322485,1755846360,BTC,2500,2500,0.4957,-82.5604,0.0063,0.5000,-4004.1545,306687,0.4549,-1952.08,590.8349
322486,1755846420,BTC,2500,2500,0.4957,-82.5604,0.0063,0.5000,-4004.1946,306688,0.4549,-1952.10,590.8349
322487,1755846480,BTC,2500,2500,0.4957,-82.5604,0.0063,0.5000,-4004.2346,306689,0.4549,-1952.12,590.8349
322488,1755846540,BTC,2500,2500,0.4957,-82.5604,0.0063,0.5000,-4004.2144,306690,0.4549,-1952.11,590.8349
322489,1755846600,BTC,2500,2500,0.4957,-82.5604,0.0063,0.5000,-4004.2546,306691,0.4549,-1952.13,590.8349
322490,1755846660,BTC,2500,2500,0.4957,-82.5604,0.0063,0.5000,-4004.2346,306692,0.4549,-1952.12,590.8349
322491,1755846720,BTC,2500,2500,0.4957,-82.5604,0.0063,0.3273,-4004.2747,306693,0.4549,-1952.14,590.8349
322492,1755846780,BTC,2500,2500,0.4957,-82.5604,0.0063,0.3273,-4004.3147,306694,0.4549,-1952.16,590.8349
322493,1755846840,BTC,2500,2500,0.4957,-82.5604,0.0063,0.3273,-4004.2947,306695,0.4549,-1952.15,590.8349
322494,1755846900,BTC,2500,2500,0.4957,-82.5604,0.0063,0.3273,-4004.2747,306696,0.4549,-1952.14,590.8349
322495,1755846960,BTC,2500,2500,0.4957,-82.5604,0.0063,0.3273,-4004.2546,306697,0.4549,-1952.13,590.8349
322496,1755847020,BTC,2500,2500,0.4957,-82.5604,0.0063,0.3273,-4004.2947,306698,0.4549,-1952.15,590.8349
322497,1755847080,BTC,2500,2500,0.4957,-82.5604,0.0063,0.3273,-4004.2747,306699,0.4549,-1952.14,590.8349
322498,1755847140,BTC,2500,2500,0.4957,-82.5604,0.0063,0.3273,-4004.3147,306700,0.4549,-1952.16,590.8349
322499,1755847200,BTC,2500,2500,0.4957,-82.5604,0.0063,0.3273,-4004.3550,306701,0.4549,-1952.18,590.8349
322500,1755847260,BTC,2500,2500,0.4957,-82.5604,0.0063,0.3273,-4004.3950,306702,0.4549,-1952.20,590.8349
322501,1755847320,BTC,2500,2500,0.4957,-82.5604,0.0063,0.3273,-4004.4351,306703,0.4549,-1952.22,590.8349
322502,1755847380,BTC,2500,2500,0.4957,-82.5604,0.0063,0.3273,-4004.4751,306704,0.4549,-1952.24,590.8349
322503,1755847440,BTC,2500,2500,0.4957,-82.5604,0.0063,0.5000,-4004.4548,306705,0.4549,-1952.23,590.8349
322504,1755847500,BTC,2500,2500,0.4957,-82.5604,0.0063,0.5000,-4004.4949,306706,0.4549,-1952.25,590.8349
322505,1755847560,BTC,2500,2500,0.4957,-82.5604,0.0063,0.3273,-4004.4751,306707,0.4549,-1952.24,590.8349
322506,1755847620,BTC,2500,2500,0.4957,-82.5604,0.0063,0.3273,-4004.5151,306708,0.4549,-1952.26,590.8349
322507,1755847680,BTC,2500,2500,0.4957,-82.5604,0.0063,0.3273,-4004.4949,306709,0.4549,-1952.25,590.8349
322508,1755847740,BTC,2500,2500,0.4957,-82.5604,0.0063,0.3273,-4004.4751,306710,0.4549,-1952.24,590.8349
322509,1755847800,BTC,2500,2500,0.4957,-82.5604,0.0063,0.3273,-4004.5151,306711,0.4549,-1952.26,590.8349
322510,1755847860,BTC,2500,2500,0.4957,-82.5604,0.0063,0.3273,-4004.4949,306712,0.4549,-1952.25,590.8349
322511,1755847920,BTC,2500,2500,0.4957,-82.5604,0.0063,0.3273,-4004.4751,306713,0.4549,-1952.24,590.8349
322512,1755847980,BTC,2500,2500,0.4957,-82.5604,0.0063,0.3273,-4004.5151,306714,0.4549,-1952.26,590.8349
322513,1755848040,BTC,2500,2500,0.4957,-82.5604,0.0063,0.3273,-4004.5547,306715,0.4549,-1952.28,590.8349
322514,1755848100,BTC,2500,2500,0.4957,-82.5604,0.0063,0.3273,-4004.5947,306716,0.4549,-1952.30,590.8349
322515,1755848160,BTC,2500,2500,0.4957,-82.5604,0.0063,0.3273,-4004.6348,306717,0.4549,-1952.32,590.8349
322516,1755848220,BTC,2500,2500,0.4957,-82.5604,0.0063,0.3273,-4004.6150,306718,0.4549,-1952.31,590.8349
322517,1755848280,BTC,2500,2500,0.4957,-82.5604,0.0063,0.3273,-4004.6550,306719,0.4549,-1952.33,590.8349
322518,1755848340,BTC,2500,2500,0.4957,-82.5604,0.0063,0.3273,-4004.6951,306720,0.4549,-1952.35,590.8349
322519,1755848400,BTC,2500,2500,0.4957,-82.5604,0.0063,0.3273,-4004.7351,306721,0.4549,-1952.37,590.8349
322520,1755848460,BTC,2500,2500,0.4957,-82.5604,0.0063,0.3273,-4004.7751,306722,0.4549,-1952.39,590.8349
322521,1755848520,BTC,2500,2500,0.4957,-82.5604,0.0063,0.3273,-4004.8152,306723,0.4549,-1952.41,590.8349
322522,1755848580,BTC,2500,2500,0.4957,-82.5604,0.0063,0.3273,-4004.8555,306724,0.4548,-1952.43,590.8349
322523,1755848640,BTC,2500,2500,0.4957,-82.5604,0.0063,0.3273,-4004.8352,306725,0.4549,-1952.42,590.8349
322524,1755848700,BTC,2500,2500,0.4957,-82.5604,0.0063,0.3273,-4004.8152,306726,0.4549,-1952.41,590.8349
322525,1755848760,BTC,2500,2500,0.4957,-82.5604,0.0063,0.3273,-4004.8555,306727,0.4549,-1952.43,590.8349
322526,1755848820,BTC,2500,2500,0.4957,-82.5604,0.0063,0.3273,-4004.8955,306728,0.4548,-1952.45,590.8349
322527,1755848880,BTC,2500,2500,0.4957,-82.5604,0.0063,0.3273,-4004.9355,306729,0.4548,-1952.47,590.8349
322528,1755848940,BTC,2500,2500,0.4957,-82.5604,0.0063,0.3273,-4004.9153,306730,0.4548,-1952.46,590.8349
322529,1755849000,BTC,2500,2500,0.4957,-82.5604,0.0063,0.3273,-4004.9553,306731,0.4548,-1952.48,590.8349
322530,1755849060,BTC,2500,2500,0.4957,-82.5604,0.0063,0.3273,-4004.9355,306732,0.4548,-1952.47,590.8349
322531,1755849120,BTC,2500,2500,0.4957,-82.5604,0.0063,0.3273,-4004.9756,306733,0.4548,-1952.49,590.8349
322532,1755849180,BTC,2500,2500,0.4957,-82.5604,0.0063,0.5000,-4005.0156,306734,0.4548,-1952.51,590.8349
322533,1755849240,BTC,2500,2500,0.4957,-82.5604,0.0063,0.3273,-4005.0552,306735,0.4548,-1952.53,590.8349
322534,1755849300,BTC,2500,2500,0.4957,-82.5604,0.0063,0.3273,-4005.0952,306736,0.4548,-1952.55,590.8349
322535,1755849360,BTC,2500,2500,0.4957,-82.5604,0.0063,0.3273,-4005.1353,306737,0.4548,-1952.57,590.8349
322536,1755849420,BTC,2500,2500,0.4957,-82.5604,0.0063,0.3273,-4005.1155,306738,0.4548,-1952.56,590.8349
322537,1755849480,BTC,2500,2500,0.4957,-82.5604,0.0063,0.3273,-4005.1555,306739,0.4548,-1952.58,590.8349
322538,1755849540,BTC,2500,2500,0.4957,-82.5604,0.0063,0.3273,-4005.1353,306740,0.4548,-1952.57,590.8349
322539,1755849600,BTC,2500,2500,0.4957,-82.5604,0.0063,0.3273,-4005.1753,306741,0.4548,-1952.59,590.8349
322540,1755849660,BTC,2500,2500,0.4957,-82.5604,0.0063,0.3273,-4005.2153,306742,0.4548,-1952.61,590.8349
322541,1755849720,BTC,2500,2500,0.4957,-82.5604,0.0063,0.3273,-4005.2556,306743,0.4548,-1952.63,590.8349
322542,1755849780,BTC,2500,2500,0.4957,-82.5604,0.0063,0.3273,-4005.2957,306744,0.4548,-1952.65,590.8349
322543,1755849840,BTC,2500,2500,0.4957,-82.5604,0.0063,0.3273,-4005.3357,306745,0.4548,-1952.67,590.8349
322544,1755849900,BTC,2500,2500,0.4957,-82.5604,0.0063,0.3273,-4005.3157,306746,0.4548,-1952.66,590.8349
322545,1755849960,BTC,2500,2500,0.4957,-82.5604,0.0063,0.3273,-4005.2957,306747,0.4548,-1952.65,590.8349
322546,1755850020,BTC,2500,2500,0.4957,-82.5604,0.0063,0.3273,-4005.3357,306748,0.4548,-1952.67,590.8349
322547,1755850080,BTC,2500,2500,0.4957,-82.5604,0.0063,0.3273,-4005.3757,306749,0.4548,-1952.69,590.8349
322548,1755850140,BTC,2500,2500,0.4957,-82.5604,0.0063,0.5000,-4005.4158,306750,0.4548,-1952.71,590.8349
322549,1755850200,BTC,2500,2500,0.4957,-82.5604,0.0063,0.3273,-4005.3960,306751,0.4548,-1952.70,590.8349
322550,1755850260,BTC,2500,2500,0.4957,-82.5604,0.0063,0.3273,-4005.3757,306752,0.4548,-1952.69,590.8349
322551,1755850320,BTC,2500,2500,0.4957,-82.5604,0.0063,0.3273,-4005.4158,306753,0.4548,-1952.71,590.8349
322552,1755850380,BTC,2500,2500,0.4957,-82.5604,0.0063,0.3273,-4005.4558,306754,0.4548,-1952.73,590.8349
322553,1755850440,BTC,2500,2500,0.4957,-82.5604,0.0063,0.3273,-4005.4958,306755,0.4548,-1952.75,590.8349
322554,1755850500,BTC,2500,2500,0.4957,-82.5604,0.0063,0.3273,-4005.5359,306756,0.4548,-1952.77,590.8349
322555,1755850560,BTC,2500,2500,0.4957,-82.5604,0.0063,0.3273,-4005.5759,306757,0.4548,-1952.79,590.8349
322556,1755850620,BTC,2500,2500,0.4957,-82.5604,0.0063,0.3273,-4005.5557,306758,0.4548,-1952.78,590.8349
322557,1755850680,BTC,2500,2500,0.4957,-82.5604,0.0063,0.3273,-4005.5359,306759,0.4548,-1952.77,590.8349
322558,1755850740,BTC,2500,2500,0.4957,-82.5604,0.0063,0.3273,-4005.5759,306760,0.4548,-1952.79,590.8349
322559,1755850800,BTC,2500,2500,0.4957,-82.5604,0.0063,0.3273,-4005.6160,306761,0.4548,-1952.81,590.8349
322560,1755850860,BTC,2500,2500,0.4957,-82.5604,0.0063,0.3273,-4005.5957,306762,0.4548,-1952.80,590.8349
322561,1755850920,BTC,2500,2500,0.4957,-82.5604,0.0063,0.3273,-4005.5759,306763,0.4548,-1952.79,590.8349
322562,1755850980,BTC,2500,2500,0.4957,-82.5604,0.0063,0.3273,-4005.6160,306764,0.4548,-1952.81,590.8349
322563,1755851040,BTC,2500,2500,0.4957,-82.5604,0.0063,0.3273,-4005.5957,306765,0.4548,-1952.80,590.8349
322564,1755851100,BTC,2500,2500,0.4957,-82.5604,0.0063,0.3273,-4005.5759,306766,0.4548,-1952.79,590.8349
322565,1755851160,BTC,2500,2500,0.4957,-82.5604,0.0063,0.3273,-4005.5557,306767,0.4548,-1952.78,590.8349
322566,1755851220,BTC,2500,2500,0.4957,-82.5604,0.0063,0.3273,-4005.5359,306768,0.4548,-1952.77,590.8349
322567,1755851280,BTC,2500,2500,0.4957,-82.5604,0.0063,0.3273,-4005.5759,306769,0.4548,-1952.79,590.8349
322568,1755851340,BTC,2500,2500,0.4957,-82.5604,0.0063,0.3273,-4005.6160,306770,0.4548,-1952.81,590.8349
322569,1755851400,BTC,2500,2500,0.4957,-82.5604,0.0063,0.3273,-4005.6560,306771,0.4548,-1952.83,590.8349
322570,1755851460,BTC,2500,2500,0.4957,-82.5604,0.0063,0.3273,-4005.6357,306772,0.4548,-1952.82,590.8349
322571,1755851520,BTC,2500,2500,0.4957,-82.5604,0.0063,0.3273,-4005.6160,306773,0.4548,-1952.81,590.8349
322572,1755851580,BTC,2500,2500,0.4957,-82.5604,0.0063,0.3273,-4005.6560,306774,0.4548,-1952.83,590.8349
322573,1755851640,BTC,2500,2500,0.4957,-82.5604,0.0063,0.3273,-4005.6357,306775,0.4548,-1952.82,590.8349
322574,1755851700,BTC,2500,2500,0.4957,-82.5604,0.0063,0.3273,-4005.6758,306776,0.4548,-1952.84,590.8349
322575,1755851760,BTC,2500,2500,0.4957,-82.5604,0.0063,0.3273,-4005.7158,306777,0.4548,-1952.86,590.8349
322576,1755851820,BTC,2500,2500,0.4957,-82.5604,0.0063,0.5000,-4005.7561,306778,0.4548,-1952.88,590.8349
322577,1755851880,BTC,2500,2500,0.4957,-82.5604,0.0063,0.5000,-4005.7361,306779,0.4548,-1952.87,590.8349
322578,1755851940,BTC,2500,2500,0.4957,-82.5604,0.0063,0.5000,-4005.7761,306780,0.4548,-1952.89,590.8349
322579,1755852000,BTC,2500,2500,0.4957,-82.5604,0.0063,0.5000,-4005.8162,306781,0.4548,-1952.91,590.8349
322580,1755852060,BTC,2500,2500,0.4957,-82.5604,0.0063,0.5000,-4005.8564,306782,0.4548,-1952.93,590.8349
322581,1755852120,BTC,2500,2500,0.4957,-82.5604,0.0063,0.3273,-4005.8965,306783,0.4548,-1952.95,590.8349
322582,1755852180,BTC,2500,2500,0.4957,-82.5604,0.0063,0.3273,-4005.9365,306784,0.4548,-1952.97,590.8349
322583,1755852240,BTC,2500,2500,0.4957,-82.5604,0.0063,0.3273,-4005.9766,306785,0.4548,-1952.99,590.8349
322584,1755852300,BTC,2500,2500,0.4957,-82.5604,0.0063,0.3273,-4005.9563,306786,0.4548,-1952.98,590.8349
322585,1755852360,BTC,2500,2500,0.4957,-82.5604,0.0063,0.3273,-4005.9365,306787,0.4548,-1952.97,590.8349
322586,1755852420,BTC,2500,2500,0.4957,-82.5604,0.0063,0.3273,-4005.9163,306788,0.4548,-1952.96,590.8349
322587,1755852480,BTC,2500,2500,0.4957,-82.5604,0.0063,0.3273,-4005.8965,306789,0.4548,-1952.95,590.8349
322588,1755852540,BTC,2500,2500,0.4957,-82.5604,0.0063,0.3273,-4005.9365,306790,0.4548,-1952.97,590.8349
322589,1755852600,BTC,2500,2500,0.4957,-82.5604,0.0063,0.3273,-4005.9766,306791,0.4548,-1952.99,590.8349
322590,1755852660,BTC,2500,2500,0.4957,-82.5604,0.0063,0.3273,-4006.0166,306792,0.4548,-1953.01,590.8349
322591,1755852720,BTC,2500,2500,0.4957,-82.5604,0.0063,0.3273,-4006.0562,306793,0.4548,-1953.03,590.8349
322592,1755852780,BTC,2500,2500,0.4957,-82.5604,0.0063,0.3273,-4006.0364,306794,0.4548,-1953.02,590.8349
322593,1755852840,BTC,2500,2500,0.4957,-82.5604,0.0063,0.3273,-4006.0166,306795,0.4548,-1953.01,590.8349
322594,1755852900,BTC,2500,2500,0.4957,-82.5604,0.0063,0.3273,-4006.0562,306796,0.4548,-1953.03,590.8349
322595,1755852960,BTC,2500,2500,0.4957,-82.5604,0.0063,0.5000,-4006.0364,306797,0.4548,-1953.02,590.8349
322596,1755853020,BTC,2500,2500,0.4957,-82.5604,0.0063,0.5000,-4006.0764,306798,0.4548,-1953.04,590.8349
322597,1755853080,BTC,2500,2500,0.4957,-82.5604,0.0063,0.3273,-4006.1165,306799,0.4548,-1953.06,590.8349
322598,1755853140,BTC,2500,2500,0.4957,-82.5604,0.0063,0.3273,-4006.0962,306800,0.4548,-1953.05,590.8349
322599,1755853200,BTC,2500,2500,0.4957,-82.5604,0.0063,0.3273,-4006.0764,306801,0.4548,-1953.04,590.8349
322600,1755853260,BTC,2500,2500,0.4957,-82.5604,0.0063,0.3273,-4006.0562,306802,0.4548,-1953.03,590.8349
322601,1755853320,BTC,2500,2500,0.4957,-82.5604,0.0063,0.3273,-4006.0364,306803,0.4548,-1953.02,590.8349
322602,1755853380,BTC,2500,2500,0.4957,-82.5604,0.0063,0.3273,-4006.0764,306804,0.4548,-1953.04,590.8349
322603,1755853440,BTC,2500,2500,0.4957,-82.5604,0.0063,0.5000,-4006.0562,306805,0.4548,-1953.03,590.8349
322604,1755853500,BTC,2500,2500,0.4957,-82.5604,0.0063,0.5000,-4006.0962,306806,0.4548,-1953.05,590.8349
322605,1755853560,BTC,2500,2500,0.4957,-82.5604,0.0063,0.5000,-4006.1362,306807,0.4548,-1953.07,590.8349
322606,1755853620,BTC,2500,2500,0.4957,-82.5604,0.0063,0.5000,-4006.1763,306808,0.4548,-1953.09,590.8349
322607,1755853680,BTC,2500,2500,0.4957,-82.5604,0.0063,0.5000,-4006.1565,306809,0.4548,-1953.08,590.8349
322608,1755853740,BTC,2500,2500,0.4957,-82.5604,0.0063,0.5000,-4006.1362,306810,0.4548,-1953.07,590.8349
322609,1755853800,BTC,2500,2500,0.4957,-82.5604,0.0063,0.5000,-4006.1763,306811,0.4548,-1953.09,590.8349
322610,1755853860,BTC,2500,2500,0.4957,-82.5604,0.0063,0.3273,-4006.2163,306812,0.4548,-1953.11,590.8349
322611,1755853920,BTC,2500,2500,0.4957,-82.5604,0.0063,0.3273,-4006.1965,306813,0.4548,-1953.10,590.8349
322612,1755853980,BTC,2500,2500,0.4957,-82.5604,0.0063,0.3273,-4006.1763,306814,0.4548,-1953.09,590.8349
322613,1755854040,BTC,2500,2500,0.4957,-82.5604,0.0063,0.3273,-4006.1565,306815,0.4548,-1953.08,590.8349
322614,1755854100,BTC,2500,2500,0.4957,-82.5604,0.0063,0.3273,-4006.1965,306816,0.4548,-1953.10,590.8349
322615,1755854160,BTC,2500,2500,0.4957,-82.5604,0.0063,0.3273,-4006.2366,306817,0.4548,-1953.12,590.8349
322616,1755854220,BTC,2500,2500,0.4957,-82.5604,0.0063,0.3273,-4006.2766,306818,0.4548,-1953.14,590.8349
322617,1755854280,BTC,2500,2500,0.4957,-82.5604,0.0063,0.3273,-4006.3167,306819,0.4548,-1953.16,590.8349
322618,1755854340,BTC,2500,2500,0.4957,-82.5604,0.0063,0.3273,-4006.3569,306820,0.4548,-1953.18,590.8349
322619,1755854400,BTC,2500,2500,0.4957,-82.5604,0.0063,0.3273,-4006.3367,306821,0.4548,-1953.17,590.8349
322620,1755854460,BTC,2500,2500,0.4957,-82.5604,0.0063,0.3273,-4006.3167,306822,0.4548,-1953.16,590.8349
322621,1755854520,BTC,2500,2500,0.4957,-82.5604,0.0063,0.3273,-4006.3569,306823,0.4548,-1953.18,590.8349
322622,1755854580,BTC,2500,2500,0.4957,-82.5604,0.0063,0.3273,-4006.3367,306824,0.4548,-1953.17,590.8349
322623,1755854640,BTC,2500,2500,0.4957,-82.5604,0.0063,0.3273,-4006.3167,306825,0.4548,-1953.16,590.8349
322624,1755854700,BTC,2500,2500,0.4957,-82.5604,0.0063,0.3273,-4006.3569,306826,0.4548,-1953.18,590.8349
322625,1755854760,BTC,2500,2500,0.4957,-82.5604,0.0063,0.3273,-4006.3367,306827,0.4548,-1953.17,590.8349
322626,1755854820,BTC,2500,2500,0.4957,-82.5604,0.0063,0.3273,-4006.3767,306828,0.4548,-1953.19,590.8349
322627,1755854880,BTC,2500,2500,0.4957,-82.5604,0.0063,0.3273,-4006.4167,306829,0.4548,-1953.21,590.8349
322628,1755854940,BTC,2500,2500,0.4957,-82.5604,0.0063,0.3273,-4006.4568,306830,0.4548,-1953.23,590.8349
322629,1755855000,BTC,2500,2500,0.4957,-82.5604,0.0063,0.5000,-4006.4370,306831,0.4548,-1953.22,590.8349
322630,1755855060,BTC,2500,2500,0.4957,-82.5604,0.0063,0.3273,-4006.4167,306832,0.4548,-1953.21,590.8349
322631,1755855120,BTC,2500,2500,0.4957,-82.5604,0.0063,0.3273,-4006.4568,306833,0.4548,-1953.23,590.8349
322632,1755855180,BTC,2500,2500,0.4957,-82.5604,0.0063,0.3273,-4006.4370,306834,0.4548,-1953.22,590.8349
322633,1755855240,BTC,2500,2500,0.4957,-82.5604,0.0063,0.3273,-4006.4771,306835,0.4548,-1953.24,590.8349
322634,1755855300,BTC,2500,2500,0.4957,-82.5604,0.0063,0.3273,-4006.4568,306836,0.4548,-1953.23,590.8349
322635,1755855360,BTC,2500,2500,0.4957,-82.5604,0.0063,0.3273,-4006.4370,306837,0.4548,-1953.22,590.8349
322636,1755855420,BTC,2500,2500,0.4957,-82.5604,0.0063,0.3273,-4006.4771,306838,0.4548,-1953.24,590.8349
322637,1755855480,BTC,2500,2500,0.4957,-82.5604,0.0063,0.3273,-4006.4568,306839,0.4548,-1953.23,590.8349
322638,1755855540,BTC,2500,2500,0.4957,-82.5604,0.0063,0.5000,-4006.4968,306840,0.4548,-1953.25,590.8349
322639,1755855600,BTC,2500,2500,0.4957,-82.5604,0.0063,0.3273,-4006.5369,306841,0.4548,-1953.27,590.8349
322640,1755855660,BTC,2500,2500,0.4957,-82.5604,0.0063,0.3273,-4006.5769,306842,0.4548,-1953.29,590.8349
322641,1755855720,BTC,2500,2500,0.4957,-82.5604,0.0063,0.3273,-4006.6169,306843,0.4548,-1953.31,590.8349
322642,1755855780,BTC,2500,2500,0.4957,-82.5604,0.0063,0.3273,-4006.6570,306844,0.4548,-1953.33,590.8349
322643,1755855840,BTC,2500,2500,0.4957,-82.5604,0.0063,0.3273,-4006.6970,306845,0.4548,-1953.35,590.8349
322644,1755855900,BTC,2500,2500,0.4957,-82.5604,0.0063,0.5000,-4006.6768,306846,0.4548,-1953.34,590.8349
322645,1755855960,BTC,2500,2500,0.4957,-82.5604,0.0063,0.5000,-4006.6570,306847,0.4548,-1953.33,590.8349
322646,1755856020,BTC,2500,2500,0.4957,-82.5604,0.0063,0.5000,-4006.6367,306848,0.4548,-1953.32,590.8349
322647,1755856080,BTC,2500,2500,0.4957,-82.5604,0.0063,0.5000,-4006.6768,306849,0.4548,-1953.34,590.8349
322648,1755856140,BTC,2500,2500,0.4957,-82.5604,0.0063,0.5000,-4006.6570,306850,0.4548,-1953.33,590.8349
322649,1755856200,BTC,2500,2500,0.4957,-82.5604,0.0063,0.5000,-4006.6367,306851,0.4548,-1953.32,590.8349
322650,1755856260,BTC,2500,2500,0.4957,-82.5604,0.0063,0.5000,-4006.6169,306852,0.4548,-1953.31,590.8349
322651,1755856320,BTC,2500,2500,0.4957,-82.5604,0.0063,0.5000,-4006.6570,306853,0.4548,-1953.33,590.8349
322652,1755856380,BTC,2500,2500,0.4957,-82.5604,0.0063,0.5000,-4006.6970,306854,0.4548,-1953.35,590.8349
322653,1755856440,BTC,2500,2500,0.4957,-82.5604,0.0063,0.5000,-4006.6768,306855,0.4548,-1953.34,590.8349
322654,1755856500,BTC,2500,2500,0.4957,-82.5604,0.0063,0.3273,-4006.6570,306856,0.4548,-1953.33,590.8349
322655,1755856560,BTC,2500,2500,0.4957,-82.5604,0.0063,0.3273,-4006.6367,306857,0.4548,-1953.32,590.8349
322656,1755856620,BTC,2500,2500,0.4957,-82.5604,0.0063,0.3273,-4006.6768,306858,0.4548,-1953.34,590.8349
322657,1755856680,BTC,2500,2500,0.4957,-82.5604,0.0063,0.3273,-4006.6570,306859,0.4548,-1953.33,590.8349
322658,1755856740,BTC,2500,2500,0.4957,-82.5604,0.0063,0.3273,-4006.6970,306860,0.4548,-1953.35,590.8349
322659,1755856800,BTC,2500,2500,0.4957,-82.5604,0.0063,0.3273,-4006.6768,306861,0.4548,-1953.34,590.8349
322660,1755856860,BTC,2500,2500,0.4957,-82.5604,0.0063,0.3273,-4006.7168,306862,0.4548,-1953.36,590.8349
322661,1755856920,BTC,2500,2500,0.4957,-82.5604,0.0063,0.3273,-4006.6970,306863,0.4548,-1953.35,590.8349
322662,1755856980,BTC,2500,2500,0.4957,-82.5604,0.0063,0.5000,-4006.7371,306864,0.4548,-1953.37,590.8349
322663,1755857040,BTC,2500,2500,0.4957,-82.5604,0.0063,0.5000,-4006.7771,306865,0.4548,-1953.39,590.8349
322664,1755857100,BTC,2500,2500,0.4957,-82.5604,0.0063,0.5000,-4006.8171,306866,0.4548,-1953.41,590.8349
322665,1755857160,BTC,2500,2500,0.4957,-82.5604,0.0063,0.5000,-4006.8574,306867,0.4548,-1953.43,590.8349
322666,1755857220,BTC,2500,2500,0.4957,-82.5604,0.0063,0.5000,-4006.8975,306868,0.4548,-1953.45,590.8349
322667,1755857280,BTC,2500,2500,0.4957,-82.5604,0.0063,0.5000,-4006.8772,306869,0.4548,-1953.44,590.8349
322668,1755857340,BTC,2500,2500,0.4957,-82.5604,0.0063,0.5000,-4006.9172,306870,0.4548,-1953.46,590.8349
322669,1755857400,BTC,2500,2500,0.4957,-82.5604,0.0063,0.5000,-4006.8975,306871,0.4548,-1953.45,590.8349
322670,1755857460,BTC,2500,2500,0.4957,-82.5604,0.0063,0.5000,-4006.9375,306872,0.4548,-1953.47,590.8349
322671,1755857520,BTC,2500,2500,0.4957,-82.5604,0.0063,0.5000,-4006.9172,306873,0.4548,-1953.46,590.8349
322672,1755857580,BTC,2500,2500,0.4957,-82.5604,0.0063,0.5000,-4006.9573,306874,0.4548,-1953.48,590.8349
322673,1755857640,BTC,2500,2500,0.4957,-82.5604,0.0063,0.5000,-4006.9973,306875,0.4548,-1953.50,590.8349
322674,1755857700,BTC,2500,2500,0.4957,-82.5604,0.0063,0.5000,-4007.0374,306876,0.4548,-1953.52,590.8349
322675,1755857760,BTC,2500,2500,0.4957,-82.5604,0.0063,0.3273,-4007.0774,306877,0.4548,-1953.54,590.8349
322676,1755857820,BTC,2500,2500,0.4957,-82.5604,0.0063,0.5000,-4007.1174,306878,0.4548,-1953.56,590.8349
322677,1755857880,BTC,2500,2500,0.4957,-82.5604,0.0063,0.5000,-4007.0972,306879,0.4548,-1953.55,590.8349
322678,1755857940,BTC,2500,2500,0.4957,-82.5604,0.0063,0.5000,-4007.0774,306880,0.4548,-1953.54,590.8349
322679,1755858000,BTC,2500,2500,0.4957,-82.5604,0.0063,0.5000,-4007.0571,306881,0.4548,-1953.53,590.8349
322680,1755858060,BTC,2500,2500,0.4957,-82.5604,0.0063,0.5000,-4007.0374,306882,0.4548,-1953.52,590.8349
322681,1755858120,BTC,2500,2500,0.4957,-82.5604,0.0063,0.3273,-4007.0176,306883,0.4548,-1953.51,590.8349
322682,1755858180,BTC,2500,2500,0.4957,-82.5604,0.0063,0.5000,-4007.0571,306884,0.4548,-1953.53,590.8349
322683,1755858240,BTC,2500,2500,0.4957,-82.5604,0.0063,0.5000,-4007.0972,306885,0.4548,-1953.55,590.8349
322684,1755858300,BTC,2500,2500,0.4957,-82.5604,0.0063,0.3273,-4007.1372,306886,0.4548,-1953.57,590.8349
322685,1755858360,BTC,2500,2500,0.4957,-82.5604,0.0063,0.3273,-4007.1174,306887,0.4548,-1953.56,590.8349
322686,1755858420,BTC,2500,2500,0.4957,-82.5604,0.0063,0.3273,-4007.1575,306888,0.4548,-1953.58,590.8349
322687,1755858480,BTC,2500,2500,0.4957,-82.5604,0.0063,0.3273,-4007.1372,306889,0.4548,-1953.57,590.8349
322688,1755858540,BTC,2500,2500,0.4957,-82.5604,0.0063,0.3273,-4007.1772,306890,0.4548,-1953.59,590.8349
322689,1755858600,BTC,2500,2500,0.4957,-82.5604,0.0063,0.3273,-4007.1575,306891,0.4548,-1953.58,590.8349
322690,1755858660,BTC,2500,2500,0.4957,-82.5604,0.0063,0.3273,-4007.1372,306892,0.4548,-1953.57,590.8349
322691,1755858720,BTC,2500,2500,0.4957,-82.5604,0.0063,0.3273,-4007.1174,306893,0.4548,-1953.56,590.8349
322692,1755858780,BTC,2500,2500,0.4957,-82.5604,0.0063,0.3273,-4007.1575,306894,0.4548,-1953.58,590.8349
322693,1755858840,BTC,2500,2500,0.4957,-82.5604,0.0063,0.3273,-4007.1372,306895,0.4548,-1953.57,590.8349
322694,1755858900,BTC,2500,2500,0.4957,-82.5604,0.0063,0.3273,-4007.1174,306896,0.4548,-1953.56,590.8349
322695,1755858960,BTC,2500,2500,0.4957,-82.5604,0.0063,0.3273,-4007.0972,306897,0.4548,-1953.55,590.8349
322696,1755859020,BTC,2500,2500,0.4957,-82.5604,0.0063,0.3273,-4007.1372,306898,0.4548,-1953.57,590.8349
322697,1755859080,BTC,2500,2500,0.4957,-82.5604,0.0063,0.5000,-4007.1772,306899,0.4548,-1953.59,590.8349
322698,1755859140,BTC,2500,2500,0.4957,-82.5604,0.0063,0.5000,-4007.2173,306900,0.4548,-1953.61,590.8349
322699,1755859200,BTC,2500,2500,0.4957,-82.5604,0.0063,0.5000,-4007.2576,306901,0.4548,-1953.63,590.8349
322700,1755859260,BTC,2500,2500,0.4957,-82.5604,0.0063,0.5000,-4007.2976,306902,0.4548,-1953.65,590.8349
322701,1755859320,BTC,2500,2500,0.4957,-82.5604,0.0063,0.5000,-4007.2776,306903,0.4548,-1953.64,590.8349
322702,1755859380,BTC,2500,2500,0.4957,-82.5604,0.0063,0.3273,-4007.3176,306904,0.4548,-1953.66,590.8349
322703,1755859440,BTC,2500,2500,0.4957,-82.5604,0.0063,0.3273,-4007.2976,306905,0.4548,-1953.65,590.8349
322704,1755859500,BTC,2500,2500,0.4957,-82.5604,0.0063,0.3273,-4007.2776,306906,0.4548,-1953.64,590.8349
322705,1755859560,BTC,2500,2500,0.4957,-82.5604,0.0063,0.5000,-4007.3176,306907,0.4548,-1953.66,590.8349
322706,1755859620,BTC,2500,2500,0.4957,-82.5604,0.0063,0.5000,-4007.3579,306908,0.4548,-1953.68,590.8349
322707,1755859680,BTC,2500,2500,0.4957,-82.5604,0.0063,0.3273,-4007.3979,306909,0.4548,-1953.70,590.8349
322708,1755859740,BTC,2500,2500,0.4957,-82.5604,0.0063,0.3273,-4007.3777,306910,0.4548,-1953.69,590.8349
322709,1755859800,BTC,2500,2500,0.4957,-82.5604,0.0063,0.3273,-4007.4177,306911,0.4548,-1953.71,590.8349
322710,1755859860,BTC,2500,2500,0.4957,-82.5604,0.0063,0.3273,-4007.3979,306912,0.4548,-1953.70,590.8349
322711,1755859920,BTC,2500,2500,0.4957,-82.5604,0.0063,0.3273,-4007.4380,306913,0.4548,-1953.72,590.8349
322712,1755859980,BTC,2500,2500,0.4957,-82.5604,0.0063,0.3273,-4007.4177,306914,0.4548,-1953.71,590.8349
322713,1755860040,BTC,2500,2500,0.4957,-82.5604,0.0063,0.3273,-4007.4578,306915,0.4548,-1953.73,590.8349
322714,1755860100,BTC,2500,2500,0.4957,-82.5604,0.0063,0.3273,-4007.4380,306916,0.4548,-1953.72,590.8349
322715,1755860160,BTC,2500,2500,0.4957,-82.5604,0.0063,0.3273,-4007.4780,306917,0.4548,-1953.74,590.8349
322716,1755860220,BTC,2500,2500,0.4957,-82.5604,0.0063,0.3273,-4007.5181,306918,0.4548,-1953.76,590.8349
322717,1755860280,BTC,2500,2500,0.4957,-82.5604,0.0063,0.3273,-4007.5576,306919,0.4548,-1953.78,590.8349
322718,1755860340,BTC,2500,2500,0.4957,-82.5604,0.0063,0.3273,-4007.5977,306920,0.4548,-1953.80,590.8349
322719,1755860400,BTC,2500,2500,0.4957,-82.5604,0.0063,0.3273,-4007.5779,306921,0.4548,-1953.79,590.8349
322720,1755860460,BTC,2500,2500,0.4957,-82.5604,0.0063,0.3273,-4007.5576,306922,0.4548,-1953.78,590.8349
322721,1755860520,BTC,2500,2500,0.4957,-82.5604,0.0063,0.3273,-4007.5977,306923,0.4548,-1953.80,590.8349
322722,1755860580,BTC,2500,2500,0.4957,-82.5604,0.0063,0.3273,-4007.5779,306924,0.4548,-1953.79,590.8349
322723,1755860640,BTC,2500,2500,0.4957,-82.5604,0.0063,0.5000,-4007.5576,306925,0.4548,-1953.78,590.8349
322724,1755860700,BTC,2500,2500,0.4957,-82.5604,0.0063,0.5000,-4007.5378,306926,0.4548,-1953.77,590.8349
322725,1755860760,BTC,2500,2500,0.4957,-82.5604,0.0063,0.3273,-4007.5779,306927,0.4548,-1953.79,590.8349
322726,1755860820,BTC,2500,2500,0.4957,-82.5604,0.0063,0.3273,-4007.6179,306928,0.4548,-1953.81,590.8349
322727,1755860880,BTC,2500,2500,0.4957,-82.5604,0.0063,0.3273,-4007.6580,306929,0.4548,-1953.83,590.8349
322728,1755860940,BTC,2500,2500,0.4957,-82.5604,0.0063,0.3273,-4007.6377,306930,0.4548,-1953.82,590.8349
322729,1755861000,BTC,2500,2500,0.4957,-82.5604,0.0063,0.3273,-4007.6179,306931,0.4548,-1953.81,590.8349
322730,1755861060,BTC,2500,2500,0.4957,-82.5604,0.0063,0.5000,-4007.6580,306932,0.4548,-1953.83,590.8349
322731,1755861120,BTC,2500,2500,0.4957,-82.5604,0.0063,0.3273,-4007.6980,306933,0.4548,-1953.85,590.8349
322732,1755861180,BTC,2500,2500,0.4957,-82.5604,0.0063,0.5000,-4007.7380,306934,0.4548,-1953.87,590.8349
322733,1755861240,BTC,2500,2500,0.4957,-82.5604,0.0063,0.5000,-4007.7178,306935,0.4548,-1953.86,590.8349
322734,1755861300,BTC,2500,2500,0.4957,-82.5604,0.0063,0.5000,-4007.7581,306936,0.4548,-1953.88,590.8349
322735,1755861360,BTC,2500,2500,0.4957,-82.5604,0.0063,0.5000,-4007.7981,306937,0.4548,-1953.90,590.8349
322736,1755861420,BTC,2500,2500,0.4957,-82.5604,0.0063,0.5000,-4007.7781,306938,0.4548,-1953.89,590.8349
322737,1755861480,BTC,2500,2500,0.4957,-82.5604,0.0063,0.3273,-4007.8181,306939,0.4548,-1953.91,590.8349
322738,1755861540,BTC,2500,2500,0.4957,-82.5604,0.0063,0.3273,-4007.8584,306940,0.4548,-1953.93,590.8349
322739,1755861600,BTC,2500,2500,0.4957,-82.5604,0.0063,0.3273,-4007.8381,306941,0.4548,-1953.92,590.8349
322740,1755861660,BTC,2500,2500,0.4957,-82.5604,0.0063,0.3273,-4007.8181,306942,0.4548,-1953.91,590.8349
322741,1755861720,BTC,2500,2500,0.4957,-82.5604,0.0063,0.3273,-4007.8584,306943,0.4548,-1953.93,590.8349
322742,1755861780,BTC,2500,2500,0.4957,-82.5604,0.0063,0.3273,-4007.8381,306944,0.4548,-1953.92,590.8349
322743,1755861840,BTC,2500,2500,0.4957,-82.5604,0.0063,0.3273,-4007.8181,306945,0.4548,-1953.91,590.8349
322744,1755861900,BTC,2500,2500,0.4957,-82.5604,0.0063,0.3273,-4007.8584,306946,0.4548,-1953.93,590.8349
322745,1755861960,BTC,2500,2500,0.4957,-82.5604,0.0063,0.3273,-4007.8984,306947,0.4548,-1953.95,590.8349
322746,1755862020,BTC,2500,2500,0.4957,-82.5604,0.0063,0.3273,-4007.9385,306948,0.4548,-1953.97,590.8349
322747,1755862080,BTC,2500,2500,0.4957,-82.5604,0.0063,0.3273,-4007.9182,306949,0.4548,-1953.96,590.8349
322748,1755862140,BTC,2500,2500,0.4957,-82.5604,0.0063,0.3273,-4007.9583,306950,0.4548,-1953.98,590.8349
322749,1755862200,BTC,2500,2500,0.4957,-82.5604,0.0063,0.3273,-4007.9983,306951,0.4548,-1954.00,590.8349
322750,1755862260,BTC,2500,2500,0.4957,-82.5604,0.0063,0.5000,-4008.0383,306952,0.4548,-1954.02,590.8349
322751,1755862320,BTC,2500,2500,0.4957,-82.5604,0.0063,0.3273,-4008.0784,306953,0.4548,-1954.04,590.8349
322752,1755862380,BTC,2500,2500,0.4957,-82.5604,0.0063,0.3273,-4008.1184,306954,0.4548,-1954.06,590.8349
322753,1755862440,BTC,2500,2500,0.4957,-82.5604,0.0063,0.3273,-4008.0981,306955,0.4548,-1954.05,590.8349
cycle,window_ts,asset,votes,active,win_rate,sharpe,dd_pct,consensus_spread,room_pnl_pct,room_trades,room_wr,room_cap,slippage$
322754,1755862500,BTC,2500,2500,0.4957,-82.5604,0.0063,0.3273,-4008.0784,306956,0.4548,-1954.04,590.8349
1,1780303800,BTCUSDT,9979,1388934,47503188341645372972597248.0000,0.0000,1.0000,0.4988,0.0000,0,0.0000,50.00,223.7806
322755,1755862560,BTC,2500,2500,0.4957,-82.5604,0.0063,0.3273,-4008.0581,306957,0.4548,-1954.03,590.8349
322756,1755862620,BTC,2500,2500,0.4957,-82.5604,0.0063,0.3273,-4008.0383,306958,0.4548,-1954.02,590.8349
322757,1755862680,BTC,2500,2500,0.4957,-82.5604,0.0063,0.3273,-4008.0186,306959,0.4548,-1954.01,590.8349
322758,1755862740,BTC,2500,2500,0.4957,-82.5604,0.0063,0.3273,-4007.9983,306960,0.4548,-1954.00,590.8349
322759,1755862800,BTC,2500,2500,0.4957,-82.5604,0.0063,0.3273,-4007.9785,306961,0.4548,-1953.99,590.8349
322760,1755862860,BTC,2500,2500,0.4957,-82.5604,0.0063,0.5000,-4007.9583,306962,0.4548,-1953.98,590.8349
322761,1755862920,BTC,2500,2500,0.4957,-82.5604,0.0063,0.3273,-4007.9983,306963,0.4548,-1954.00,590.8349
322762,1755862980,BTC,2500,2500,0.4957,-82.5604,0.0063,0.3273,-4008.0383,306964,0.4548,-1954.02,590.8349
322763,1755863040,BTC,2500,2500,0.4957,-82.5604,0.0063,0.3273,-4008.0186,306965,0.4548,-1954.01,590.8349
322764,1755863100,BTC,2500,2500,0.4957,-82.5604,0.0063,0.3273,-4008.0581,306966,0.4548,-1954.03,590.8349
322765,1755863160,BTC,2500,2500,0.4957,-82.5604,0.0063,0.3273,-4008.0383,306967,0.4548,-1954.02,590.8349
322766,1755863220,BTC,2500,2500,0.4957,-82.5604,0.0063,0.5000,-4008.0186,306968,0.4548,-1954.01,590.8349
322767,1755863280,BTC,2500,2500,0.4957,-82.5604,0.0063,0.5000,-4007.9983,306969,0.4548,-1954.00,590.8349
322768,1755863340,BTC,2500,2500,0.4957,-82.5604,0.0063,0.5000,-4007.9785,306970,0.4548,-1953.99,590.8349
322769,1755863400,BTC,2500,2500,0.4957,-82.5604,0.0063,0.5000,-4008.0186,306971,0.4548,-1954.01,590.8349
322770,1755863460,BTC,2500,2500,0.4957,-82.5604,0.0063,0.3273,-4008.0581,306972,0.4548,-1954.03,590.8349
322771,1755863520,BTC,2500,2500,0.4957,-82.5604,0.0063,0.3273,-4008.0981,306973,0.4548,-1954.05,590.8349
322772,1755863580,BTC,2500,2500,0.4957,-82.5604,0.0063,0.3273,-4008.0784,306974,0.4548,-1954.04,590.8349
322773,1755863640,BTC,2500,2500,0.4957,-82.5604,0.0063,0.3273,-4008.1184,306975,0.4548,-1954.06,590.8349
322774,1755863700,BTC,2500,2500,0.4957,-82.5604,0.0063,0.3273,-4008.1584,306976,0.4548,-1954.08,590.8349
