17158126,1776283620,BTC,2500,2500,0.4722,-9.2067,0.0164,0.0200,-146612.6562,16368807,0.4651,-73256.33,3421.8599
17158127,1776283680,BTC,2500,2500,0.4722,-9.2067,0.0164,0.0200,-146612.6875,16368808,0.4651,-73256.34,3421.8599
17158128,1776283740,BTC,2500,2500,0.4722,-9.2067,0.0164,0.0000,-146612.7188,16368809,0.4651,-73256.36,3421.8599
17158129,1776283800,BTC,2500,2500,0.4722,-9.2067,0.0164,0.0000,-146612.6875,16368810,0.4651,-73256.34,3421.8599
17158130,1776283860,BTC,2500,2500,0.4722,-9.2067,0.0164,0.0000,-146612.6562,16368811,0.4651,-73256.33,3421.8599
17158131,1776283920,BTC,2500,2500,0.4722,-9.2067,0.0164,0.0000,-146612.6250,16368812,0.4651,-73256.31,3421.8599
17158132,1776283980,BTC,2500,2500,0.4722,-9.2067,0.0164,0.0000,-146612.5938,16368813,0.4651,-73256.30,3421.8599
17158133,1776284040,BTC,2500,2500,0.4722,-9.2067,0.0164,0.0000,-146612.5625,16368814,0.4651,-73256.28,3421.8599
17158134,1776284100,BTC,2500,2500,0.4722,-9.2067,0.0164,0.0000,-146612.5938,16368815,0.4651,-73256.30,3421.8599
17158135,1776284160,BTC,2500,2500,0.4722,-9.2067,0.0164,0.0000,-146612.5625,16368816,0.4651,-73256.28,3421.8599
17158136,1776284220,BTC,2500,2500,0.4722,-9.2067,0.0164,0.0000,-146612.5312,16368817,0.4651,-73256.27,3421.8599
17158137,1776284280,BTC,2500,2500,0.4722,-9.2067,0.0164,0.0200,-146612.5000,16368818,0.4651,-73256.25,3421.8599
17158138,1776284340,BTC,2500,2500,0.4722,-9.2067,0.0164,0.0000,-146612.5312,16368819,0.4651,-73256.27,3421.8599
17158139,1776284400,BTC,2500,2500,0.4722,-9.2067,0.0164,0.0000,-146612.5000,16368820,0.4651,-73256.25,3421.8599
17158140,1776284460,BTC,2500,2500,0.4722,-9.2067,0.0164,0.0000,-146612.5312,16368821,0.4651,-73256.27,3421.8599
17158141,1776284520,BTC,2500,2500,0.4722,-9.2067,0.0164,0.0000,-146612.5625,16368822,0.4651,-73256.28,3421.8599
17158142,1776284580,BTC,2500,2500,0.4722,-9.2067,0.0164,0.0000,-146612.5312,16368823,0.4651,-73256.27,3421.8599
17158143,1776284640,BTC,2500,2500,0.4722,-9.2067,0.0164,0.0000,-146612.5625,16368824,0.4651,-73256.28,3421.8599
17158144,1776284700,BTC,2500,2500,0.4722,-9.2067,0.0164,0.0000,-146612.5312,16368825,0.4651,-73256.27,3421.8599
17158145,1776284760,BTC,2500,2500,0.4722,-9.2067,0.0164,0.0000,-146612.5625,16368826,0.4651,-73256.28,3421.8599
17158146,1776284820,BTC,2500,2500,0.4722,-9.2067,0.0164,0.0000,-146612.5938,16368827,0.4651,-73256.30,3421.8599
17158147,1776284880,BTC,2500,2500,0.4722,-9.2067,0.0164,0.0000,-146612.6250,16368828,0.4651,-73256.31,3421.8599
17158148,1776284940,BTC,2500,2500,0.4722,-9.2067,0.0164,0.0000,-146612.6562,16368829,0.4651,-73256.33,3421.8599
17158149,1776285000,BTC,2500,2500,0.4722,-9.2067,0.0164,0.0000,-146612.6875,16368830,0.4651,-73256.34,3421.8599
17158150,1776285060,BTC,2500,2500,0.4722,-9.2067,0.0164,0.0000,-146612.7188,16368831,0.4651,-73256.36,3421.8599
17158151,1776285120,BTC,2500,2500,0.4722,-9.2067,0.0164,0.0000,-146612.6875,16368832,0.4651,-73256.34,3421.8599
17158152,1776285180,BTC,2500,2500,0.4722,-9.2067,0.0164,0.0000,-146612.6562,16368833,0.4651,-73256.33,3421.8599
17158153,1776285240,BTC,2500,2500,0.4722,-9.2067,0.0164,0.0000,-146612.6875,16368834,0.4651,-73256.34,3421.8599
17158154,1776285300,BTC,2500,2500,0.4722,-9.2067,0.0164,0.0000,-146612.7188,16368835,0.4651,-73256.36,3421.8599
17158155,1776285360,BTC,2500,2500,0.4722,-9.2067,0.0164,0.0000,-146612.7500,16368836,0.4651,-73256.38,3421.8599
17158156,1776285420,BTC,2500,2500,0.4722,-9.2067,0.0164,0.0000,-146612.7188,16368837,0.4651,-73256.36,3421.8599
17158157,1776285480,BTC,2500,2500,0.4722,-9.2067,0.0164,0.0000,-146612.7500,16368838,0.4651,-73256.38,3421.8599
17158158,1776285540,BTC,2500,2500,0.4722,-9.2067,0.0164,0.0000,-146612.7188,16368839,0.4651,-73256.36,3421.8599
17158159,1776285600,BTC,2500,2500,0.4722,-9.2067,0.0164,0.0200,-146612.7500,16368840,0.4651,-73256.38,3421.8599
17158160,1776285660,BTC,2500,2500,0.4722,-9.2067,0.0164,0.0000,-146612.7812,16368841,0.4651,-73256.39,3421.8599
17158161,1776285720,BTC,2500,2500,0.4722,-9.2067,0.0164,0.0000,-146612.8125,16368842,0.4651,-73256.41,3421.8599
17158162,1776285780,BTC,2500,2500,0.4722,-9.2067,0.0164,0.0000,-146612.8438,16368843,0.4651,-73256.42,3421.8599
17158163,1776285840,BTC,2500,2500,0.4722,-9.2067,0.0164,0.0000,-146612.8125,16368844,0.4651,-73256.41,3421.8599
17158164,1776285900,BTC,2500,2500,0.4722,-9.2067,0.0164,0.0000,-146612.7812,16368845,0.4651,-73256.39,3421.8599
17158165,1776285960,BTC,2500,2500,0.4722,-9.2067,0.0164,0.0000,-146612.8125,16368846,0.4651,-73256.41,3421.8599
17158166,1776286020,BTC,2500,2500,0.4722,-9.2067,0.0164,0.0000,-146612.7812,16368847,0.4651,-73256.39,3421.8599
17158167,1776286080,BTC,2500,2500,0.4722,-9.2067,0.0164,0.0000,-146612.7500,16368848,0.4651,-73256.38,3421.8599
17158168,1776286140,BTC,2500,2500,0.4722,-9.2067,0.0164,0.0000,-146612.7812,16368849,0.4651,-73256.39,3421.8599
17158169,1776286200,BTC,2500,2500,0.4722,-9.2067,0.0164,0.0000,-146612.8125,16368850,0.4651,-73256.41,3421.8599
17158170,1776286260,BTC,2500,2500,0.4722,-9.2067,0.0164,0.0000,-146612.8438,16368851,0.4651,-73256.42,3421.8599
17158171,1776286320,BTC,2500,2500,0.4722,-9.2067,0.0164,0.0000,-146612.8750,16368852,0.4651,-73256.44,3421.8599
17158172,1776286380,BTC,2500,2500,0.4722,-9.2067,0.0164,0.0000,-146612.9062,16368853,0.4651,-73256.45,3421.8599
17158173,1776286440,BTC,2500,2500,0.4722,-9.2067,0.0164,0.0000,-146612.8750,16368854,0.4651,-73256.44,3421.8599
17158174,1776286500,BTC,2500,2500,0.4722,-9.2067,0.0164,0.0000,-146612.8438,16368855,0.4651,-73256.42,3421.8599
17158175,1776286560,BTC,2500,2500,0.4722,-9.2067,0.0164,0.0000,-146612.8125,16368856,0.4651,-73256.41,3421.8599
17158176,1776286620,BTC,2500,2500,0.4722,-9.2067,0.0164,0.0000,-146612.8438,16368857,0.4651,-73256.42,3421.8599
17158177,1776286680,BTC,2500,2500,0.4722,-9.2067,0.0164,0.0000,-146612.8750,16368858,0.4651,-73256.44,3421.8599
17158178,1776286740,BTC,2500,2500,0.4722,-9.2067,0.0164,0.0000,-146612.9062,16368859,0.4651,-73256.45,3421.8599
17158179,1776286800,BTC,2500,2500,0.4722,-9.2067,0.0164,0.0000,-146612.8750,16368860,0.4651,-73256.44,3421.8599
17158180,1776286860,BTC,2500,2500,0.4722,-9.2067,0.0164,0.0000,-146612.8438,16368861,0.4651,-73256.42,3421.8599
17158181,1776286920,BTC,2500,2500,0.4722,-9.2067,0.0164,0.0000,-146612.8750,16368862,0.4651,-73256.44,3421.8599
17158182,1776286980,BTC,2500,2500,0.4722,-9.2067,0.0164,0.0000,-146612.9062,16368863,0.4651,-73256.45,3421.8599
17158183,1776287040,BTC,2500,2500,0.4722,-9.2067,0.0164,0.0000,-146612.8750,16368864,0.4651,-73256.44,3421.8599
17158184,1776287100,BTC,2500,2500,0.4722,-9.2067,0.0164,0.0000,-146612.8438,16368865,0.4651,-73256.42,3421.8599
17158185,1776287160,BTC,2500,2500,0.4722,-9.2067,0.0164,0.0000,-146612.8125,16368866,0.4651,-73256.41,3421.8599
17158186,1776287220,BTC,2500,2500,0.4722,-9.2067,0.0164,0.0000,-146612.8438,16368867,0.4651,-73256.42,3421.8599
17158187,1776287280,BTC,2500,2500,0.4722,-9.2067,0.0164,0.0000,-146612.8125,16368868,0.4651,-73256.41,3421.8599
17158188,1776287340,BTC,2500,2500,0.4722,-9.2067,0.0164,0.0000,-146612.7812,16368869,0.4651,-73256.39,3421.8599
17158189,1776287400,BTC,2500,2500,0.4722,-9.2067,0.0164,0.0000,-146612.8125,16368870,0.4651,-73256.41,3421.8599
17158190,1776287460,BTC,2500,2500,0.4722,-9.2067,0.0164,0.0000,-146612.8438,16368871,0.4651,-73256.42,3421.8599
17158191,1776287520,BTC,2500,2500,0.4722,-9.2067,0.0164,0.0000,-146612.8125,16368872,0.4651,-73256.41,3421.8599
17158192,1776287580,BTC,2500,2500,0.4722,-9.2067,0.0164,0.0000,-146612.8438,16368873,0.4651,-73256.42,3421.8599
17158193,1776287640,BTC,2500,2500,0.4722,-9.2067,0.0164,0.0000,-146612.8125,16368874,0.4651,-73256.41,3421.8599
17158194,1776287700,BTC,2500,2500,0.4722,-9.2067,0.0164,0.0000,-146612.8438,16368875,0.4651,-73256.42,3421.8599
17158195,1776287760,BTC,2500,2500,0.4722,-9.2067,0.0164,0.0200,-146612.8750,16368876,0.4651,-73256.44,3421.8599
17158196,1776287820,BTC,2500,2500,0.4722,-9.2067,0.0164,0.0000,-146612.9062,16368877,0.4651,-73256.45,3421.8599
17158197,1776287880,BTC,2500,2500,0.4722,-9.2067,0.0164,0.0000,-146612.9375,16368878,0.4651,-73256.47,3421.8599
17158198,1776287940,BTC,2500,2500,0.4722,-9.2067,0.0164,0.0000,-146612.9062,16368879,0.4651,-73256.45,3421.8599
17158199,1776288000,BTC,2500,2500,0.4722,-9.2067,0.0164,0.0200,-146612.9375,16368880,0.4651,-73256.47,3421.8599
17158200,1776288060,BTC,2500,2500,0.4722,-9.2067,0.0164,0.0000,-146612.9688,16368881,0.4651,-73256.48,3421.8599
17158201,1776288120,BTC,2500,2500,0.4722,-9.2067,0.0164,0.0000,-146612.9375,16368882,0.4651,-73256.47,3421.8599
17158202,1776288180,BTC,2500,2500,0.4722,-9.2067,0.0164,0.0000,-146612.9062,16368883,0.4651,-73256.45,3421.8599
17158203,1776288240,BTC,2500,2500,0.4722,-9.2067,0.0164,0.0000,-146612.9375,16368884,0.4651,-73256.47,3421.8599
17158204,1776288300,BTC,2500,2500,0.4722,-9.2067,0.0164,0.0000,-146612.9062,16368885,0.4651,-73256.45,3421.8599
17158205,1776288360,BTC,2500,2500,0.4722,-9.2067,0.0164,0.0000,-146612.9375,16368886,0.4651,-73256.47,3421.8599
17158206,1776288420,BTC,2500,2500,0.4722,-9.2067,0.0164,0.0000,-146612.9688,16368887,0.4651,-73256.48,3421.8599
17158207,1776288480,BTC,2500,2500,0.4722,-9.2067,0.0164,0.0000,-146613.0000,16368888,0.4651,-73256.50,3421.8599
17158208,1776288540,BTC,2500,2500,0.4722,-9.2067,0.0164,0.0000,-146612.9688,16368889,0.4651,-73256.48,3421.8599
17158209,1776288600,BTC,2500,2500,0.4722,-9.2067,0.0164,0.0000,-146613.0000,16368890,0.4651,-73256.50,3421.8599
17158210,1776288660,BTC,2500,2500,0.4722,-9.2067,0.0164,0.0000,-146612.9688,16368891,0.4651,-73256.48,3421.8599
17158211,1776288720,BTC,2500,2500,0.4722,-9.2067,0.0164,0.0000,-146613.0000,16368892,0.4651,-73256.50,3421.8599
17158212,1776288780,BTC,2500,2500,0.4722,-9.2067,0.0164,0.0200,-146613.0312,16368893,0.4651,-73256.52,3421.8599
17158213,1776288840,BTC,2500,2500,0.4722,-9.2067,0.0164,0.0200,-146613.0625,16368894,0.4651,-73256.53,3421.8599
17158214,1776288900,BTC,2500,2500,0.4722,-9.2067,0.0164,0.0000,-146613.0938,16368895,0.4651,-73256.55,3421.8599
17158215,1776288960,BTC,2500,2500,0.4722,-9.2067,0.0164,0.0000,-146613.0625,16368896,0.4651,-73256.53,3421.8599
17158216,1776289020,BTC,2500,2500,0.4722,-9.2067,0.0164,0.0000,-146613.0938,16368897,0.4651,-73256.55,3421.8599
17158217,1776289080,BTC,2500,2500,0.4722,-9.2067,0.0164,0.0000,-146613.1250,16368898,0.4651,-73256.56,3421.8599
17158218,1776289140,BTC,2500,2500,0.4722,-9.2067,0.0164,0.0000,-146613.1562,16368899,0.4651,-73256.58,3421.8599
17158219,1776289200,BTC,2500,2500,0.4722,-9.2067,0.0164,0.0000,-146613.1250,16368900,0.4651,-73256.56,3421.8599
17158220,1776289260,BTC,2500,2500,0.4722,-9.2067,0.0164,0.0000,-146613.0938,16368901,0.4651,-73256.55,3421.8599
17158221,1776289320,BTC,2500,2500,0.4722,-9.2067,0.0164,0.0000,-146613.1250,16368902,0.4651,-73256.56,3421.8599
17158222,1776289380,BTC,2500,2500,0.4722,-9.2067,0.0164,0.0200,-146613.0938,16368903,0.4651,-73256.55,3421.8599
17158223,1776289440,BTC,2500,2500,0.4722,-9.2067,0.0164,0.0000,-146613.0625,16368904,0.4651,-73256.53,3421.8599
17158224,1776289500,BTC,2500,2500,0.4722,-9.2067,0.0164,0.0000,-146613.0938,16368905,0.4651,-73256.55,3421.8599
17158225,1776289560,BTC,2500,2500,0.4722,-9.2067,0.0164,0.0000,-146613.0625,16368906,0.4651,-73256.53,3421.8599
17158226,1776289620,BTC,2500,2500,0.4722,-9.2067,0.0164,0.0000,-146613.0938,16368907,0.4651,-73256.55,3421.8599
17158227,1776289680,BTC,2500,2500,0.4722,-9.2067,0.0164,0.0000,-146613.1250,16368908,0.4651,-73256.56,3421.8599
17158228,1776289740,BTC,2500,2500,0.4722,-9.2067,0.0164,0.0000,-146613.0938,16368909,0.4651,-73256.55,3421.8599
17158229,1776289800,BTC,2500,2500,0.4722,-9.2067,0.0164,0.0000,-146613.1250,16368910,0.4651,-73256.56,3421.8599
17158230,1776289860,BTC,2500,2500,0.4722,-9.2067,0.0164,0.0000,-146613.1562,16368911,0.4651,-73256.58,3421.8599
17158231,1776289920,BTC,2500,2500,0.4722,-9.2067,0.0164,0.0000,-146613.1875,16368912,0.4651,-73256.59,3421.8599
17158232,1776289980,BTC,2500,2500,0.4722,-9.2067,0.0164,0.0000,-146613.2188,16368913,0.4651,-73256.61,3421.8599
17158233,1776290040,BTC,2500,2500,0.4722,-9.2067,0.0164,0.0000,-146613.2500,16368914,0.4651,-73256.62,3421.8599
17158234,1776290100,BTC,2500,2500,0.4722,-9.2067,0.0164,0.0000,-146613.2188,16368915,0.4651,-73256.61,3421.8599
17158235,1776290160,BTC,2500,2500,0.4722,-9.2067,0.0164,0.0000,-146613.1875,16368916,0.4651,-73256.59,3421.8599
17158236,1776290220,BTC,2500,2500,0.4722,-9.2067,0.0164,0.0000,-146613.1562,16368917,0.4651,-73256.58,3421.8599
17158237,1776290280,BTC,2500,2500,0.4722,-9.2067,0.0164,0.0000,-146613.1875,16368918,0.4651,-73256.59,3421.8599
17158238,1776290340,BTC,2500,2500,0.4722,-9.2067,0.0164,0.0000,-146613.1562,16368919,0.4651,-73256.58,3421.8599
17158239,1776290400,BTC,2500,2500,0.4722,-9.2067,0.0164,0.0000,-146613.1875,16368920,0.4651,-73256.59,3421.8599
17158240,1776290460,BTC,2500,2500,0.4722,-9.2067,0.0164,0.0000,-146613.2188,16368921,0.4651,-73256.61,3421.8599
17158241,1776290520,BTC,2500,2500,0.4722,-9.2067,0.0164,0.0000,-146613.2500,16368922,0.4651,-73256.62,3421.8599
17158242,1776290580,BTC,2500,2500,0.4722,-9.2067,0.0164,0.0000,-146613.2812,16368923,0.4651,-73256.64,3421.8599
17158243,1776290640,BTC,2500,2500,0.4722,-9.2067,0.0164,0.0200,-146613.2500,16368924,0.4651,-73256.62,3421.8599
17158244,1776290700,BTC,2500,2500,0.4722,-9.2067,0.0164,0.0000,-146613.2188,16368925,0.4651,-73256.61,3421.8599
17158245,1776290760,BTC,2500,2500,0.4722,-9.2067,0.0164,0.0000,-146613.2500,16368926,0.4651,-73256.62,3421.8599
17158246,1776290820,BTC,2500,2500,0.4722,-9.2067,0.0164,0.0000,-146613.2812,16368927,0.4651,-73256.64,3421.8599
17158247,1776290880,BTC,2500,2500,0.4722,-9.2067,0.0164,0.0000,-146613.3125,16368928,0.4651,-73256.66,3421.8599
17158248,1776290940,BTC,2500,2500,0.4722,-9.2067,0.0164,0.0200,-146613.2812,16368929,0.4651,-73256.64,3421.8599
17158249,1776291000,BTC,2500,2500,0.4722,-9.2067,0.0164,0.0000,-146613.2500,16368930,0.4651,-73256.62,3421.8599
17158250,1776291060,BTC,2500,2500,0.4722,-9.2067,0.0164,0.0000,-146613.2188,16368931,0.4651,-73256.61,3421.8599
17158251,1776291120,BTC,2500,2500,0.4722,-9.2067,0.0164,0.0000,-146613.2500,16368932,0.4651,-73256.62,3421.8599
17158252,1776291180,BTC,2500,2500,0.4722,-9.2067,0.0164,0.0000,-146613.2812,16368933,0.4651,-73256.64,3421.8599
17158253,1776291240,BTC,2500,2500,0.4722,-9.2067,0.0164,0.0000,-146613.2500,16368934,0.4651,-73256.62,3421.8599
17158254,1776291300,BTC,2500,2500,0.4722,-9.2067,0.0164,0.0000,-146613.2188,16368935,0.4651,-73256.61,3421.8599
17158255,1776291360,BTC,2500,2500,0.4722,-9.2067,0.0164,0.0000,-146613.2500,16368936,0.4651,-73256.62,3421.8599
17158256,1776291420,BTC,2500,2500,0.4722,-9.2067,0.0164,0.0000,-146613.2188,16368937,0.4651,-73256.61,3421.8599
17158257,1776291480,BTC,2500,2500,0.4722,-9.2067,0.0164,0.0200,-146613.1875,16368938,0.4651,-73256.59,3421.8599
17158258,1776291540,BTC,2500,2500,0.4722,-9.2067,0.0164,0.0200,-146613.2188,16368939,0.4651,-73256.61,3421.8599
17158259,1776291600,BTC,2500,2500,0.4722,-9.2067,0.0164,0.0000,-146613.2500,16368940,0.4651,-73256.62,3421.8599
17158260,1776291660,BTC,2500,2500,0.4722,-9.2067,0.0164,0.0000,-146613.2812,16368941,0.4651,-73256.64,3421.8599
17158261,1776291720,BTC,2500,2500,0.4722,-9.2067,0.0164,0.0000,-146613.3125,16368942,0.4651,-73256.66,3421.8599
17158262,1776291780,BTC,2500,2500,0.4722,-9.2067,0.0164,0.0000,-146613.2812,16368943,0.4651,-73256.64,3421.8599
17158263,1776291840,BTC,2500,2500,0.4722,-9.2067,0.0164,0.0000,-146613.2500,16368944,0.4651,-73256.62,3421.8599
17158264,1776291900,BTC,2500,2500,0.4722,-9.2067,0.0164,0.0000,-146613.2188,16368945,0.4651,-73256.61,3421.8599
17158265,1776291960,BTC,2500,2500,0.4722,-9.2067,0.0164,0.0000,-146613.2500,16368946,0.4651,-73256.62,3421.8599
17158266,1776292020,BTC,2500,2500,0.4722,-9.2067,0.0164,0.0000,-146613.2812,16368947,0.4651,-73256.64,3421.8599
17158267,1776292080,BTC,2500,2500,0.4722,-9.2067,0.0164,0.0000,-146613.3125,16368948,0.4651,-73256.66,3421.8599
17158268,1776292140,BTC,2500,2500,0.4722,-9.2067,0.0164,0.0000,-146613.2812,16368949,0.4651,-73256.64,3421.8599
17158269,1776292200,BTC,2500,2500,0.4722,-9.2067,0.0164,0.0000,-146613.3125,16368950,0.4651,-73256.66,3421.8599
17158270,1776292260,BTC,2500,2500,0.4722,-9.2067,0.0164,0.0000,-146613.2812,16368951,0.4651,-73256.64,3421.8599
17158271,1776292320,BTC,2500,2500,0.4722,-9.2067,0.0164,0.0000,-146613.2500,16368952,0.4651,-73256.62,3421.8599
17158272,1776292380,BTC,2500,2500,0.4722,-9.2067,0.0164,0.0000,-146613.2188,16368953,0.4651,-73256.61,3421.8599
17158273,1776292440,BTC,2500,2500,0.4722,-9.2067,0.0164,0.0000,-146613.1875,16368954,0.4651,-73256.59,3421.8599
17158274,1776292500,BTC,2500,2500,0.4722,-9.2067,0.0164,0.0000,-146613.1562,16368955,0.4651,-73256.58,3421.8599
17158275,1776292560,BTC,2500,2500,0.4722,-9.2067,0.0164,0.0000,-146613.1250,16368956,0.4651,-73256.56,3421.8599
17158276,1776292620,BTC,2500,2500,0.4722,-9.2067,0.0164,0.0000,-146613.0938,16368957,0.4651,-73256.55,3421.8599
17158277,1776292680,BTC,2500,2500,0.4722,-9.2067,0.0164,0.0000,-146613.0625,16368958,0.4651,-73256.53,3421.8599
17158278,1776292740,BTC,2500,2500,0.4722,-9.2067,0.0164,0.0200,-146613.0312,16368959,0.4651,-73256.52,3421.8599
17158279,1776292800,BTC,2500,2500,0.4722,-9.2067,0.0164,0.0000,-146613.0000,16368960,0.4651,-73256.50,3421.8599
17158280,1776292860,BTC,2500,2500,0.4722,-9.2067,0.0164,0.0000,-146612.9688,16368961,0.4651,-73256.48,3421.8599
17158281,1776292920,BTC,2500,2500,0.4722,-9.2067,0.0164,0.0000,-146612.9375,16368962,0.4651,-73256.47,3421.8599
17158282,1776292980,BTC,2500,2500,0.4722,-9.2067,0.0164,0.0000,-146612.9062,16368963,0.4651,-73256.45,3421.8599
17158283,1776293040,BTC,2500,2500,0.4722,-9.2067,0.0164,0.0000,-146612.8750,16368964,0.4651,-73256.44,3421.8599
17158284,1776293100,BTC,2500,2500,0.4722,-9.2067,0.0164,0.0000,-146612.9062,16368965,0.4651,-73256.45,3421.8599
17158285,1776293160,BTC,2500,2500,0.4722,-9.2067,0.0164,0.0000,-146612.8750,16368966,0.4651,-73256.44,3421.8599
17158286,1776293220,BTC,2500,2500,0.4722,-9.2067,0.0164,0.0000,-146612.9062,16368967,0.4651,-73256.45,3421.8599
17158287,1776293280,BTC,2500,2500,0.4722,-9.2067,0.0164,0.0000,-146612.8750,16368968,0.4651,-73256.44,3421.8599
17158288,1776293340,BTC,2500,2500,0.4722,-9.2067,0.0164,0.0000,-146612.8438,16368969,0.4651,-73256.42,3421.8599
17158289,1776293400,BTC,2500,2500,0.4722,-9.2067,0.0164,0.0000,-146612.8750,16368970,0.4651,-73256.44,3421.8599
17158290,1776293460,BTC,2500,2500,0.4722,-9.2067,0.0164,0.0000,-146612.8438,16368971,0.4651,-73256.42,3421.8599
17158291,1776293520,BTC,2500,2500,0.4722,-9.2067,0.0164,0.0000,-146612.8750,16368972,0.4651,-73256.44,3421.8599
17158292,1776293580,BTC,2500,2500,0.4722,-9.2067,0.0164,0.0000,-146612.9062,16368973,0.4651,-73256.45,3421.8599
17158293,1776293640,BTC,2500,2500,0.4722,-9.2067,0.0164,0.0000,-146612.8750,16368974,0.4651,-73256.44,3421.8599
17158294,1776293700,BTC,2500,2500,0.4722,-9.2067,0.0164,0.0000,-146612.9062,16368975,0.4651,-73256.45,3421.8599
17158295,1776293760,BTC,2500,2500,0.4722,-9.2067,0.0164,0.0000,-146612.9375,16368976,0.4651,-73256.47,3421.8599
17158296,1776293820,BTC,2500,2500,0.4722,-9.2067,0.0164,0.0000,-146612.9688,16368977,0.4651,-73256.48,3421.8599
17158297,1776293880,BTC,2500,2500,0.4722,-9.2067,0.0164,0.0000,-146613.0000,16368978,0.4651,-73256.50,3421.8599
17158298,1776293940,BTC,2500,2500,0.4722,-9.2067,0.0164,0.0000,-146612.9688,16368979,0.4651,-73256.48,3421.8599
17158299,1776294000,BTC,2500,2500,0.4722,-9.2067,0.0164,0.0200,-146613.0000,16368980,0.4651,-73256.50,3421.8599
17158300,1776294060,BTC,2500,2500,0.4722,-9.2067,0.0164,0.0200,-146613.0312,16368981,0.4651,-73256.52,3421.8599
17158301,1776294120,BTC,2500,2500,0.4722,-9.2067,0.0164,0.0200,-146613.0625,16368982,0.4651,-73256.53,3421.8599
17158302,1776294180,BTC,2500,2500,0.4722,-9.2067,0.0164,0.0200,-146613.0938,16368983,0.4651,-73256.55,3421.8599
17158303,1776294240,BTC,2500,2500,0.4722,-9.2067,0.0164,0.0000,-146613.1250,16368984,0.4651,-73256.56,3421.8599
17158304,1776294300,BTC,2500,2500,0.4722,-9.2067,0.0164,0.0000,-146613.1562,16368985,0.4651,-73256.58,3421.8599
17158305,1776294360,BTC,2500,2500,0.4722,-9.2067,0.0164,0.0000,-146613.1875,16368986,0.4651,-73256.59,3421.8599
17158306,1776294420,BTC,2500,2500,0.4722,-9.2067,0.0164,0.0000,-146613.1562,16368987,0.4651,-73256.58,3421.8599
17158307,1776294480,BTC,2500,2500,0.4722,-9.2067,0.0164,0.0000,-146613.1875,16368988,0.4651,-73256.59,3421.8599
17158308,1776294540,BTC,2500,2500,0.4722,-9.2067,0.0164,0.0000,-146613.1562,16368989,0.4651,-73256.58,3421.8599
17158309,1776294600,BTC,2500,2500,0.4722,-9.2067,0.0164,0.0000,-146613.1875,16368990,0.4651,-73256.59,3421.8599
17158310,1776294660,BTC,2500,2500,0.4722,-9.2067,0.0164,0.0000,-146613.2188,16368991,0.4651,-73256.61,3421.8599
17158311,1776294720,BTC,2500,2500,0.4722,-9.2067,0.0164,0.0000,-146613.1875,16368992,0.4651,-73256.59,3421.8599
17158312,1776294780,BTC,2500,2500,0.4722,-9.2067,0.0164,0.0000,-146613.2188,16368993,0.4651,-73256.61,3421.8599
17158313,1776294840,BTC,2500,2500,0.4722,-9.2067,0.0164,0.0200,-146613.1875,16368994,0.4651,-73256.59,3421.8599
17158314,1776294900,BTC,2500,2500,0.4722,-9.2067,0.0164,0.0200,-146613.2188,16368995,0.4651,-73256.61,3421.8599
17158315,1776294960,BTC,2500,2500,0.4722,-9.2067,0.0164,0.0000,-146613.2500,16368996,0.4651,-73256.62,3421.8599
17158316,1776295020,BTC,2500,2500,0.4722,-9.2067,0.0164,0.0000,-146613.2188,16368997,0.4651,-73256.61,3421.8599
17158317,1776295080,BTC,2500,2500,0.4722,-9.2067,0.0164,0.0000,-146613.2500,16368998,0.4651,-73256.62,3421.8599
17158318,1776295140,BTC,2500,2500,0.4722,-9.2067,0.0164,0.0000,-146613.2812,16368999,0.4651,-73256.64,3421.8599
17158319,1776295200,BTC,2500,2500,0.4722,-9.2067,0.0164,0.0000,-146613.2500,16369000,0.4651,-73256.62,3421.8599
17158320,1776295260,BTC,2500,2500,0.4722,-9.2067,0.0164,0.0000,-146613.2812,16369001,0.4651,-73256.64,3421.8599
17158321,1776295320,BTC,2500,2500,0.4722,-9.2067,0.0164,0.0000,-146613.2500,16369002,0.4651,-73256.62,3421.8599
17158322,1776295380,BTC,2500,2500,0.4722,-9.2067,0.0164,0.0000,-146613.2188,16369003,0.4651,-73256.61,3421.8599
17158323,1776295440,BTC,2500,2500,0.4722,-9.2067,0.0164,0.0000,-146613.2500,16369004,0.4651,-73256.62,3421.8599
17158324,1776295500,BTC,2500,2500,0.4722,-9.2067,0.0164,0.0000,-146613.2812,16369005,0.4651,-73256.64,3421.8599
17158325,1776295560,BTC,2500,2500,0.4722,-9.2067,0.0164,0.0000,-146613.3125,16369006,0.4651,-73256.66,3421.8599
17158326,1776295620,BTC,2500,2500,0.4722,-9.2067,0.0164,0.0000,-146613.3438,16369007,0.4651,-73256.67,3421.8599
17158327,1776295680,BTC,2500,2500,0.4722,-9.2067,0.0164,0.0000,-146613.3750,16369008,0.4651,-73256.69,3421.8599
17158328,1776295740,BTC,2500,2500,0.4722,-9.2067,0.0164,0.0000,-146613.3438,16369009,0.4651,-73256.67,3421.8599
17158329,1776295800,BTC,2500,2500,0.4722,-9.2067,0.0164,0.0000,-146613.3750,16369010,0.4651,-73256.69,3421.8599
17158330,1776295860,BTC,2500,2500,0.4722,-9.2067,0.0164,0.0000,-146613.3438,16369011,0.4651,-73256.67,3421.8599
17158331,1776295920,BTC,2500,2500,0.4722,-9.2067,0.0164,0.0000,-146613.3125,16369012,0.4651,-73256.66,3421.8599
17158332,1776295980,BTC,2500,2500,0.4722,-9.2067,0.0164,0.0000,-146613.3438,16369013,0.4651,-73256.67,3421.8599
17158333,1776296040,BTC,2500,2500,0.4722,-9.2067,0.0164,0.0000,-146613.3750,16369014,0.4651,-73256.69,3421.8599
17158334,1776296100,BTC,2500,2500,0.4722,-9.2067,0.0164,0.0000,-146613.3438,16369015,0.4651,-73256.67,3421.8599
17158335,1776296160,BTC,2500,2500,0.4722,-9.2067,0.0164,0.0000,-146613.3750,16369016,0.4651,-73256.69,3421.8599
17158336,1776296220,BTC,2500,2500,0.4722,-9.2067,0.0164,0.0000,-146613.4062,16369017,0.4651,-73256.70,3421.8599
17158337,1776296280,BTC,2500,2500,0.4722,-9.2067,0.0164,0.0000,-146613.4375,16369018,0.4651,-73256.72,3421.8599
17158338,1776296340,BTC,2500,2500,0.4722,-9.2067,0.0164,0.0000,-146613.4062,16369019,0.4651,-73256.70,3421.8599
17158339,1776296400,BTC,2500,2500,0.4722,-9.2067,0.0164,0.0000,-146613.3750,16369020,0.4651,-73256.69,3421.8599
17158340,1776296460,BTC,2500,2500,0.4722,-9.2067,0.0164,0.0000,-146613.3438,16369021,0.4651,-73256.67,3421.8599
17158341,1776296520,BTC,2500,2500,0.4722,-9.2067,0.0164,0.0000,-146613.3750,16369022,0.4651,-73256.69,3421.8599
17158342,1776296580,BTC,2500,2500,0.4722,-9.2067,0.0164,0.0000,-146613.3438,16369023,0.4651,-73256.67,3421.8599
17158343,1776296640,BTC,2500,2500,0.4722,-9.2067,0.0164,0.0000,-146613.3750,16369024,0.4651,-73256.69,3421.8599
17158344,1776296700,BTC,2500,2500,0.4722,-9.2067,0.0164,0.0000,-146613.4062,16369025,0.4651,-73256.70,3421.8599
17158345,1776296760,BTC,2500,2500,0.4722,-9.2067,0.0164,0.0000,-146613.3750,16369026,0.4651,-73256.69,3421.8599
17158346,1776296820,BTC,2500,2500,0.4722,-9.2067,0.0164,0.0000,-146613.4062,16369027,0.4651,-73256.70,3421.8599
17158347,1776296880,BTC,2500,2500,0.4722,-9.2067,0.0164,0.0000,-146613.4375,16369028,0.4651,-73256.72,3421.8599
17158348,1776296940,BTC,2500,2500,0.4722,-9.2067,0.0164,0.0000,-146613.4688,16369029,0.4651,-73256.73,3421.8599
17158349,1776297000,BTC,2500,2500,0.4722,-9.2067,0.0164,0.0200,-146613.5000,16369030,0.4651,-73256.75,3421.8599
17158350,1776297060,BTC,2500,2500,0.4722,-9.2067,0.0164,0.0200,-146613.4688,16369031,0.4651,-73256.73,3421.8599
17158351,1776297120,BTC,2500,2500,0.4722,-9.2067,0.0164,0.0000,-146613.4375,16369032,0.4651,-73256.72,3421.8599
17158352,1776297180,BTC,2500,2500,0.4722,-9.2067,0.0164,0.0200,-146613.4062,16369033,0.4651,-73256.70,3421.8599
17158353,1776297240,BTC,2500,2500,0.4722,-9.2067,0.0164,0.0200,-146613.4375,16369034,0.4651,-73256.72,3421.8599
17158354,1776297300,BTC,2500,2500,0.4722,-9.2067,0.0164,0.0000,-146613.4688,16369035,0.4651,-73256.73,3421.8599
17158355,1776297360,BTC,2500,2500,0.4722,-9.2067,0.0164,0.0000,-146613.5000,16369036,0.4651,-73256.75,3421.8599
17158356,1776297420,BTC,2500,2500,0.4722,-9.2067,0.0164,0.0000,-146613.5312,16369037,0.4651,-73256.77,3421.8599
17158357,1776297480,BTC,2500,2500,0.4722,-9.2067,0.0164,0.0000,-146613.5625,16369038,0.4651,-73256.78,3421.8599
17158358,1776297540,BTC,2500,2500,0.4722,-9.2067,0.0164,0.0000,-146613.5312,16369039,0.4651,-73256.77,3421.8599
17158359,1776297600,BTC,2500,2500,0.4722,-9.2067,0.0164,0.0000,-146613.5000,16369040,0.4651,-73256.75,3421.8599
17158360,1776297660,BTC,2500,2500,0.4722,-9.2067,0.0164,0.0000,-146613.5312,16369041,0.4651,-73256.77,3421.8599
17158361,1776297720,BTC,2500,2500,0.4722,-9.2067,0.0164,0.0000,-146613.5000,16369042,0.4651,-73256.75,3421.8599
17158362,1776297780,BTC,2500,2500,0.4722,-9.2067,0.0164,0.0000,-146613.4688,16369043,0.4651,-73256.73,3421.8599
17158363,1776297840,BTC,2500,2500,0.4722,-9.2067,0.0164,0.0200,-146613.5000,16369044,0.4651,-73256.75,3421.8599
17158364,1776297900,BTC,2500,2500,0.4722,-9.2067,0.0164,0.0200,-146613.5312,16369045,0.4651,-73256.77,3421.8599
17158365,1776297960,BTC,2500,2500,0.4722,-9.2067,0.0164,0.0000,-146613.5625,16369046,0.4651,-73256.78,3421.8599
17158366,1776298020,BTC,2500,2500,0.4722,-9.2067,0.0164,0.0000,-146613.5312,16369047,0.4651,-73256.77,3421.8599
17158367,1776298080,BTC,2500,2500,0.4722,-9.2067,0.0164,0.0000,-146613.5000,16369048,0.4651,-73256.75,3421.8599
17158368,1776298140,BTC,2500,2500,0.4722,-9.2067,0.0164,0.0000,-146613.4688,16369049,0.4651,-73256.73,3421.8599
17158369,1776298200,BTC,2500,2500,0.4722,-9.2067,0.0164,0.0000,-146613.5000,16369050,0.4651,-73256.75,3421.8599
17158370,1776298260,BTC,2500,2500,0.4722,-9.2067,0.0164,0.0000,-146613.4688,16369051,0.4651,-73256.73,3421.8599
17158371,1776298320,BTC,2500,2500,0.4722,-9.2067,0.0164,0.0000,-146613.5000,16369052,0.4651,-73256.75,3421.8599
17158372,1776298380,BTC,2500,2500,0.4722,-9.2067,0.0164,0.0000,-146613.4688,16369053,0.4651,-73256.73,3421.8599
17158373,1776298440,BTC,2500,2500,0.4722,-9.2067,0.0164,0.0000,-146613.4375,16369054,0.4651,-73256.72,3421.8599
17158374,1776298500,BTC,2500,2500,0.4722,-9.2067,0.0164,0.0000,-146613.4062,16369055,0.4651,-73256.70,3421.8599
17158375,1776298560,BTC,2500,2500,0.4722,-9.2067,0.0164,0.0000,-146613.4375,16369056,0.4651,-73256.72,3421.8599
17158376,1776298620,BTC,2500,2500,0.4722,-9.2067,0.0164,0.0000,-146613.4062,16369057,0.4651,-73256.70,3421.8599
17158377,1776298680,BTC,2500,2500,0.4722,-9.2067,0.0164,0.0000,-146613.3750,16369058,0.4651,-73256.69,3421.8599
17158378,1776298740,BTC,2500,2500,0.4722,-9.2067,0.0164,0.0000,-146613.3438,16369059,0.4651,-73256.67,3421.8599
17158379,1776298800,BTC,2500,2500,0.4722,-9.2067,0.0164,0.0000,-146613.3125,16369060,0.4651,-73256.66,3421.8599
17158380,1776298860,BTC,2500,2500,0.4722,-9.2067,0.0164,0.0000,-146613.3438,16369061,0.4651,-73256.67,3421.8599
17158381,1776298920,BTC,2500,2500,0.4722,-9.2067,0.0164,0.0000,-146613.3750,16369062,0.4651,-73256.69,3421.8599
17158382,1776298980,BTC,2500,2500,0.4722,-9.2067,0.0164,0.0000,-146613.3438,16369063,0.4651,-73256.67,3421.8599
17158383,1776299040,BTC,2500,2500,0.4722,-9.2067,0.0164,0.0000,-146613.3125,16369064,0.4651,-73256.66,3421.8599
17158384,1776299100,BTC,2500,2500,0.4722,-9.2067,0.0164,0.0000,-146613.3438,16369065,0.4651,-73256.67,3421.8599
17158385,1776299160,BTC,2500,2500,0.4722,-9.2067,0.0164,0.0200,-146613.3750,16369066,0.4651,-73256.69,3421.8599
17158386,1776299220,BTC,2500,2500,0.4722,-9.2067,0.0164,0.0000,-146613.4062,16369067,0.4651,-73256.70,3421.8599
17158387,1776299280,BTC,2500,2500,0.4722,-9.2067,0.0164,0.0000,-146613.4375,16369068,0.4651,-73256.72,3421.8599
17158388,1776299340,BTC,2500,2500,0.4722,-9.2067,0.0164,0.0000,-146613.4688,16369069,0.4651,-73256.73,3421.8599
17158389,1776299400,BTC,2500,2500,0.4722,-9.2067,0.0164,0.0000,-146613.4375,16369070,0.4651,-73256.72,3421.8599
17158390,1776299460,BTC,2500,2500,0.4722,-9.2067,0.0164,0.0000,-146613.4688,16369071,0.4651,-73256.73,3421.8599
17158391,1776299520,BTC,2500,2500,0.4722,-9.2067,0.0164,0.0200,-146613.4375,16369072,0.4651,-73256.72,3421.8599
17158392,1776299580,BTC,2500,2500,0.4722,-9.2067,0.0164,0.0200,-146613.4062,16369073,0.4651,-73256.70,3421.8599
17158393,1776299640,BTC,2500,2500,0.4722,-9.2067,0.0164,0.0200,-146613.4375,16369074,0.4651,-73256.72,3421.8599
17158394,1776299700,BTC,2500,2500,0.4722,-9.2067,0.0164,0.0200,-146613.4688,16369075,0.4651,-73256.73,3421.8599
17158395,1776299760,BTC,2500,2500,0.4722,-9.2067,0.0164,0.0200,-146613.5000,16369076,0.4651,-73256.75,3421.8599
17158396,1776299820,BTC,2500,2500,0.4722,-9.2067,0.0164,0.0200,-146613.4688,16369077,0.4651,-73256.73,3421.8599
17158397,1776299880,BTC,2500,2500,0.4722,-9.2067,0.0164,0.0200,-146613.5000,16369078,0.4651,-73256.75,3421.8599
17158398,1776299940,BTC,2500,2500,0.4722,-9.2067,0.0164,0.0000,-146613.4688,16369079,0.4651,-73256.73,3421.8599
17158399,1776300000,BTC,2500,2500,0.4722,-9.2067,0.0164,0.0000,-146613.5000,16369080,0.4651,-73256.75,3421.8599
17158400,1776300060,BTC,2500,2500,0.4722,-9.2067,0.0164,0.0000,-146613.5312,16369081,0.4651,-73256.77,3421.8599
17158401,1776300120,BTC,2500,2500,0.4722,-9.2067,0.0164,0.0000,-146613.5000,16369082,0.4651,-73256.75,3421.8599
17158402,1776300180,BTC,2500,2500,0.4722,-9.2067,0.0164,0.0000,-146613.4688,16369083,0.4651,-73256.73,3421.8599
17158403,1776300240,BTC,2500,2500,0.4722,-9.2067,0.0164,0.0000,-146613.4375,16369084,0.4651,-73256.72,3421.8599
17158404,1776300300,BTC,2500,2500,0.4722,-9.2067,0.0164,0.0000,-146613.4062,16369085,0.4651,-73256.70,3421.8599
17158405,1776300360,BTC,2500,2500,0.4722,-9.2067,0.0164,0.0000,-146613.3750,16369086,0.4651,-73256.69,3421.8599
17158406,1776300420,BTC,2500,2500,0.4722,-9.2067,0.0164,0.0000,-146613.3438,16369087,0.4651,-73256.67,3421.8599
17158407,1776300480,BTC,2500,2500,0.4722,-9.2067,0.0164,nan,-146613.3750,16369088,0.4651,-73256.69,3421.8599
17158408,1776300540,BTC,2500,2500,0.4722,-9.2067,0.0164,nan,-146613.3438,16369089,0.4651,-73256.67,3421.8599
17158409,1776300600,BTC,2500,2500,0.4722,-9.2067,0.0164,nan,-146613.3750,16369090,0.4651,-73256.69,3421.8599
17158410,1776300660,BTC,2500,2500,0.4722,-9.2067,0.0164,nan,-146613.4062,16369091,0.4651,-73256.70,3421.8599
17158411,1776300720,BTC,2500,2500,0.4722,-9.2067,0.0164,nan,-146613.4375,16369092,0.4651,-73256.72,3421.8599
17158412,1776300780,BTC,2500,2500,0.4722,-9.2067,0.0164,nan,-146613.4062,16369093,0.4651,-73256.70,3421.8599
17158413,1776300840,BTC,2500,2500,0.4722,-9.2067,0.0164,nan,-146613.4375,16369094,0.4651,-73256.72,3421.8599
17158414,1776300900,BTC,2500,2500,0.4722,-9.2067,0.0164,nan,-146613.4688,16369095,0.4651,-73256.73,3421.8599
17158415,1776300960,BTC,2500,2500,0.4722,-9.2067,0.0164,nan,-146613.5000,16369096,0.4651,-73256.75,3421.8599
17158416,1776301020,BTC,2500,2500,0.4722,-9.2067,0.0164,nan,-146613.5312,16369097,0.4651,-73256.77,3421.8599
17158417,1776301080,BTC,2500,2500,0.4722,-9.2067,0.0164,nan,-146613.5625,16369098,0.4651,-73256.78,3421.8599
17158418,1776301140,BTC,2500,2500,0.4722,-9.2067,0.0164,nan,-146613.5312,16369099,0.4651,-73256.77,3421.8599
17158419,1776301200,BTC,2500,2500,0.4722,-9.2067,0.0164,nan,-146613.5000,16369100,0.4651,-73256.75,3421.8599
17158420,1776301260,BTC,2500,2500,0.4722,-9.2067,0.0164,nan,-146613.4688,16369101,0.4651,-73256.73,3421.8599
17158421,1776301320,BTC,2500,2500,0.4722,-9.2067,0.0164,nan,-146613.5000,16369102,0.4651,-73256.75,3421.8599
17158422,1776301380,BTC,2500,2500,0.4722,-9.2067,0.0164,nan,-146613.5312,16369103,0.4651,-73256.77,3421.8599
17158423,1776301440,BTC,2500,2500,0.4722,-9.2067,0.0164,nan,-146613.5625,16369104,0.4651,-73256.78,3421.8599
17158424,1776301500,BTC,2500,2500,0.4722,-9.2067,0.0164,nan,-146613.5312,16369105,0.4651,-73256.77,3421.8599
17158425,1776301560,BTC,2500,2500,0.4722,-9.2067,0.0164,nan,-146613.5000,16369106,0.4651,-73256.75,3421.8599
17158426,1776301620,BTC,2500,2500,0.4722,-9.2067,0.0164,nan,-146613.5312,16369107,0.4651,-73256.77,3421.8599
17158427,1776301680,BTC,2500,2500,0.4722,-9.2067,0.0164,nan,-146613.5625,16369108,0.4651,-73256.78,3421.8599
17158428,1776301740,BTC,2500,2500,0.4722,-9.2067,0.0164,nan,-146613.5938,16369109,0.4651,-73256.80,3421.8599
17158429,1776301800,BTC,2500,2500,0.4722,-9.2067,0.0164,nan,-146613.6250,16369110,0.4651,-73256.81,3421.8599
17158430,1776301860,BTC,2500,2500,0.4722,-9.2067,0.0164,nan,-146613.5938,16369111,0.4651,-73256.80,3421.8599
17158431,1776301920,BTC,2500,2500,0.4722,-9.2067,0.0164,nan,-146613.6250,16369112,0.4651,-73256.81,3421.8599
17158432,1776301980,BTC,2500,2500,0.4722,-9.2067,0.0164,nan,-146613.5938,16369113,0.4651,-73256.80,3421.8599
17158433,1776302040,BTC,2500,2500,0.4722,-9.2067,0.0164,nan,-146613.6250,16369114,0.4651,-73256.81,3421.8599
17158434,1776302100,BTC,2500,2500,0.4722,-9.2067,0.0164,nan,-146613.6562,16369115,0.4651,-73256.83,3421.8599
17158435,1776302160,BTC,2500,2500,0.4722,-9.2067,0.0164,nan,-146613.6250,16369116,0.4651,-73256.81,3421.8599
17158436,1776302220,BTC,2500,2500,0.4722,-9.2067,0.0164,nan,-146613.5938,16369117,0.4651,-73256.80,3421.8599
17158437,1776302280,BTC,2500,2500,0.4722,-9.2067,0.0164,nan,-146613.6250,16369118,0.4651,-73256.81,3421.8599
17158438,1776302340,BTC,2500,2500,0.4722,-9.2067,0.0164,nan,-146613.6562,16369119,0.4651,-73256.83,3421.8599
17158439,1776302400,BTC,2500,2500,0.4722,-9.2067,0.0164,nan,-146613.6875,16369120,0.4651,-73256.84,3421.8599
17158440,1776302460,BTC,2500,2500,0.4722,-9.2067,0.0164,nan,-146613.6562,16369121,0.4651,-73256.83,3421.8599
17158441,1776302520,BTC,2500,2500,0.4722,-9.2067,0.0164,nan,-146613.6250,16369122,0.4651,-73256.81,3421.8599
17158442,1776302580,BTC,2500,2500,0.4722,-9.2067,0.0164,nan,-146613.6562,16369123,0.4651,-73256.83,3421.8599
17158443,1776302640,BTC,2500,2500,0.4722,-9.2067,0.0164,nan,-146613.6250,16369124,0.4651,-73256.81,3421.8599
17158444,1776302700,BTC,2500,2500,0.4722,-9.2067,0.0164,nan,-146613.5938,16369125,0.4651,-73256.80,3421.8599
17158445,1776302760,BTC,2500,2500,0.4722,-9.2067,0.0164,nan,-146613.5625,16369126,0.4651,-73256.78,3421.8599
17158446,1776302820,BTC,2500,2500,0.4722,-9.2067,0.0164,nan,-146613.5938,16369127,0.4651,-73256.80,3421.8599
17158447,1776302880,BTC,2500,2500,0.4722,-9.2067,0.0164,nan,-146613.5625,16369128,0.4651,-73256.78,3421.8599
17158448,1776302940,BTC,2500,2500,0.4722,-9.2067,0.0164,nan,-146613.5938,16369129,0.4651,-73256.80,3421.8599
17158449,1776303000,BTC,2500,2500,0.4722,-9.2067,0.0164,nan,-146613.6250,16369130,0.4651,-73256.81,3421.8599
17158450,1776303060,BTC,2500,2500,0.4722,-9.2067,0.0164,nan,-146613.6562,16369131,0.4651,-73256.83,3421.8599
17158451,1776303120,BTC,2500,2500,0.4722,-9.2067,0.0164,nan,-146613.6250,16369132,0.4651,-73256.81,3421.8599
17158452,1776303180,BTC,2500,2500,0.4722,-9.2067,0.0164,nan,-146613.6562,16369133,0.4651,-73256.83,3421.8599
17158453,1776303240,BTC,2500,2500,0.4722,-9.2067,0.0164,nan,-146613.6875,16369134,0.4651,-73256.84,3421.8599
17158454,1776303300,BTC,2500,2500,0.4722,-9.2067,0.0164,nan,-146613.6562,16369135,0.4651,-73256.83,3421.8599
17158455,1776303360,BTC,2500,2500,0.4722,-9.2067,0.0164,nan,-146613.6250,16369136,0.4651,-73256.81,3421.8599
17158456,1776303420,BTC,2500,2500,0.4722,-9.2067,0.0164,nan,-146613.5938,16369137,0.4651,-73256.80,3421.8599
17158457,1776303480,BTC,2500,2500,0.4722,-9.2067,0.0164,nan,-146613.6250,16369138,0.4651,-73256.81,3421.8599
17158458,1776303540,BTC,2500,2500,0.4722,-9.2067,0.0164,nan,-146613.5938,16369139,0.4651,-73256.80,3421.8599
17158459,1776303600,BTC,2500,2500,0.4722,-9.2067,0.0164,nan,-146613.6250,16369140,0.4651,-73256.81,3421.8599
17158460,1776303660,BTC,2500,2500,0.4722,-9.2067,0.0164,nan,-146613.5938,16369141,0.4651,-73256.80,3421.8599
17158461,1776303720,BTC,2500,2500,0.4722,-9.2067,0.0164,nan,-146613.6250,16369142,0.4651,-73256.81,3421.8599
17158462,1776303780,BTC,2500,2500,0.4722,-9.2067,0.0164,nan,-146613.5938,16369143,0.4651,-73256.80,3421.8599
17158463,1776303840,BTC,2500,2500,0.4722,-9.2067,0.0164,nan,-146613.6250,16369144,0.4651,-73256.81,3421.8599
17158464,1776303900,BTC,2500,2500,0.4722,-9.2067,0.0164,nan,-146613.5938,16369145,0.4651,-73256.80,3421.8599
17158465,1776303960,BTC,2500,2500,0.4722,-9.2067,0.0164,nan,-146613.6250,16369146,0.4651,-73256.81,3421.8599
17158466,1776304020,BTC,2500,2500,0.4722,-9.2067,0.0164,nan,-146613.5938,16369147,0.4651,-73256.80,3421.8599
17158467,1776304080,BTC,2500,2500,0.4722,-9.2067,0.0164,nan,-146613.6250,16369148,0.4651,-73256.81,3421.8599
17158468,1776304140,BTC,2500,2500,0.4722,-9.2067,0.0164,nan,-146613.6562,16369149,0.4651,-73256.83,3421.8599
17158469,1776304200,BTC,2500,2500,0.4722,-9.2067,0.0164,nan,-146613.6250,16369150,0.4651,-73256.81,3421.8599
17158470,1776304260,BTC,2500,2500,0.4722,-9.2067,0.0164,nan,-146613.5938,16369151,0.4651,-73256.80,3421.8599
17158471,1776304320,BTC,2500,2500,0.4722,-9.2067,0.0164,nan,-146613.6250,16369152,0.4651,-73256.81,3421.8599
17158472,1776304380,BTC,2500,2500,0.4722,-9.2067,0.0164,nan,-146613.5938,16369153,0.4651,-73256.80,3421.8599
17158473,1776304440,BTC,2500,2500,0.4722,-9.2067,0.0164,nan,-146613.5625,16369154,0.4651,-73256.78,3421.8599
17158474,1776304500,BTC,2500,2500,0.4722,-9.2067,0.0164,nan,-146613.5312,16369155,0.4651,-73256.77,3421.8599
17158475,1776304560,BTC,2500,2500,0.4722,-9.2067,0.0164,nan,-146613.5625,16369156,0.4651,-73256.78,3421.8599
17158476,1776304620,BTC,2500,2500,0.4722,-9.2067,0.0164,nan,-146613.5938,16369157,0.4651,-73256.80,3421.8599
17158477,1776304680,BTC,2500,2500,0.4722,-9.2067,0.0164,nan,-146613.5625,16369158,0.4651,-73256.78,3421.8599
17158478,1776304740,BTC,2500,2500,0.4722,-9.2067,0.0164,nan,-146613.5312,16369159,0.4651,-73256.77,3421.8599
17158479,1776304800,BTC,2500,2500,0.4722,-9.2067,0.0164,nan,-146613.5000,16369160,0.4651,-73256.75,3421.8599
17158480,1776304860,BTC,2500,2500,0.4722,-9.2067,0.0164,nan,-146613.5312,16369161,0.4651,-73256.77,3421.8599
17158481,1776304920,BTC,2500,2500,0.4722,-9.2067,0.0164,nan,-146613.5000,16369162,0.4651,-73256.75,3421.8599
17158482,1776304980,BTC,2500,2500,0.4722,-9.2067,0.0164,nan,-146613.4688,16369163,0.4651,-73256.73,3421.8599
17158483,1776305040,BTC,2500,2500,0.4722,-9.2067,0.0164,nan,-146613.4375,16369164,0.4651,-73256.72,3421.8599
17158484,1776305100,BTC,2500,2500,0.4722,-9.2067,0.0164,nan,-146613.4688,16369165,0.4651,-73256.73,3421.8599
17158485,1776305160,BTC,2500,2500,0.4722,-9.2067,0.0164,nan,-146613.5000,16369166,0.4651,-73256.75,3421.8599
17158486,1776305220,BTC,2500,2500,0.4722,-9.2067,0.0164,nan,-146613.4688,16369167,0.4651,-73256.73,3421.8599
17158487,1776305280,BTC,2500,2500,0.4722,-9.2067,0.0164,nan,-146613.5000,16369168,0.4651,-73256.75,3421.8599
17158488,1776305340,BTC,2500,2500,0.4722,-9.2067,0.0164,nan,-146613.4688,16369169,0.4651,-73256.73,3421.8599
17158489,1776305400,BTC,2500,2500,0.4722,-9.2067,0.0164,nan,-146613.5000,16369170,0.4651,-73256.75,3421.8599
17158490,1776305460,BTC,2500,2500,0.4722,-9.2067,0.0164,nan,-146613.5312,16369171,0.4651,-73256.77,3421.8599
17158491,1776305520,BTC,2500,2500,0.4722,-9.2067,0.0164,nan,-146613.5000,16369172,0.4651,-73256.75,3421.8599
17158492,1776305580,BTC,2500,2500,0.4722,-9.2067,0.0164,nan,-146613.5312,16369173,0.4651,-73256.77,3421.8599
17158493,1776305640,BTC,2500,2500,0.4722,-9.2067,0.0164,nan,-146613.5000,16369174,0.4651,-73256.75,3421.8599
17158494,1776305700,BTC,2500,2500,0.4722,-9.2067,0.0164,nan,-146613.4688,16369175,0.4651,-73256.73,3421.8599
17158495,1776305760,BTC,2500,2500,0.4722,-9.2067,0.0164,nan,-146613.5000,16369176,0.4651,-73256.75,3421.8599
17158496,1776305820,BTC,2500,2500,0.4722,-9.2067,0.0164,nan,-146613.4688,16369177,0.4651,-73256.73,3421.8599
17158497,1776305880,BTC,2500,2500,0.4722,-9.2067,0.0164,nan,-146613.4375,16369178,0.4651,-73256.72,3421.8599
17158498,1776305940,BTC,2500,2500,0.4722,-9.2067,0.0164,nan,-146613.4688,16369179,0.4651,-73256.73,3421.8599
17158499,1776306000,BTC,2500,2500,0.4722,-9.2067,0.0164,nan,-146613.5000,16369180,0.4651,-73256.75,3421.8599
17158500,1776306060,BTC,2500,2500,0.4722,-9.2067,0.0164,nan,-146613.5312,16369181,0.4651,-73256.77,3421.8599
17158501,1776306120,BTC,2500,2500,0.4722,-9.2067,0.0164,nan,-146613.5625,16369182,0.4651,-73256.78,3421.8599
17158502,1776306180,BTC,2500,2500,0.4722,-9.2067,0.0164,nan,-146613.5938,16369183,0.4651,-73256.80,3421.8599
17158503,1776306240,BTC,2500,2500,0.4722,-9.2067,0.0164,nan,-146613.5625,16369184,0.4651,-73256.78,3421.8599
17158504,1776306300,BTC,2500,2500,0.4722,-9.2067,0.0164,nan,-146613.5312,16369185,0.4651,-73256.77,3421.8599
17158505,1776306360,BTC,2500,2500,0.4722,-9.2067,0.0164,nan,-146613.5625,16369186,0.4651,-73256.78,3421.8599
17158506,1776306420,BTC,2500,2500,0.4722,-9.2067,0.0164,nan,-146613.5312,16369187,0.4651,-73256.77,3421.8599
17158507,1776306480,BTC,2500,2500,0.4722,-9.2067,0.0164,nan,-146613.5625,16369188,0.4651,-73256.78,3421.8599
17158508,1776306540,BTC,2500,2500,0.4722,-9.2067,0.0164,nan,-146613.5938,16369189,0.4651,-73256.80,3421.8599
17158509,1776306600,BTC,2500,2500,0.4722,-9.2067,0.0164,nan,-146613.6250,16369190,0.4651,-73256.81,3421.8599
17158510,1776306660,BTC,2500,2500,0.4722,-9.2067,0.0164,nan,-146613.6562,16369191,0.4651,-73256.83,3421.8599
17158511,1776306720,BTC,2500,2500,0.4722,-9.2067,0.0164,nan,-146613.6875,16369192,0.4651,-73256.84,3421.8599
17158512,1776306780,BTC,2500,2500,0.4722,-9.2067,0.0164,nan,-146613.6562,16369193,0.4651,-73256.83,3421.8599
17158513,1776306840,BTC,2500,2500,0.4722,-9.2067,0.0164,nan,-146613.6250,16369194,0.4651,-73256.81,3421.8599
17158514,1776306900,BTC,2500,2500,0.4722,-9.2067,0.0164,nan,-146613.6562,16369195,0.4651,-73256.83,3421.8599
17158515,1776306960,BTC,2500,2500,0.4722,-9.2067,0.0164,nan,-146613.6250,16369196,0.4651,-73256.81,3421.8599
17158516,1776307020,BTC,2500,2500,0.4722,-9.2067,0.0164,nan,-146613.6562,16369197,0.4651,-73256.83,3421.8599
17158517,1776307080,BTC,2500,2500,0.4722,-9.2067,0.0164,nan,-146613.6875,16369198,0.4651,-73256.84,3421.8599
17158518,1776307140,BTC,2500,2500,0.4722,-9.2067,0.0164,nan,-146613.6562,16369199,0.4651,-73256.83,3421.8599
17158519,1776307200,BTC,2500,2500,0.4722,-9.2067,0.0164,nan,-146613.6250,16369200,0.4651,-73256.81,3421.8599
17158520,1776307260,BTC,2500,2500,0.4722,-9.2067,0.0164,nan,-146613.5938,16369201,0.4651,-73256.80,3421.8599
17158521,1776307320,BTC,2500,2500,0.4722,-9.2067,0.0164,nan,-146613.6250,16369202,0.4651,-73256.81,3421.8599
17158522,1776307380,BTC,2500,2500,0.4722,-9.2067,0.0164,nan,-146613.6562,16369203,0.4651,-73256.83,3421.8599
17158523,1776307440,BTC,2500,2500,0.4722,-9.2067,0.0164,nan,-146613.6875,16369204,0.4651,-73256.84,3421.8599
17158524,1776307500,BTC,2500,2500,0.4722,-9.2067,0.0164,nan,-146613.7188,16369205,0.4651,-73256.86,3421.8599
17158525,1776307560,BTC,2500,2500,0.4722,-9.2067,0.0164,nan,-146613.6875,16369206,0.4651,-73256.84,3421.8599
17158526,1776307620,BTC,2500,2500,0.4722,-9.2067,0.0164,nan,-146613.6562,16369207,0.4651,-73256.83,3421.8599
17158527,1776307680,BTC,2500,2500,0.4722,-9.2067,0.0164,nan,-146613.6250,16369208,0.4651,-73256.81,3421.8599
17158528,1776307740,BTC,2500,2500,0.4722,-9.2067,0.0164,nan,-146613.6562,16369209,0.4651,-73256.83,3421.8599
17158529,1776307800,BTC,2500,2500,0.4722,-9.2067,0.0164,nan,-146613.6875,16369210,0.4651,-73256.84,3421.8599
17158530,1776307860,BTC,2500,2500,0.4722,-9.2067,0.0164,nan,-146613.7188,16369211,0.4651,-73256.86,3421.8599
17158531,1776307920,BTC,2500,2500,0.4722,-9.2067,0.0164,nan,-146613.6875,16369212,0.4651,-73256.84,3421.8599
17158532,1776307980,BTC,2500,2500,0.4722,-9.2067,0.0164,nan,-146613.6562,16369213,0.4651,-73256.83,3421.8599
17158533,1776308040,BTC,2500,2500,0.4722,-9.2067,0.0164,nan,-146613.6875,16369214,0.4651,-73256.84,3421.8599
17158534,1776308100,BTC,2500,2500,0.4722,-9.2067,0.0164,nan,-146613.7188,16369215,0.4651,-73256.86,3421.8599
17158535,1776308160,BTC,2500,2500,0.4722,-9.2067,0.0164,nan,-146613.7500,16369216,0.4651,-73256.88,3421.8599
17158536,1776308220,BTC,2500,2500,0.4722,-9.2067,0.0164,nan,-146613.7812,16369217,0.4651,-73256.89,3421.8599
17158537,1776308280,BTC,2500,2500,0.4722,-9.2067,0.0164,nan,-146613.8125,16369218,0.4651,-73256.91,3421.8599
17158538,1776308340,BTC,2500,2500,0.4722,-9.2067,0.0164,nan,-146613.7812,16369219,0.4651,-73256.89,3421.8599
17158539,1776308400,BTC,2500,2500,0.4722,-9.2067,0.0164,nan,-146613.8125,16369220,0.4651,-73256.91,3421.8599
17158540,1776308460,BTC,2500,2500,0.4722,-9.2067,0.0164,nan,-146613.8438,16369221,0.4651,-73256.92,3421.8599
17158541,1776308520,BTC,2500,2500,0.4722,-9.2067,0.0164,nan,-146613.8125,16369222,0.4651,-73256.91,3421.8599
17158542,1776308580,BTC,2500,2500,0.4722,-9.2067,0.0164,nan,-146613.8438,16369223,0.4651,-73256.92,3421.8599
17158543,1776308640,BTC,2500,2500,0.4722,-9.2067,0.0164,nan,-146613.8750,16369224,0.4651,-73256.94,3421.8599
17158544,1776308700,BTC,2500,2500,0.4722,-9.2067,0.0164,nan,-146613.9062,16369225,0.4651,-73256.95,3421.8599
17158545,1776308760,BTC,2500,2500,0.4722,-9.2067,0.0164,nan,-146613.9375,16369226,0.4651,-73256.97,3421.8599
17158546,1776308820,BTC,2500,2500,0.4722,-9.2067,0.0164,nan,-146613.9062,16369227,0.4651,-73256.95,3421.8599
17158547,1776308880,BTC,2500,2500,0.4722,-9.2067,0.0164,nan,-146613.8750,16369228,0.4651,-73256.94,3421.8599
17158548,1776308940,BTC,2500,2500,0.4722,-9.2067,0.0164,nan,-146613.8438,16369229,0.4651,-73256.92,3421.8599
17158549,1776309000,BTC,2500,2500,0.4722,-9.2067,0.0164,nan,-146613.8125,16369230,0.4651,-73256.91,3421.8599
17158550,1776309060,BTC,2500,2500,0.4722,-9.2067,0.0164,nan,-146613.8438,16369231,0.4651,-73256.92,3421.8599
17158551,1776309120,BTC,2500,2500,0.4722,-9.2067,0.0164,nan,-146613.8125,16369232,0.4651,-73256.91,3421.8599
17158552,1776309180,BTC,2500,2500,0.4722,-9.2067,0.0164,nan,-146613.7812,16369233,0.4651,-73256.89,3421.8599
17158553,1776309240,BTC,2500,2500,0.4722,-9.2067,0.0164,nan,-146613.7500,16369234,0.4651,-73256.88,3421.8599
17158554,1776309300,BTC,2500,2500,0.4722,-9.2067,0.0164,nan,-146613.7812,16369235,0.4651,-73256.89,3421.8599
17158555,1776309360,BTC,2500,2500,0.4722,-9.2067,0.0164,nan,-146613.7500,16369236,0.4651,-73256.88,3421.8599
17158556,1776309420,BTC,2500,2500,0.4722,-9.2067,0.0164,nan,-146613.7188,16369237,0.4651,-73256.86,3421.8599
17158557,1776309480,BTC,2500,2500,0.4722,-9.2067,0.0164,nan,-146613.7500,16369238,0.4651,-73256.88,3421.8599
17158558,1776309540,BTC,2500,2500,0.4722,-9.2067,0.0164,nan,-146613.7812,16369239,0.4651,-73256.89,3421.8599
17158559,1776309600,BTC,2500,2500,0.4722,-9.2067,0.0164,nan,-146613.7500,16369240,0.4651,-73256.88,3421.8599
17158560,1776309660,BTC,2500,2500,0.4722,-9.2067,0.0164,nan,-146613.7812,16369241,0.4651,-73256.89,3421.8599
17158561,1776309720,BTC,2500,2500,0.4722,-9.2067,0.0164,nan,-146613.7500,16369242,0.4651,-73256.88,3421.8599
17158562,1776309780,BTC,2500,2500,0.4722,-9.2067,0.0164,nan,-146613.7188,16369243,0.4651,-73256.86,3421.8599
17158563,1776309840,BTC,2500,2500,0.4722,-9.2067,0.0164,nan,-146613.7500,16369244,0.4651,-73256.88,3421.8599
17158564,1776309900,BTC,2500,2500,0.4722,-9.2067,0.0164,nan,-146613.7812,16369245,0.4651,-73256.89,3421.8599
17158565,1776309960,BTC,2500,2500,0.4722,-9.2067,0.0164,nan,-146613.7500,16369246,0.4651,-73256.88,3421.8599
17158566,1776310020,BTC,2500,2500,0.4722,-9.2067,0.0164,nan,-146613.7188,16369247,0.4651,-73256.86,3421.8599
17158567,1776310080,BTC,2500,2500,0.4722,-9.2067,0.0164,nan,-146613.6875,16369248,0.4651,-73256.84,3421.8599
17158568,1776310140,BTC,2500,2500,0.4722,-9.2067,0.0164,nan,-146613.7188,16369249,0.4651,-73256.86,3421.8599
17158569,1776310200,BTC,2500,2500,0.4722,-9.2067,0.0164,nan,-146613.7500,16369250,0.4651,-73256.88,3421.8599
17158570,1776310260,BTC,2500,2500,0.4722,-9.2067,0.0164,nan,-146613.7812,16369251,0.4651,-73256.89,3421.8599
17158571,1776310320,BTC,2500,2500,0.4722,-9.2067,0.0164,nan,-146613.7500,16369252,0.4651,-73256.88,3421.8599
17158572,1776310380,BTC,2500,2500,0.4722,-9.2067,0.0164,nan,-146613.7812,16369253,0.4651,-73256.89,3421.8599
17158573,1776310440,BTC,2500,2500,0.4722,-9.2067,0.0164,nan,-146613.7500,16369254,0.4651,-73256.88,3421.8599
17158574,1776310500,BTC,2500,2500,0.4722,-9.2067,0.0164,nan,-146613.7812,16369255,0.4651,-73256.89,3421.8599
17158575,1776310560,BTC,2500,2500,0.4722,-9.2067,0.0164,nan,-146613.7500,16369256,0.4651,-73256.88,3421.8599
17158576,1776310620,BTC,2500,2500,0.4722,-9.2067,0.0164,nan,-146613.7812,16369257,0.4651,-73256.89,3421.8599
17158577,1776310680,BTC,2500,2500,0.4722,-9.2067,0.0164,nan,-146613.7500,16369258,0.4651,-73256.88,3421.8599
17158578,1776310740,BTC,2500,2500,0.4722,-9.2067,0.0164,nan,-146613.7812,16369259,0.4651,-73256.89,3421.8599
17158579,1776310800,BTC,2500,2500,0.4722,-9.2067,0.0164,nan,-146613.8125,16369260,0.4651,-73256.91,3421.8599
17158580,1776310860,BTC,2500,2500,0.4722,-9.2067,0.0164,nan,-146613.8438,16369261,0.4651,-73256.92,3421.8599
17158581,1776310920,BTC,2500,2500,0.4722,-9.2067,0.0164,nan,-146613.8125,16369262,0.4651,-73256.91,3421.8599
17158582,1776310980,BTC,2500,2500,0.4722,-9.2067,0.0164,nan,-146613.7812,16369263,0.4651,-73256.89,3421.8599
17158583,1776311040,BTC,2500,2500,0.4722,-9.2067,0.0164,nan,-146613.7500,16369264,0.4651,-73256.88,3421.8599
17158584,1776311100,BTC,2500,2500,0.4722,-9.2067,0.0164,nan,-146613.7188,16369265,0.4651,-73256.86,3421.8599
17158585,1776311160,BTC,2500,2500,0.4722,-9.2067,0.0164,nan,-146613.6875,16369266,0.4651,-73256.84,3421.8599
17158586,1776311220,BTC,2500,2500,0.4722,-9.2067,0.0164,nan,-146613.6562,16369267,0.4651,-73256.83,3421.8599
17158587,1776311280,BTC,2500,2500,0.4722,-9.2067,0.0164,nan,-146613.6250,16369268,0.4651,-73256.81,3421.8599
17158588,1776311340,BTC,2500,2500,0.4722,-9.2067,0.0164,nan,-146613.5938,16369269,0.4651,-73256.80,3421.8599
17158589,1776311400,BTC,2500,2500,0.4722,-9.2067,0.0164,nan,-146613.5625,16369270,0.4651,-73256.78,3421.8599
17158590,1776311460,BTC,2500,2500,0.4722,-9.2067,0.0164,nan,-146613.5312,16369271,0.4651,-73256.77,3421.8599
17158591,1776311520,BTC,2500,2500,0.4722,-9.2067,0.0164,nan,-146613.5625,16369272,0.4651,-73256.78,3421.8599
17158592,1776311580,BTC,2500,2500,0.4722,-9.2067,0.0164,nan,-146613.5938,16369273,0.4651,-73256.80,3421.8599
17158593,1776311640,BTC,2500,2500,0.4722,-9.2067,0.0164,nan,-146613.6250,16369274,0.4651,-73256.81,3421.8599
17158594,1776311700,BTC,2500,2500,0.4722,-9.2067,0.0164,nan,-146613.5938,16369275,0.4651,-73256.80,3421.8599
17158595,1776311760,BTC,2500,2500,0.4722,-9.2067,0.0164,nan,-146613.5625,16369276,0.4651,-73256.78,3421.8599
17158596,1776311820,BTC,2500,2500,0.4722,-9.2067,0.0164,nan,-146613.5312,16369277,0.4651,-73256.77,3421.8599
17158597,1776311880,BTC,2500,2500,0.4722,-9.2067,0.0164,nan,-146613.5000,16369278,0.4651,-73256.75,3421.8599
17158598,1776311940,BTC,2500,2500,0.4722,-9.2067,0.0164,nan,-146613.4688,16369279,0.4651,-73256.73,3421.8599
17158599,1776312000,BTC,2500,2500,0.4722,-9.2067,0.0164,nan,-146613.5000,16369280,0.4651,-73256.75,3421.8599
17158600,1776312060,BTC,2500,2500,0.4722,-9.2067,0.0164,nan,-146613.4688,16369281,0.4651,-73256.73,3421.8599
17158601,1776312120,BTC,2500,2500,0.4722,-9.2067,0.0164,nan,-146613.4375,16369282,0.4651,-73256.72,3421.8599
17158602,1776312180,BTC,2500,2500,0.4722,-9.2067,0.0164,nan,-146613.4062,16369283,0.4651,-73256.70,3421.8599
17158603,1776312240,BTC,2500,2500,0.4722,-9.2067,0.0164,nan,-146613.4375,16369284,0.4651,-73256.72,3421.8599
17158604,1776312300,BTC,2500,2500,0.4722,-9.2067,0.0164,nan,-146613.4062,16369285,0.4651,-73256.70,3421.8599
17158605,1776312360,BTC,2500,2500,0.4722,-9.2067,0.0164,nan,-146613.3750,16369286,0.4651,-73256.69,3421.8599
17158606,1776312420,BTC,2500,2500,0.4722,-9.2067,0.0164,nan,-146613.4062,16369287,0.4651,-73256.70,3421.8599
17158607,1776312480,BTC,2500,2500,0.4722,-9.2067,0.0164,nan,-146613.3750,16369288,0.4651,-73256.69,3421.8599
17158608,1776312540,BTC,2500,2500,0.4722,-9.2067,0.0164,nan,-146613.3438,16369289,0.4651,-73256.67,3421.8599
17158609,1776312600,BTC,2500,2500,0.4722,-9.2067,0.0164,nan,-146613.3750,16369290,0.4651,-73256.69,3421.8599
17158610,1776312660,BTC,2500,2500,0.4722,-9.2067,0.0164,nan,-146613.4062,16369291,0.4651,-73256.70,3421.8599
17158611,1776312720,BTC,2500,2500,0.4722,-9.2067,0.0164,nan,-146613.3750,16369292,0.4651,-73256.69,3421.8599
17158612,1776312780,BTC,2500,2500,0.4722,-9.2067,0.0164,nan,-146613.3438,16369293,0.4651,-73256.67,3421.8599
17158613,1776312840,BTC,2500,2500,0.4722,-9.2067,0.0164,nan,-146613.3750,16369294,0.4651,-73256.69,3421.8599
17158614,1776312900,BTC,2500,2500,0.4722,-9.2067,0.0164,nan,-146613.3438,16369295,0.4651,-73256.67,3421.8599
17158615,1776312960,BTC,2500,2500,0.4722,-9.2067,0.0164,nan,-146613.3750,16369296,0.4651,-73256.69,3421.8599
17158616,1776313020,BTC,2500,2500,0.4722,-9.2067,0.0164,nan,-146613.3438,16369297,0.4651,-73256.67,3421.8599
17158617,1776313080,BTC,2500,2500,0.4722,-9.2067,0.0164,nan,-146613.3750,16369298,0.4651,-73256.69,3421.8599
17158618,1776313140,BTC,2500,2500,0.4722,-9.2067,0.0164,nan,-146613.4062,16369299,0.4651,-73256.70,3421.8599
17158619,1776313200,BTC,2500,2500,0.4722,-9.2067,0.0164,nan,-146613.4375,16369300,0.4651,-73256.72,3421.8599
17158620,1776313260,BTC,2500,2500,0.4722,-9.2067,0.0164,nan,-146613.4062,16369301,0.4651,-73256.70,3421.8599
17158621,1776313320,BTC,2500,2500,0.4722,-9.2067,0.0164,nan,-146613.3750,16369302,0.4651,-73256.69,3421.8599
17158622,1776313380,BTC,2500,2500,0.4722,-9.2067,0.0164,nan,-146613.3438,16369303,0.4651,-73256.67,3421.8599
17158623,1776313440,BTC,2500,2500,0.4722,-9.2067,0.0164,nan,-146613.3750,16369304,0.4651,-73256.69,3421.8599
17158624,1776313500,BTC,2500,2500,0.4722,-9.2067,0.0164,nan,-146613.4062,16369305,0.4651,-73256.70,3421.8599
17158625,1776313560,BTC,2500,2500,0.4722,-9.2067,0.0164,nan,-146613.4375,16369306,0.4651,-73256.72,3421.8599
17158626,1776313620,BTC,2500,2500,0.4722,-9.2067,0.0164,nan,-146613.4688,16369307,0.4651,-73256.73,3421.8599
17158627,1776313680,BTC,2500,2500,0.4722,-9.2067,0.0164,nan,-146613.5000,16369308,0.4651,-73256.75,3421.8599
17158628,1776313740,BTC,2500,2500,0.4722,-9.2067,0.0164,nan,-146613.5312,16369309,0.4651,-73256.77,3421.8599
17158629,1776313800,BTC,2500,2500,0.4722,-9.2067,0.0164,nan,-146613.5625,16369310,0.4651,-73256.78,3421.8599
17158630,1776313860,BTC,2500,2500,0.4722,-9.2067,0.0164,nan,-146613.5312,16369311,0.4651,-73256.77,3421.8599
17158631,1776313920,BTC,2500,2500,0.4722,-9.2067,0.0164,nan,-146613.5625,16369312,0.4651,-73256.78,3421.8599
17158632,1776313980,BTC,2500,2500,0.4722,-9.2067,0.0164,nan,-146613.5938,16369313,0.4651,-73256.80,3421.8599
17158633,1776314040,BTC,2500,2500,0.4722,-9.2067,0.0164,nan,-146613.6250,16369314,0.4651,-73256.81,3421.8599
17158634,1776314100,BTC,2500,2500,0.4722,-9.2067,0.0164,nan,-146613.6562,16369315,0.4651,-73256.83,3421.8599
17158635,1776314160,BTC,2500,2500,0.4722,-9.2067,0.0164,nan,-146613.6250,16369316,0.4651,-73256.81,3421.8599
17158636,1776314220,BTC,2500,2500,0.4722,-9.2067,0.0164,nan,-146613.6562,16369317,0.4651,-73256.83,3421.8599
17158637,1776314280,BTC,2500,2500,0.4722,-9.2067,0.0164,nan,-146613.6875,16369318,0.4651,-73256.84,3421.8599
17158638,1776314340,BTC,2500,2500,0.4722,-9.2067,0.0164,nan,-146613.6562,16369319,0.4651,-73256.83,3421.8599
17158639,1776314400,BTC,2500,2500,0.4722,-9.2067,0.0164,nan,-146613.6875,16369320,0.4651,-73256.84,3421.8599
17158640,1776314460,BTC,2500,2500,0.4722,-9.2067,0.0164,nan,-146613.6562,16369321,0.4651,-73256.83,3421.8599
17158641,1776314520,BTC,2500,2500,0.4722,-9.2067,0.0164,nan,-146613.6250,16369322,0.4651,-73256.81,3421.8599
17158642,1776314580,BTC,2500,2500,0.4722,-9.2067,0.0164,nan,-146613.5938,16369323,0.4651,-73256.80,3421.8599
17158643,1776314640,BTC,2500,2500,0.4722,-9.2067,0.0164,nan,-146613.5625,16369324,0.4651,-73256.78,3421.8599
17158644,1776314700,BTC,2500,2500,0.4722,-9.2067,0.0164,nan,-146613.5312,16369325,0.4651,-73256.77,3421.8599
17158645,1776314760,BTC,2500,2500,0.4722,-9.2067,0.0164,nan,-146613.5625,16369326,0.4651,-73256.78,3421.8599
17158646,1776314820,BTC,2500,2500,0.4722,-9.2067,0.0164,nan,-146613.5312,16369327,0.4651,-73256.77,3421.8599
17158647,1776314880,BTC,2500,2500,0.4722,-9.2067,0.0164,nan,-146613.5000,16369328,0.4651,-73256.75,3421.8599
17158648,1776314940,BTC,2500,2500,0.4722,-9.2067,0.0164,nan,-146613.5312,16369329,0.4651,-73256.77,3421.8599
17158649,1776315000,BTC,2500,2500,0.4722,-9.2067,0.0164,nan,-146613.5625,16369330,0.4651,-73256.78,3421.8599
17158650,1776315060,BTC,2500,2500,0.4722,-9.2067,0.0164,nan,-146613.5938,16369331,0.4651,-73256.80,3421.8599
17158651,1776315120,BTC,2500,2500,0.4722,-9.2067,0.0164,nan,-146613.5625,16369332,0.4651,-73256.78,3421.8599
17158652,1776315180,BTC,2500,2500,0.4722,-9.2067,0.0164,nan,-146613.5938,16369333,0.4651,-73256.80,3421.8599
17158653,1776315240,BTC,2500,2500,0.4722,-9.2067,0.0164,nan,-146613.6250,16369334,0.4651,-73256.81,3421.8599
17158654,1776315300,BTC,2500,2500,0.4722,-9.2067,0.0164,nan,-146613.5938,16369335,0.4651,-73256.80,3421.8599
17158655,1776315360,BTC,2500,2500,0.4722,-9.2067,0.0164,nan,-146613.5625,16369336,0.4651,-73256.78,3421.8599
17158656,1776315420,BTC,2500,2500,0.4722,-9.2067,0.0164,nan,-146613.5312,16369337,0.4651,-73256.77,3421.8599
17158657,1776315480,BTC,2500,2500,0.4722,-9.2067,0.0164,nan,-146613.5625,16369338,0.4651,-73256.78,3421.8599
17158658,1776315540,BTC,2500,2500,0.4722,-9.2067,0.0164,nan,-146613.5312,16369339,0.4651,-73256.77,3421.8599
17158659,1776315600,BTC,2500,2500,0.4722,-9.2067,0.0164,nan,-146613.5625,16369340,0.4651,-73256.78,3421.8599
17158660,1776315660,BTC,2500,2500,0.4722,-9.2067,0.0164,nan,-146613.5938,16369341,0.4651,-73256.80,3421.8599
17158661,1776315720,BTC,2500,2500,0.4722,-9.2067,0.0164,nan,-146613.6250,16369342,0.4651,-73256.81,3421.8599
17158662,1776315780,BTC,2500,2500,0.4722,-9.2067,0.0164,nan,-146613.6562,16369343,0.4651,-73256.83,3421.8599
17158663,1776315840,BTC,2500,2500,0.4722,-9.2067,0.0164,nan,-146613.6875,16369344,0.4651,-73256.84,3421.8599
17158664,1776315900,BTC,2500,2500,0.4722,-9.2067,0.0164,nan,-146613.6562,16369345,0.4651,-73256.83,3421.8599
17158665,1776315960,BTC,2500,2500,0.4722,-9.2067,0.0164,nan,-146613.6875,16369346,0.4651,-73256.84,3421.8599
17158666,1776316020,BTC,2500,2500,0.4722,-9.2067,0.0164,nan,-146613.6562,16369347,0.4651,-73256.83,3421.8599
17158667,1776316080,BTC,2500,2500,0.4722,-9.2067,0.0164,nan,-146613.6250,16369348,0.4651,-73256.81,3421.8599
17158668,1776316140,BTC,2500,2500,0.4722,-9.2067,0.0164,nan,-146613.5938,16369349,0.4651,-73256.80,3421.8599
17158669,1776316200,BTC,2500,2500,0.4722,-9.2067,0.0164,nan,-146613.6250,16369350,0.4651,-73256.81,3421.8599
17158670,1776316260,BTC,2500,2500,0.4722,-9.2067,0.0164,nan,-146613.6562,16369351,0.4651,-73256.83,3421.8599
17158671,1776316320,BTC,2500,2500,0.4722,-9.2067,0.0164,nan,-146613.6250,16369352,0.4651,-73256.81,3421.8599
17158672,1776316380,BTC,2500,2500,0.4722,-9.2067,0.0164,nan,-146613.5938,16369353,0.4651,-73256.80,3421.8599
17158673,1776316440,BTC,2500,2500,0.4722,-9.2067,0.0164,nan,-146613.6250,16369354,0.4651,-73256.81,3421.8599
17158674,1776316500,BTC,2500,2500,0.4722,-9.2067,0.0164,nan,-146613.6562,16369355,0.4651,-73256.83,3421.8599
17158675,1776316560,BTC,2500,2500,0.4722,-9.2067,0.0164,nan,-146613.6875,16369356,0.4651,-73256.84,3421.8599
17158676,1776316620,BTC,2500,2500,0.4722,-9.2067,0.0164,nan,-146613.7188,16369357,0.4651,-73256.86,3421.8599
17158677,1776316680,BTC,2500,2500,0.4722,-9.2067,0.0164,nan,-146613.6875,16369358,0.4651,-73256.84,3421.8599
17158678,1776316740,BTC,2500,2500,0.4722,-9.2067,0.0164,nan,-146613.7188,16369359,0.4651,-73256.86,3421.8599
17158679,1776316800,BTC,2500,2500,0.4722,-9.2067,0.0164,nan,-146613.6875,16369360,0.4651,-73256.84,3421.8599
17158680,1776316860,BTC,2500,2500,0.4722,-9.2067,0.0164,nan,-146613.6562,16369361,0.4651,-73256.83,3421.8599
17158681,1776316920,BTC,2500,2500,0.4722,-9.2067,0.0164,nan,-146613.6250,16369362,0.4651,-73256.81,3421.8599
17158682,1776316980,BTC,2500,2500,0.4722,-9.2067,0.0164,nan,-146613.6562,16369363,0.4651,-73256.83,3421.8599
17158683,1776317040,BTC,2500,2500,0.4722,-9.2067,0.0164,nan,-146613.6875,16369364,0.4651,-73256.84,3421.8599
17158684,1776317100,BTC,2500,2500,0.4722,-9.2067,0.0164,nan,-146613.7188,16369365,0.4651,-73256.86,3421.8599
17158685,1776317160,BTC,2500,2500,0.4722,-9.2067,0.0164,nan,-146613.7500,16369366,0.4651,-73256.88,3421.8599
17158686,1776317220,BTC,2500,2500,0.4722,-9.2067,0.0164,nan,-146613.7188,16369367,0.4651,-73256.86,3421.8599
17158687,1776317280,BTC,2500,2500,0.4722,-9.2067,0.0164,nan,-146613.7500,16369368,0.4651,-73256.88,3421.8599
17158688,1776317340,BTC,2500,2500,0.4722,-9.2067,0.0164,nan,-146613.7188,16369369,0.4651,-73256.86,3421.8599
17158689,1776317400,BTC,2500,2500,0.4722,-9.2067,0.0164,nan,-146613.7500,16369370,0.4651,-73256.88,3421.8599
17158690,1776317460,BTC,2500,2500,0.4722,-9.2067,0.0164,nan,-146613.7188,16369371,0.4651,-73256.86,3421.8599
17158691,1776317520,BTC,2500,2500,0.4722,-9.2067,0.0164,nan,-146613.6875,16369372,0.4651,-73256.84,3421.8599
17158692,1776317580,BTC,2500,2500,0.4722,-9.2067,0.0164,nan,-146613.7188,16369373,0.4651,-73256.86,3421.8599
17158693,1776317640,BTC,2500,2500,0.4722,-9.2067,0.0164,nan,-146613.6875,16369374,0.4651,-73256.84,3421.8599
17158694,1776317700,BTC,2500,2500,0.4722,-9.2067,0.0164,nan,-146613.7188,16369375,0.4651,-73256.86,3421.8599
17158695,1776317760,BTC,2500,2500,0.4722,-9.2067,0.0164,nan,-146613.6875,16369376,0.4651,-73256.84,3421.8599
17158696,1776317820,BTC,2500,2500,0.4722,-9.2067,0.0164,nan,-146613.6562,16369377,0.4651,-73256.83,3421.8599
17158697,1776317880,BTC,2500,2500,0.4722,-9.2067,0.0164,nan,-146613.6250,16369378,0.4651,-73256.81,3421.8599
17158698,1776317940,BTC,2500,2500,0.4722,-9.2067,0.0164,nan,-146613.6562,16369379,0.4651,-73256.83,3421.8599
17158699,1776318000,BTC,2500,2500,0.4722,-9.2067,0.0164,nan,-146613.6875,16369380,0.4651,-73256.84,3421.8599
17158700,1776318060,BTC,2500,2500,0.4722,-9.2067,0.0164,nan,-146613.7188,16369381,0.4651,-73256.86,3421.8599
17158701,1776318120,BTC,2500,2500,0.4722,-9.2067,0.0164,nan,-146613.6875,16369382,0.4651,-73256.84,3421.8599
17158702,1776318180,BTC,2500,2500,0.4722,-9.2067,0.0164,nan,-146613.6562,16369383,0.4651,-73256.83,3421.8599
17158703,1776318240,BTC,2500,2500,0.4722,-9.2067,0.0164,nan,-146613.6875,16369384,0.4651,-73256.84,3421.8599
17158704,1776318300,BTC,2500,2500,0.4722,-9.2067,0.0164,nan,-146613.6562,16369385,0.4651,-73256.83,3421.8599
17158705,1776318360,BTC,2500,2500,0.4722,-9.2067,0.0164,nan,-146613.6875,16369386,0.4651,-73256.84,3421.8599
17158706,1776318420,BTC,2500,2500,0.4722,-9.2067,0.0164,nan,-146613.6562,16369387,0.4651,-73256.83,3421.8599
17158707,1776318480,BTC,2500,2500,0.4722,-9.2067,0.0164,nan,-146613.6250,16369388,0.4651,-73256.81,3421.8599
17158708,1776318540,BTC,2500,2500,0.4722,-9.2067,0.0164,nan,-146613.5938,16369389,0.4651,-73256.80,3421.8599
17158709,1776318600,BTC,2500,2500,0.4722,-9.2067,0.0164,nan,-146613.6250,16369390,0.4651,-73256.81,3421.8599
17158710,1776318660,BTC,2500,2500,0.4722,-9.2067,0.0164,nan,-146613.6562,16369391,0.4651,-73256.83,3421.8599
17158711,1776318720,BTC,2500,2500,0.4722,-9.2067,0.0164,nan,-146613.6875,16369392,0.4651,-73256.84,3421.8599
17158712,1776318780,BTC,2500,2500,0.4722,-9.2067,0.0164,nan,-146613.7188,16369393,0.4651,-73256.86,3421.8599
17158713,1776318840,BTC,2500,2500,0.4722,-9.2067,0.0164,nan,-146613.6875,16369394,0.4651,-73256.84,3421.8599
17158714,1776318900,BTC,2500,2500,0.4722,-9.2067,0.0164,nan,-146613.6562,16369395,0.4651,-73256.83,3421.8599
17158715,1776318960,BTC,2500,2500,0.4722,-9.2067,0.0164,nan,-146613.6875,16369396,0.4651,-73256.84,3421.8599
17158716,1776319020,BTC,2500,2500,0.4722,-9.2067,0.0164,nan,-146613.6562,16369397,0.4651,-73256.83,3421.8599
17158717,1776319080,BTC,2500,2500,0.4722,-9.2067,0.0164,nan,-146613.6875,16369398,0.4651,-73256.84,3421.8599
17158718,1776319140,BTC,2500,2500,0.4722,-9.2067,0.0164,nan,-146613.7188,16369399,0.4651,-73256.86,3421.8599
17158719,1776319200,BTC,2500,2500,0.4722,-9.2067,0.0164,nan,-146613.6875,16369400,0.4651,-73256.84,3421.8599
17158720,1776319260,BTC,2500,2500,0.4722,-9.2067,0.0164,nan,-146613.7188,16369401,0.4651,-73256.86,3421.8599
17158721,1776319320,BTC,2500,2500,0.4722,-9.2067,0.0164,nan,-146613.6875,16369402,0.4651,-73256.84,3421.8599
17158722,1776319380,BTC,2500,2500,0.4722,-9.2067,0.0164,nan,-146613.6562,16369403,0.4651,-73256.83,3421.8599
17158723,1776319440,BTC,2500,2500,0.4722,-9.2067,0.0164,nan,-146613.6250,16369404,0.4651,-73256.81,3421.8599
17158724,1776319500,BTC,2500,2500,0.4722,-9.2067,0.0164,nan,-146613.6562,16369405,0.4651,-73256.83,3421.8599
17158725,1776319560,BTC,2500,2500,0.4722,-9.2067,0.0164,nan,-146613.6875,16369406,0.4651,-73256.84,3421.8599
17158726,1776319620,BTC,2500,2500,0.4722,-9.2067,0.0164,0.0000,-146613.6562,16369407,0.4651,-73256.83,3421.8599
17158727,1776319680,BTC,2500,2500,0.4722,-9.2067,0.0164,0.0000,-146613.6875,16369408,0.4651,-73256.84,3421.8599
17158728,1776319740,BTC,2500,2500,0.4722,-9.2067,0.0164,0.0000,-146613.7188,16369409,0.4651,-73256.86,3421.8599
17158729,1776319800,BTC,2500,2500,0.4722,-9.2067,0.0164,nan,-146613.6875,16369410,0.4651,-73256.84,3421.8599
17158730,1776319860,BTC,2500,2500,0.4722,-9.2067,0.0164,nan,-146613.7188,16369411,0.4651,-73256.86,3421.8599
17158731,1776319920,BTC,2500,2500,0.4722,-9.2067,0.0164,nan,-146613.6875,16369412,0.4651,-73256.84,3421.8599
17158732,1776319980,BTC,2500,2500,0.4722,-9.2067,0.0164,nan,-146613.7188,16369413,0.4651,-73256.86,3421.8599
17158733,1776320040,BTC,2500,2500,0.4722,-9.2067,0.0164,nan,-146613.6875,16369414,0.4651,-73256.84,3421.8599
17158734,1776320100,BTC,2500,2500,0.4722,-9.2067,0.0164,nan,-146613.6562,16369415,0.4651,-73256.83,3421.8599
17158735,1776320160,BTC,2500,2500,0.4722,-9.2067,0.0164,nan,-146613.6875,16369416,0.4651,-73256.84,3421.8599
17158736,1776320220,BTC,2500,2500,0.4722,-9.2067,0.0164,nan,-146613.7188,16369417,0.4651,-73256.86,3421.8599
17158737,1776320280,BTC,2500,2500,0.4722,-9.2067,0.0164,0.0000,-146613.7500,16369418,0.4651,-73256.88,3421.8599
17158738,1776320340,BTC,2500,2500,0.4722,-9.2067,0.0164,0.0000,-146613.7188,16369419,0.4651,-73256.86,3421.8599
17158739,1776320400,BTC,2500,2500,0.4722,-9.2067,0.0164,nan,-146613.6875,16369420,0.4651,-73256.84,3421.8599
17158740,1776320460,BTC,2500,2500,0.4722,-9.2067,0.0164,0.0000,-146613.7188,16369421,0.4651,-73256.86,3421.8599
17158741,1776320520,BTC,2500,2500,0.4722,-9.2067,0.0164,nan,-146613.6875,16369422,0.4651,-73256.84,3421.8599
17158742,1776320580,BTC,2500,2500,0.4722,-9.2067,0.0164,nan,-146613.7188,16369423,0.4651,-73256.86,3421.8599
17158743,1776320640,BTC,2500,2500,0.4722,-9.2067,0.0164,nan,-146613.7500,16369424,0.4651,-73256.88,3421.8599
17158744,1776320700,BTC,2500,2500,0.4722,-9.2067,0.0164,nan,-146613.7188,16369425,0.4651,-73256.86,3421.8599
17158745,1776320760,BTC,2500,2500,0.4722,-9.2067,0.0164,nan,-146613.7500,16369426,0.4651,-73256.88,3421.8599
17158746,1776320820,BTC,2500,2500,0.4722,-9.2067,0.0164,nan,-146613.7188,16369427,0.4651,-73256.86,3421.8599
17158747,1776320880,BTC,2500,2500,0.4722,-9.2067,0.0164,nan,-146613.6875,16369428,0.4651,-73256.84,3421.8599
17158748,1776320940,BTC,2500,2500,0.4722,-9.2067,0.0164,nan,-146613.6562,16369429,0.4651,-73256.83,3421.8599
17158749,1776321000,BTC,2500,2500,0.4722,-9.2067,0.0164,nan,-146613.6875,16369430,0.4651,-73256.84,3421.8599
17158750,1776321060,BTC,2500,2500,0.4722,-9.2067,0.0164,nan,-146613.7188,16369431,0.4651,-73256.86,3421.8599
17158751,1776321120,BTC,2500,2500,0.4722,-9.2067,0.0164,nan,-146613.7500,16369432,0.4651,-73256.88,3421.8599
17158752,1776321180,BTC,2500,2500,0.4722,-9.2067,0.0164,nan,-146613.7812,16369433,0.4651,-73256.89,3421.8599
17158753,1776321240,BTC,2500,2500,0.4722,-9.2067,0.0164,nan,-146613.7500,16369434,0.4651,-73256.88,3421.8599
17158754,1776321300,BTC,2500,2500,0.4722,-9.2067,0.0164,nan,-146613.7812,16369435,0.4651,-73256.89,3421.8599
17158755,1776321360,BTC,2500,2500,0.4722,-9.2067,0.0164,nan,-146613.7500,16369436,0.4651,-73256.88,3421.8599
17158756,1776321420,BTC,2500,2500,0.4722,-9.2067,0.0164,nan,-146613.7188,16369437,0.4651,-73256.86,3421.8599
17158757,1776321480,BTC,2500,2500,0.4722,-9.2067,0.0164,nan,-146613.7500,16369438,0.4651,-73256.88,3421.8599
17158758,1776321540,BTC,2500,2500,0.4722,-9.2067,0.0164,nan,-146613.7812,16369439,0.4651,-73256.89,3421.8599
17158759,1776321600,BTC,2500,2500,0.4722,-9.2067,0.0164,nan,-146613.7500,16369440,0.4651,-73256.88,3421.8599
17158760,1776321660,BTC,2500,2500,0.4722,-9.2067,0.0164,nan,-146613.7188,16369441,0.4651,-73256.86,3421.8599
17158761,1776321720,BTC,2500,2500,0.4722,-9.2067,0.0164,nan,-146613.7500,16369442,0.4651,-73256.88,3421.8599
17158762,1776321780,BTC,2500,2500,0.4722,-9.2067,0.0164,nan,-146613.7812,16369443,0.4651,-73256.89,3421.8599
17158763,1776321840,BTC,2500,2500,0.4722,-9.2067,0.0164,nan,-146613.7500,16369444,0.4651,-73256.88,3421.8599
17158764,1776321900,BTC,2500,2500,0.4722,-9.2067,0.0164,nan,-146613.7188,16369445,0.4651,-73256.86,3421.8599
17158765,1776321960,BTC,2500,2500,0.4722,-9.2067,0.0164,nan,-146613.7500,16369446,0.4651,-73256.88,3421.8599
17158766,1776322020,BTC,2500,2500,0.4722,-9.2067,0.0164,nan,-146613.7812,16369447,0.4651,-73256.89,3421.8599
17158767,1776322080,BTC,2500,2500,0.4722,-9.2067,0.0164,nan,-146613.7500,16369448,0.4651,-73256.88,3421.8599
17158768,1776322140,BTC,2500,2500,0.4722,-9.2067,0.0164,nan,-146613.7812,16369449,0.4651,-73256.89,3421.8599
17158769,1776322200,BTC,2500,2500,0.4722,-9.2067,0.0164,nan,-146613.8125,16369450,0.4651,-73256.91,3421.8599
17158770,1776322260,BTC,2500,2500,0.4722,-9.2067,0.0164,nan,-146613.7812,16369451,0.4651,-73256.89,3421.8599
17158771,1776322320,BTC,2500,2500,0.4722,-9.2067,0.0164,nan,-146613.8125,16369452,0.4651,-73256.91,3421.8599
17158772,1776322380,BTC,2500,2500,0.4722,-9.2067,0.0164,nan,-146613.7812,16369453,0.4651,-73256.89,3421.8599
17158773,1776322440,BTC,2500,2500,0.4722,-9.2067,0.0164,nan,-146613.7500,16369454,0.4651,-73256.88,3421.8599
17158774,1776322500,BTC,2500,2500,0.4722,-9.2067,0.0164,nan,-146613.7188,16369455,0.4651,-73256.86,3421.8599
17158775,1776322560,BTC,2500,2500,0.4722,-9.2067,0.0164,nan,-146613.6875,16369456,0.4651,-73256.84,3421.8599
17158776,1776322620,BTC,2500,2500,0.4722,-9.2067,0.0164,nan,-146613.7188,16369457,0.4651,-73256.86,3421.8599
17158777,1776322680,BTC,2500,2500,0.4722,-9.2067,0.0164,nan,-146613.7500,16369458,0.4651,-73256.88,3421.8599
17158778,1776322740,BTC,2500,2500,0.4722,-9.2067,0.0164,nan,-146613.7188,16369459,0.4651,-73256.86,3421.8599
17158779,1776322800,BTC,2500,2500,0.4722,-9.2067,0.0164,nan,-146613.6875,16369460,0.4651,-73256.84,3421.8599
17158780,1776322860,BTC,2500,2500,0.4722,-9.2067,0.0164,nan,-146613.6562,16369461,0.4651,-73256.83,3421.8599
17158781,1776322920,BTC,2500,2500,0.4722,-9.2067,0.0164,nan,-146613.6875,16369462,0.4651,-73256.84,3421.8599
17158782,1776322980,BTC,2500,2500,0.4722,-9.2067,0.0164,nan,-146613.6562,16369463,0.4651,-73256.83,3421.8599
17158783,1776323040,BTC,2500,2500,0.4722,-9.2067,0.0164,nan,-146613.6875,16369464,0.4651,-73256.84,3421.8599
17158784,1776323100,BTC,2500,2500,0.4722,-9.2067,0.0164,nan,-146613.7188,16369465,0.4651,-73256.86,3421.8599
17158785,1776323160,BTC,2500,2500,0.4722,-9.2067,0.0164,nan,-146613.6875,16369466,0.4651,-73256.84,3421.8599
17158786,1776323280,BTC,2500,2500,0.4722,-9.2067,0.0164,nan,-146613.7188,16369467,0.4651,-73256.86,3421.8599
17158787,1776323340,BTC,2500,2500,0.4722,-9.2067,0.0164,nan,-146613.7500,16369468,0.4651,-73256.88,3421.8599
17158788,1776323400,BTC,2500,2500,0.4722,-9.2067,0.0164,nan,-146613.7188,16369469,0.4651,-73256.86,3421.8599
17158789,1776323460,BTC,2500,2500,0.4722,-9.2067,0.0164,nan,-146613.6875,16369470,0.4651,-73256.84,3421.8599
17158790,1776323520,BTC,2500,2500,0.4722,-9.2067,0.0164,nan,-146613.7188,16369471,0.4651,-73256.86,3421.8599
17158791,1776323580,BTC,2500,2500,0.4722,-9.2067,0.0164,nan,-146613.7500,16369472,0.4651,-73256.88,3421.8599
17158792,1776323640,BTC,2500,2500,0.4722,-9.2067,0.0164,nan,-146613.7188,16369473,0.4651,-73256.86,3421.8599
17158793,1776323700,BTC,2500,2500,0.4722,-9.2067,0.0164,nan,-146613.6875,16369474,0.4651,-73256.84,3421.8599
17158794,1776323760,BTC,2500,2500,0.4722,-9.2067,0.0164,nan,-146613.7188,16369475,0.4651,-73256.86,3421.8599
17158795,1776323820,BTC,2500,2500,0.4722,-9.2067,0.0164,nan,-146613.6875,16369476,0.4651,-73256.84,3421.8599
17158796,1776323880,BTC,2500,2500,0.4722,-9.2067,0.0164,nan,-146613.7188,16369477,0.4651,-73256.86,3421.8599
17158797,1776323940,BTC,2500,2500,0.4722,-9.2067,0.0164,nan,-146613.6875,16369478,0.4651,-73256.84,3421.8599
17158798,1776324000,BTC,2500,2500,0.4722,-9.2067,0.0164,nan,-146613.7188,16369479,0.4651,-73256.86,3421.8599
17158799,1776324060,BTC,2500,2500,0.4722,-9.2067,0.0164,nan,-146613.6875,16369480,0.4651,-73256.84,3421.8599
17158800,1776324120,BTC,2500,2500,0.4722,-9.2067,0.0164,nan,-146613.7188,16369481,0.4651,-73256.86,3421.8599
17158801,1776324180,BTC,2500,2500,0.4722,-9.2067,0.0164,nan,-146613.7500,16369482,0.4651,-73256.88,3421.8599
17158802,1776324240,BTC,2500,2500,0.4722,-9.2067,0.0164,nan,-146613.7188,16369483,0.4651,-73256.86,3421.8599
17158803,1776324300,BTC,2500,2500,0.4722,-9.2067,0.0164,nan,-146613.6875,16369484,0.4651,-73256.84,3421.8599
17158804,1776324360,BTC,2500,2500,0.4722,-9.2067,0.0164,nan,-146613.6562,16369485,0.4651,-73256.83,3421.8599
17158805,1776324420,BTC,2500,2500,0.4722,-9.2067,0.0164,nan,-146613.6250,16369486,0.4651,-73256.81,3421.8599
17158806,1776324480,BTC,2500,2500,0.4722,-9.2067,0.0164,nan,-146613.6562,16369487,0.4651,-73256.83,3421.8599
17158807,1776324540,BTC,2500,2500,0.4722,-9.2067,0.0164,nan,-146613.6875,16369488,0.4651,-73256.84,3421.8599
17158808,1776324600,BTC,2500,2500,0.4722,-9.2067,0.0164,nan,-146613.6562,16369489,0.4651,-73256.83,3421.8599
17158809,1776324660,BTC,2500,2500,0.4722,-9.2067,0.0164,nan,-146613.6250,16369490,0.4651,-73256.81,3421.8599
17158810,1776324720,BTC,2500,2500,0.4722,-9.2067,0.0164,nan,-146613.5938,16369491,0.4651,-73256.80,3421.8599
17158811,1776324780,BTC,2500,2500,0.4722,-9.2067,0.0164,nan,-146613.5625,16369492,0.4651,-73256.78,3421.8599
17158812,1776324840,BTC,2500,2500,0.4722,-9.2067,0.0164,nan,-146613.5938,16369493,0.4651,-73256.80,3421.8599
17158813,1776324900,BTC,2500,2500,0.4722,-9.2067,0.0164,nan,-146613.5625,16369494,0.4651,-73256.78,3421.8599
17158814,1776324960,BTC,2500,2500,0.4722,-9.2067,0.0164,nan,-146613.5938,16369495,0.4651,-73256.80,3421.8599
17158815,1776325020,BTC,2500,2500,0.4722,-9.2067,0.0164,nan,-146613.6250,16369496,0.4651,-73256.81,3421.8599
17158816,1776325080,BTC,2500,2500,0.4722,-9.2067,0.0164,nan,-146613.5938,16369497,0.4651,-73256.80,3421.8599
17158817,1776325140,BTC,2500,2500,0.4722,-9.2067,0.0164,nan,-146613.5625,16369498,0.4651,-73256.78,3421.8599
17158818,1776325200,BTC,2500,2500,0.4722,-9.2067,0.0164,nan,-146613.5938,16369499,0.4651,-73256.80,3421.8599
17158819,1776325260,BTC,2500,2500,0.4722,-9.2067,0.0164,nan,-146613.5625,16369500,0.4651,-73256.78,3421.8599
17158820,1776325320,BTC,2500,2500,0.4722,-9.2067,0.0164,nan,-146613.5938,16369501,0.4651,-73256.80,3421.8599
17158821,1776325380,BTC,2500,2500,0.4722,-9.2067,0.0164,nan,-146613.5625,16369502,0.4651,-73256.78,3421.8599
17158822,1776325440,BTC,2500,2500,0.4722,-9.2067,0.0164,nan,-146613.5312,16369503,0.4651,-73256.77,3421.8599
17158823,1776325500,BTC,2500,2500,0.4722,-9.2067,0.0164,nan,-146613.5000,16369504,0.4651,-73256.75,3421.8599
17158824,1776325560,BTC,2500,2500,0.4722,-9.2067,0.0164,nan,-146613.4688,16369505,0.4651,-73256.73,3421.8599
17158825,1776325620,BTC,2500,2500,0.4722,-9.2067,0.0164,nan,-146613.5000,16369506,0.4651,-73256.75,3421.8599
17158826,1776325680,BTC,2500,2500,0.4722,-9.2067,0.0164,nan,-146613.5312,16369507,0.4651,-73256.77,3421.8599
17158827,1776325740,BTC,2500,2500,0.4722,-9.2067,0.0164,nan,-146613.5000,16369508,0.4651,-73256.75,3421.8599
17158828,1776325800,BTC,2500,2500,0.4722,-9.2067,0.0164,nan,-146613.4688,16369509,0.4651,-73256.73,3421.8599
17158829,1776325860,BTC,2500,2500,0.4722,-9.2067,0.0164,nan,-146613.4375,16369510,0.4651,-73256.72,3421.8599
17158830,1776325920,BTC,2500,2500,0.4722,-9.2067,0.0164,nan,-146613.4688,16369511,0.4651,-73256.73,3421.8599
17158831,1776325980,BTC,2500,2500,0.4722,-9.2067,0.0164,nan,-146613.4375,16369512,0.4651,-73256.72,3421.8599
17158832,1776326040,BTC,2500,2500,0.4722,-9.2067,0.0164,nan,-146613.4062,16369513,0.4651,-73256.70,3421.8599
17158833,1776326100,BTC,2500,2500,0.4722,-9.2067,0.0164,nan,-146613.4375,16369514,0.4651,-73256.72,3421.8599
17158834,1776326160,BTC,2500,2500,0.4722,-9.2067,0.0164,nan,-146613.4688,16369515,0.4651,-73256.73,3421.8599
17158835,1776326220,BTC,2500,2500,0.4722,-9.2067,0.0164,nan,-146613.4375,16369516,0.4651,-73256.72,3421.8599
17158836,1776326280,BTC,2500,2500,0.4722,-9.2067,0.0164,nan,-146613.4062,16369517,0.4651,-73256.70,3421.8599
17158837,1776326340,BTC,2500,2500,0.4722,-9.2067,0.0164,nan,-146613.4375,16369518,0.4651,-73256.72,3421.8599
17158838,1776326400,BTC,2500,2500,0.4722,-9.2067,0.0164,nan,-146613.4062,16369519,0.4651,-73256.70,3421.8599
17158839,1776326460,BTC,2500,2500,0.4722,-9.2067,0.0164,nan,-146613.4375,16369520,0.4651,-73256.72,3421.8599
17158840,1776326520,BTC,2500,2500,0.4722,-9.2067,0.0164,nan,-146613.4062,16369521,0.4651,-73256.70,3421.8599
17158841,1776326580,BTC,2500,2500,0.4722,-9.2067,0.0164,nan,-146613.3750,16369522,0.4651,-73256.69,3421.8599
17158842,1776326640,BTC,2500,2500,0.4722,-9.2067,0.0164,nan,-146613.3438,16369523,0.4651,-73256.67,3421.8599
17158843,1776326700,BTC,2500,2500,0.4722,-9.2067,0.0164,nan,-146613.3750,16369524,0.4651,-73256.69,3421.8599
17158844,1776326760,BTC,2500,2500,0.4722,-9.2067,0.0164,nan,-146613.3438,16369525,0.4651,-73256.67,3421.8599
17158845,1776326820,BTC,2500,2500,0.4722,-9.2067,0.0164,nan,-146613.3750,16369526,0.4651,-73256.69,3421.8599
17158846,1776326880,BTC,2500,2500,0.4722,-9.2067,0.0164,nan,-146613.4062,16369527,0.4651,-73256.70,3421.8599
17158847,1776326940,BTC,2500,2500,0.4722,-9.2067,0.0164,nan,-146613.3750,16369528,0.4651,-73256.69,3421.8599
17158848,1776327000,BTC,2500,2500,0.4722,-9.2067,0.0164,nan,-146613.4062,16369529,0.4651,-73256.70,3421.8599
17158849,1776327060,BTC,2500,2500,0.4722,-9.2067,0.0164,nan,-146613.3750,16369530,0.4651,-73256.69,3421.8599
17158850,1776327120,BTC,2500,2500,0.4722,-9.2067,0.0164,nan,-146613.4062,16369531,0.4651,-73256.70,3421.8599
17158851,1776327180,BTC,2500,2500,0.4722,-9.2067,0.0164,nan,-146613.3750,16369532,0.4651,-73256.69,3421.8599
17158852,1776327240,BTC,2500,2500,0.4722,-9.2067,0.0164,nan,-146613.4062,16369533,0.4651,-73256.70,3421.8599
17158853,1776327300,BTC,2500,2500,0.4722,-9.2067,0.0164,nan,-146613.4375,16369534,0.4651,-73256.72,3421.8599
17158854,1776327360,BTC,2500,2500,0.4722,-9.2067,0.0164,nan,-146613.4688,16369535,0.4651,-73256.73,3421.8599
17158855,1776327420,BTC,2500,2500,0.4722,-9.2067,0.0164,nan,-146613.4375,16369536,0.4651,-73256.72,3421.8599
17158856,1776327480,BTC,2500,2500,0.4722,-9.2067,0.0164,nan,-146613.4688,16369537,0.4651,-73256.73,3421.8599
17158857,1776327540,BTC,2500,2500,0.4722,-9.2067,0.0164,nan,-146613.4375,16369538,0.4651,-73256.72,3421.8599
17158858,1776327600,BTC,2500,2500,0.4722,-9.2067,0.0164,nan,-146613.4688,16369539,0.4651,-73256.73,3421.8599
17158859,1776327660,BTC,2500,2500,0.4722,-9.2067,0.0164,nan,-146613.5000,16369540,0.4651,-73256.75,3421.8599
17158860,1776327720,BTC,2500,2500,0.4722,-9.2067,0.0164,nan,-146613.5312,16369541,0.4651,-73256.77,3421.8599
17158861,1776327780,BTC,2500,2500,0.4722,-9.2067,0.0164,nan,-146613.5000,16369542,0.4651,-73256.75,3421.8599
17158862,1776327840,BTC,2500,2500,0.4722,-9.2067,0.0164,nan,-146613.4688,16369543,0.4651,-73256.73,3421.8599
17158863,1776327900,BTC,2500,2500,0.4722,-9.2067,0.0164,nan,-146613.4375,16369544,0.4651,-73256.72,3421.8599
17158864,1776327960,BTC,2500,2500,0.4722,-9.2067,0.0164,nan,-146613.4062,16369545,0.4651,-73256.70,3421.8599
17158865,1776328020,BTC,2500,2500,0.4722,-9.2067,0.0164,nan,-146613.4375,16369546,0.4651,-73256.72,3421.8599
17158866,1776328080,BTC,2500,2500,0.4722,-9.2067,0.0164,nan,-146613.4062,16369547,0.4651,-73256.70,3421.8599
17158867,1776328140,BTC,2500,2500,0.4722,-9.2067,0.0164,nan,-146613.4375,16369548,0.4651,-73256.72,3421.8599
17158868,1776328200,BTC,2500,2500,0.4722,-9.2067,0.0164,nan,-146613.4688,16369549,0.4651,-73256.73,3421.8599
17158869,1776328260,BTC,2500,2500,0.4722,-9.2067,0.0164,nan,-146613.4375,16369550,0.4651,-73256.72,3421.8599
17158870,1776328320,BTC,2500,2500,0.4722,-9.2067,0.0164,nan,-146613.4688,16369551,0.4651,-73256.73,3421.8599
17158871,1776328380,BTC,2500,2500,0.4722,-9.2067,0.0164,nan,-146613.4375,16369552,0.4651,-73256.72,3421.8599
17158872,1776328440,BTC,2500,2500,0.4722,-9.2067,0.0164,nan,-146613.4688,16369553,0.4651,-73256.73,3421.8599
17158873,1776328500,BTC,2500,2500,0.4722,-9.2067,0.0164,nan,-146613.4375,16369554,0.4651,-73256.72,3421.8599
17158874,1776328560,BTC,2500,2500,0.4722,-9.2067,0.0164,nan,-146613.4688,16369555,0.4651,-73256.73,3421.8599
17158875,1776328620,BTC,2500,2500,0.4722,-9.2067,0.0164,nan,-146613.5000,16369556,0.4651,-73256.75,3421.8599
17158876,1776328680,BTC,2500,2500,0.4722,-9.2067,0.0164,nan,-146613.4688,16369557,0.4651,-73256.73,3421.8599
17158877,1776328740,BTC,2500,2500,0.4722,-9.2067,0.0164,nan,-146613.5000,16369558,0.4651,-73256.75,3421.8599
17158878,1776328800,BTC,2500,2500,0.4722,-9.2067,0.0164,nan,-146613.4688,16369559,0.4651,-73256.73,3421.8599
17158879,1776328860,BTC,2500,2500,0.4722,-9.2067,0.0164,nan,-146613.4375,16369560,0.4651,-73256.72,3421.8599
17158880,1776328920,BTC,2500,2500,0.4722,-9.2067,0.0164,nan,-146613.4688,16369561,0.4651,-73256.73,3421.8599
17158881,1776328980,BTC,2500,2500,0.4722,-9.2067,0.0164,nan,-146613.5000,16369562,0.4651,-73256.75,3421.8599
17158882,1776329040,BTC,2500,2500,0.4722,-9.2067,0.0164,nan,-146613.5312,16369563,0.4651,-73256.77,3421.8599
17158883,1776329100,BTC,2500,2500,0.4722,-9.2067,0.0164,nan,-146613.5625,16369564,0.4651,-73256.78,3421.8599
17158884,1776329160,BTC,2500,2500,0.4722,-9.2067,0.0164,nan,-146613.5938,16369565,0.4651,-73256.80,3421.8599
17158885,1776329220,BTC,2500,2500,0.4722,-9.2067,0.0164,nan,-146613.6250,16369566,0.4651,-73256.81,3421.8599
17158886,1776329280,BTC,2500,2500,0.4722,-9.2067,0.0164,nan,-146613.6562,16369567,0.4651,-73256.83,3421.8599
17158887,1776329340,BTC,2500,2500,0.4722,-9.2067,0.0164,nan,-146613.6250,16369568,0.4651,-73256.81,3421.8599
17158888,1776329400,BTC,2500,2500,0.4722,-9.2067,0.0164,nan,-146613.5938,16369569,0.4651,-73256.80,3421.8599
17158889,1776329460,BTC,2500,2500,0.4722,-9.2067,0.0164,nan,-146613.5625,16369570,0.4651,-73256.78,3421.8599
17158890,1776329520,BTC,2500,2500,0.4722,-9.2067,0.0164,nan,-146613.5312,16369571,0.4651,-73256.77,3421.8599
17158891,1776329580,BTC,2500,2500,0.4722,-9.2067,0.0164,nan,-146613.5625,16369572,0.4651,-73256.78,3421.8599
17158892,1776329640,BTC,2500,2500,0.4722,-9.2067,0.0164,nan,-146613.5938,16369573,0.4651,-73256.80,3421.8599
17158893,1776329700,BTC,2500,2500,0.4722,-9.2067,0.0164,nan,-146613.6250,16369574,0.4651,-73256.81,3421.8599
17158894,1776329760,BTC,2500,2500,0.4722,-9.2067,0.0164,nan,-146613.5938,16369575,0.4651,-73256.80,3421.8599
17158895,1776329820,BTC,2500,2500,0.4722,-9.2067,0.0164,nan,-146613.5625,16369576,0.4651,-73256.78,3421.8599
17158896,1776329880,BTC,2500,2500,0.4722,-9.2067,0.0164,nan,-146613.5312,16369577,0.4651,-73256.77,3421.8599
17158897,1776329940,BTC,2500,2500,0.4722,-9.2067,0.0164,nan,-146613.5000,16369578,0.4651,-73256.75,3421.8599
17158898,1776330000,BTC,2500,2500,0.4722,-9.2067,0.0164,nan,-146613.4688,16369579,0.4651,-73256.73,3421.8599
17158899,1776330060,BTC,2500,2500,0.4722,-9.2067,0.0164,nan,-146613.4375,16369580,0.4651,-73256.72,3421.8599
17158900,1776330120,BTC,2500,2500,0.4722,-9.2067,0.0164,nan,-146613.4688,16369581,0.4651,-73256.73,3421.8599
17158901,1776330180,BTC,2500,2500,0.4722,-9.2067,0.0164,nan,-146613.5000,16369582,0.4651,-73256.75,3421.8599
17158902,1776330240,BTC,2500,2500,0.4722,-9.2067,0.0164,nan,-146613.5312,16369583,0.4651,-73256.77,3421.8599
17158903,1776330300,BTC,2500,2500,0.4722,-9.2067,0.0164,nan,-146613.5000,16369584,0.4651,-73256.75,3421.8599
17158904,1776330360,BTC,2500,2500,0.4722,-9.2067,0.0164,nan,-146613.4688,16369585,0.4651,-73256.73,3421.8599
17158905,1776330420,BTC,2500,2500,0.4722,-9.2067,0.0164,nan,-146613.5000,16369586,0.4651,-73256.75,3421.8599
17158906,1776330480,BTC,2500,2500,0.4722,-9.2067,0.0164,nan,-146613.5312,16369587,0.4651,-73256.77,3421.8599
17158907,1776330540,BTC,2500,2500,0.4722,-9.2067,0.0164,nan,-146613.5000,16369588,0.4651,-73256.75,3421.8599
17158908,1776330600,BTC,2500,2500,0.4722,-9.2067,0.0164,nan,-146613.5312,16369589,0.4651,-73256.77,3421.8599
17158909,1776330660,BTC,2500,2500,0.4722,-9.2067,0.0164,nan,-146613.5625,16369590,0.4651,-73256.78,3421.8599
17158910,1776330720,BTC,2500,2500,0.4722,-9.2067,0.0164,nan,-146613.5938,16369591,0.4651,-73256.80,3421.8599
17158911,1776330780,BTC,2500,2500,0.4722,-9.2067,0.0164,nan,-146613.6250,16369592,0.4651,-73256.81,3421.8599
17158912,1776330840,BTC,2500,2500,0.4722,-9.2067,0.0164,nan,-146613.6562,16369593,0.4651,-73256.83,3421.8599
17158913,1776330900,BTC,2500,2500,0.4722,-9.2067,0.0164,nan,-146613.6250,16369594,0.4651,-73256.81,3421.8599
17158914,1776330960,BTC,2500,2500,0.4722,-9.2067,0.0164,nan,-146613.6562,16369595,0.4651,-73256.83,3421.8599
17158915,1776331020,BTC,2500,2500,0.4722,-9.2067,0.0164,nan,-146613.6875,16369596,0.4651,-73256.84,3421.8599
17158916,1776331080,BTC,2500,2500,0.4722,-9.2067,0.0164,nan,-146613.7188,16369597,0.4651,-73256.86,3421.8599
17158917,1776331140,BTC,2500,2500,0.4722,-9.2067,0.0164,nan,-146613.7500,16369598,0.4651,-73256.88,3421.8599
17158918,1776331200,BTC,2500,2500,0.4722,-9.2067,0.0164,nan,-146613.7188,16369599,0.4651,-73256.86,3421.8599
17158919,1776331260,BTC,2500,2500,0.4722,-9.2067,0.0164,nan,-146613.7500,16369600,0.4651,-73256.88,3421.8599
17158920,1776331320,BTC,2500,2500,0.4722,-9.2067,0.0164,nan,-146613.7188,16369601,0.4651,-73256.86,3421.8599
17158921,1776331380,BTC,2500,2500,0.4722,-9.2067,0.0164,nan,-146613.7500,16369602,0.4651,-73256.88,3421.8599
17158922,1776331440,BTC,2500,2500,0.4722,-9.2067,0.0164,nan,-146613.7188,16369603,0.4651,-73256.86,3421.8599
17158923,1776331500,BTC,2500,2500,0.4722,-9.2067,0.0164,nan,-146613.7500,16369604,0.4651,-73256.88,3421.8599
17158924,1776331560,BTC,2500,2500,0.4722,-9.2067,0.0164,nan,-146613.7188,16369605,0.4651,-73256.86,3421.8599
17158925,1776331620,BTC,2500,2500,0.4722,-9.2067,0.0164,nan,-146613.6875,16369606,0.4651,-73256.84,3421.8599
17158926,1776331680,BTC,2500,2500,0.4722,-9.2067,0.0164,nan,-146613.6562,16369607,0.4651,-73256.83,3421.8599
17158927,1776331740,BTC,2500,2500,0.4722,-9.2067,0.0164,nan,-146613.6250,16369608,0.4651,-73256.81,3421.8599
17158928,1776331800,BTC,2500,2500,0.4722,-9.2067,0.0164,nan,-146613.5938,16369609,0.4651,-73256.80,3421.8599
17158929,1776331860,BTC,2500,2500,0.4722,-9.2067,0.0164,nan,-146613.6250,16369610,0.4651,-73256.81,3421.8599
17158930,1776331920,BTC,2500,2500,0.4722,-9.2067,0.0164,nan,-146613.5938,16369611,0.4651,-73256.80,3421.8599
17158931,1776331980,BTC,2500,2500,0.4722,-9.2067,0.0164,nan,-146613.5625,16369612,0.4651,-73256.78,3421.8599
17158932,1776332040,BTC,2500,2500,0.4722,-9.2067,0.0164,nan,-146613.5312,16369613,0.4651,-73256.77,3421.8599
17158933,1776332100,BTC,2500,2500,0.4722,-9.2067,0.0164,nan,-146613.5625,16369614,0.4651,-73256.78,3421.8599
17158934,1776332160,BTC,2500,2500,0.4722,-9.2067,0.0164,nan,-146613.5312,16369615,0.4651,-73256.77,3421.8599
17158935,1776332220,BTC,2500,2500,0.4722,-9.2067,0.0164,nan,-146613.5000,16369616,0.4651,-73256.75,3421.8599
17158936,1776332280,BTC,2500,2500,0.4722,-9.2067,0.0164,nan,-146613.5312,16369617,0.4651,-73256.77,3421.8599
17158937,1776332340,BTC,2500,2500,0.4722,-9.2067,0.0164,nan,-146613.5625,16369618,0.4651,-73256.78,3421.8599
17158938,1776332400,BTC,2500,2500,0.4722,-9.2067,0.0164,nan,-146613.5938,16369619,0.4651,-73256.80,3421.8599
17158939,1776332460,BTC,2500,2500,0.4722,-9.2067,0.0164,nan,-146613.6250,16369620,0.4651,-73256.81,3421.8599
17158940,1776332520,BTC,2500,2500,0.4722,-9.2067,0.0164,nan,-146613.5938,16369621,0.4651,-73256.80,3421.8599
17158941,1776332580,BTC,2500,2500,0.4722,-9.2067,0.0164,nan,-146613.5625,16369622,0.4651,-73256.78,3421.8599
17158942,1776332640,BTC,2500,2500,0.4722,-9.2067,0.0164,nan,-146613.5312,16369623,0.4651,-73256.77,3421.8599
17158943,1776332700,BTC,2500,2500,0.4722,-9.2067,0.0164,nan,-146613.5625,16369624,0.4651,-73256.78,3421.8599
17158944,1776332760,BTC,2500,2500,0.4722,-9.2067,0.0164,nan,-146613.5312,16369625,0.4651,-73256.77,3421.8599
17158945,1776332820,BTC,2500,2500,0.4722,-9.2067,0.0164,nan,-146613.5000,16369626,0.4651,-73256.75,3421.8599
17158946,1776332880,BTC,2500,2500,0.4722,-9.2067,0.0164,nan,-146613.4688,16369627,0.4651,-73256.73,3421.8599
17158947,1776332940,BTC,2500,2500,0.4722,-9.2067,0.0164,nan,-146613.4375,16369628,0.4651,-73256.72,3421.8599
17158948,1776333000,BTC,2500,2500,0.4722,-9.2067,0.0164,nan,-146613.4688,16369629,0.4651,-73256.73,3421.8599
17158949,1776333060,BTC,2500,2500,0.4722,-9.2067,0.0164,nan,-146613.4375,16369630,0.4651,-73256.72,3421.8599
17158950,1776333120,BTC,2500,2500,0.4722,-9.2067,0.0164,nan,-146613.4688,16369631,0.4651,-73256.73,3421.8599
17158951,1776333180,BTC,2500,2500,0.4722,-9.2067,0.0164,nan,-146613.4375,16369632,0.4651,-73256.72,3421.8599
17158952,1776333240,BTC,2500,2500,0.4722,-9.2067,0.0164,nan,-146613.4688,16369633,0.4651,-73256.73,3421.8599
17158953,1776333300,BTC,2500,2500,0.4722,-9.2067,0.0164,nan,-146613.4375,16369634,0.4651,-73256.72,3421.8599
17158954,1776333360,BTC,2500,2500,0.4722,-9.2067,0.0164,nan,-146613.4062,16369635,0.4651,-73256.70,3421.8599
17158955,1776333420,BTC,2500,2500,0.4722,-9.2067,0.0164,nan,-146613.3750,16369636,0.4651,-73256.69,3421.8599
17158956,1776333480,BTC,2500,2500,0.4722,-9.2067,0.0164,nan,-146613.3438,16369637,0.4651,-73256.67,3421.8599
17158957,1776333540,BTC,2500,2500,0.4722,-9.2067,0.0164,nan,-146613.3125,16369638,0.4651,-73256.66,3421.8599
17158958,1776333600,BTC,2500,2500,0.4722,-9.2067,0.0164,nan,-146613.3438,16369639,0.4651,-73256.67,3421.8599
17158959,1776333660,BTC,2500,2500,0.4722,-9.2067,0.0164,nan,-146613.3750,16369640,0.4651,-73256.69,3421.8599
17158960,1776333720,BTC,2500,2500,0.4722,-9.2067,0.0164,nan,-146613.3438,16369641,0.4651,-73256.67,3421.8599
17158961,1776333780,BTC,2500,2500,0.4722,-9.2067,0.0164,nan,-146613.3750,16369642,0.4651,-73256.69,3421.8599
17158962,1776333840,BTC,2500,2500,0.4722,-9.2067,0.0164,nan,-146613.4062,16369643,0.4651,-73256.70,3421.8599
17158963,1776333900,BTC,2500,2500,0.4722,-9.2067,0.0164,nan,-146613.3750,16369644,0.4651,-73256.69,3421.8599
17158964,1776333960,BTC,2500,2500,0.4722,-9.2067,0.0164,nan,-146613.3438,16369645,0.4651,-73256.67,3421.8599
17158965,1776334020,BTC,2500,2500,0.4722,-9.2067,0.0164,nan,-146613.3750,16369646,0.4651,-73256.69,3421.8599
17158966,1776334080,BTC,2500,2500,0.4722,-9.2067,0.0164,nan,-146613.4062,16369647,0.4651,-73256.70,3421.8599
17158967,1776334140,BTC,2500,2500,0.4722,-9.2067,0.0164,nan,-146613.4375,16369648,0.4651,-73256.72,3421.8599
17158968,1776334200,BTC,2500,2500,0.4722,-9.2067,0.0164,nan,-146613.4062,16369649,0.4651,-73256.70,3421.8599
17158969,1776334260,BTC,2500,2500,0.4722,-9.2067,0.0164,nan,-146613.3750,16369650,0.4651,-73256.69,3421.8599
17158970,1776334320,BTC,2500,2500,0.4722,-9.2067,0.0164,nan,-146613.3438,16369651,0.4651,-73256.67,3421.8599
17158971,1776334380,BTC,2500,2500,0.4722,-9.2067,0.0164,nan,-146613.3750,16369652,0.4651,-73256.69,3421.8599
17158972,1776334440,BTC,2500,2500,0.4722,-9.2067,0.0164,nan,-146613.3438,16369653,0.4651,-73256.67,3421.8599
17158973,1776334500,BTC,2500,2500,0.4722,-9.2067,0.0164,nan,-146613.3125,16369654,0.4651,-73256.66,3421.8599
17158974,1776334560,BTC,2500,2500,0.4722,-9.2067,0.0164,nan,-146613.3438,16369655,0.4651,-73256.67,3421.8599
17158975,1776334620,BTC,2500,2500,0.4722,-9.2067,0.0164,nan,-146613.3750,16369656,0.4651,-73256.69,3421.8599
17158976,1776334680,BTC,2500,2500,0.4722,-9.2067,0.0164,nan,-146613.3438,16369657,0.4651,-73256.67,3421.8599
17158977,1776334740,BTC,2500,2500,0.4722,-9.2067,0.0164,nan,-146613.3125,16369658,0.4651,-73256.66,3421.8599
17158978,1776334800,BTC,2500,2500,0.4722,-9.2067,0.0164,nan,-146613.3438,16369659,0.4651,-73256.67,3421.8599
17158979,1776334860,BTC,2500,2500,0.4722,-9.2067,0.0164,nan,-146613.3750,16369660,0.4651,-73256.69,3421.8599
17158980,1776334920,BTC,2500,2500,0.4722,-9.2067,0.0164,nan,-146613.3438,16369661,0.4651,-73256.67,3421.8599
17158981,1776334980,BTC,2500,2500,0.4722,-9.2067,0.0164,nan,-146613.3750,16369662,0.4651,-73256.69,3421.8599
17158982,1776335040,BTC,2500,2500,0.4722,-9.2067,0.0164,nan,-146613.3438,16369663,0.4651,-73256.67,3421.8599
17158983,1776335100,BTC,2500,2500,0.4722,-9.2067,0.0164,nan,-146613.3125,16369664,0.4651,-73256.66,3421.8599
17158984,1776335160,BTC,2500,2500,0.4722,-9.2067,0.0164,nan,-146613.2812,16369665,0.4651,-73256.64,3421.8599
17158985,1776335220,BTC,2500,2500,0.4722,-9.2067,0.0164,nan,-146613.3125,16369666,0.4651,-73256.66,3421.8599
17158986,1776335280,BTC,2500,2500,0.4722,-9.2067,0.0164,nan,-146613.2812,16369667,0.4651,-73256.64,3421.8599
17158987,1776335340,BTC,2500,2500,0.4722,-9.2067,0.0164,nan,-146613.3125,16369668,0.4651,-73256.66,3421.8599
17158988,1776335400,BTC,2500,2500,0.4722,-9.2067,0.0164,nan,-146613.2812,16369669,0.4651,-73256.64,3421.8599
17158989,1776335460,BTC,2500,2500,0.4722,-9.2067,0.0164,nan,-146613.3125,16369670,0.4651,-73256.66,3421.8599
17158990,1776335520,BTC,2500,2500,0.4722,-9.2067,0.0164,nan,-146613.2812,16369671,0.4651,-73256.64,3421.8599
17158991,1776335580,BTC,2500,2500,0.4722,-9.2067,0.0164,nan,-146613.2500,16369672,0.4651,-73256.62,3421.8599
17158992,1776335640,BTC,2500,2500,0.4722,-9.2067,0.0164,nan,-146613.2188,16369673,0.4651,-73256.61,3421.8599
17158993,1776335700,BTC,2500,2500,0.4722,-9.2067,0.0164,nan,-146613.2500,16369674,0.4651,-73256.62,3421.8599
17158994,1776335760,BTC,2500,2500,0.4722,-9.2067,0.0164,nan,-146613.2188,16369675,0.4651,-73256.61,3421.8599
17158995,1776335820,BTC,2500,2500,0.4722,-9.2067,0.0164,nan,-146613.2500,16369676,0.4651,-73256.62,3421.8599
17158996,1776335880,BTC,2500,2500,0.4722,-9.2067,0.0164,nan,-146613.2812,16369677,0.4651,-73256.64,3421.8599
17158997,1776335940,BTC,2500,2500,0.4722,-9.2067,0.0164,nan,-146613.3125,16369678,0.4651,-73256.66,3421.8599
17158998,1776336000,BTC,2500,2500,0.4722,-9.2067,0.0164,nan,-146613.3438,16369679,0.4651,-73256.67,3421.8599
17158999,1776336060,BTC,2500,2500,0.4722,-9.2067,0.0164,nan,-146613.3125,16369680,0.4651,-73256.66,3421.8599
17159000,1776336120,BTC,2500,2500,0.4722,-9.2067,0.0164,nan,-146613.2812,16369681,0.4651,-73256.64,3421.8599
17159001,1776336180,BTC,2500,2500,0.4722,-9.2067,0.0164,nan,-146613.3125,16369682,0.4651,-73256.66,3421.8599
17159002,1776336240,BTC,2500,2500,0.4722,-9.2067,0.0164,nan,-146613.2812,16369683,0.4651,-73256.64,3421.8599
17159003,1776336300,BTC,2500,2500,0.4722,-9.2067,0.0164,nan,-146613.3125,16369684,0.4651,-73256.66,3421.8599
17159004,1776336360,BTC,2500,2500,0.4722,-9.2067,0.0164,nan,-146613.2812,16369685,0.4651,-73256.64,3421.8599
17159005,1776336420,BTC,2500,2500,0.4722,-9.2067,0.0164,nan,-146613.2500,16369686,0.4651,-73256.62,3421.8599
17159006,1776336480,BTC,2500,2500,0.4722,-9.2067,0.0164,nan,-146613.2188,16369687,0.4651,-73256.61,3421.8599
17159007,1776336540,BTC,2500,2500,0.4722,-9.2067,0.0164,nan,-146613.1875,16369688,0.4651,-73256.59,3421.8599
17159008,1776336600,BTC,2500,2500,0.4722,-9.2067,0.0164,nan,-146613.2188,16369689,0.4651,-73256.61,3421.8599
17159009,1776336660,BTC,2500,2500,0.4722,-9.2067,0.0164,nan,-146613.2500,16369690,0.4651,-73256.62,3421.8599
17159010,1776336720,BTC,2500,2500,0.4722,-9.2067,0.0164,nan,-146613.2812,16369691,0.4651,-73256.64,3421.8599
17159011,1776336780,BTC,2500,2500,0.4722,-9.2067,0.0164,nan,-146613.2500,16369692,0.4651,-73256.62,3421.8599
17159012,1776336840,BTC,2500,2500,0.4722,-9.2067,0.0164,nan,-146613.2188,16369693,0.4651,-73256.61,3421.8599
17159013,1776336900,BTC,2500,2500,0.4722,-9.2067,0.0164,nan,-146613.2500,16369694,0.4651,-73256.62,3421.8599
17159014,1776336960,BTC,2500,2500,0.4722,-9.2067,0.0164,nan,-146613.2188,16369695,0.4651,-73256.61,3421.8599
17159015,1776337020,BTC,2500,2500,0.4722,-9.2067,0.0164,nan,-146613.1875,16369696,0.4651,-73256.59,3421.8599
17159016,1776337080,BTC,2500,2500,0.4722,-9.2067,0.0164,nan,-146613.1562,16369697,0.4651,-73256.58,3421.8599
17159017,1776337140,BTC,2500,2500,0.4722,-9.2067,0.0164,nan,-146613.1250,16369698,0.4651,-73256.56,3421.8599
17159018,1776337200,BTC,2500,2500,0.4722,-9.2067,0.0164,nan,-146613.1562,16369699,0.4651,-73256.58,3421.8599
17159019,1776337260,BTC,2500,2500,0.4722,-9.2067,0.0164,nan,-146613.1250,16369700,0.4651,-73256.56,3421.8599
17159020,1776337320,BTC,2500,2500,0.4722,-9.2067,0.0164,nan,-146613.0938,16369701,0.4651,-73256.55,3421.8599
17159021,1776337380,BTC,2500,2500,0.4722,-9.2067,0.0164,nan,-146613.1250,16369702,0.4651,-73256.56,3421.8599
17159022,1776337440,BTC,2500,2500,0.4722,-9.2067,0.0164,nan,-146613.1562,16369703,0.4651,-73256.58,3421.8599
17159023,1776337500,BTC,2500,2500,0.4722,-9.2067,0.0164,nan,-146613.1250,16369704,0.4651,-73256.56,3421.8599
17159024,1776337560,BTC,2500,2500,0.4722,-9.2067,0.0164,nan,-146613.1562,16369705,0.4651,-73256.58,3421.8599
17159025,1776337620,BTC,2500,2500,0.4722,-9.2067,0.0164,nan,-146613.1250,16369706,0.4651,-73256.56,3421.8599
17159026,1776337680,BTC,2500,2500,0.4722,-9.2067,0.0164,nan,-146613.1562,16369707,0.4651,-73256.58,3421.8599
17159027,1776337740,BTC,2500,2500,0.4722,-9.2067,0.0164,nan,-146613.1250,16369708,0.4651,-73256.56,3421.8599
17159028,1776337800,BTC,2500,2500,0.4722,-9.2067,0.0164,nan,-146613.0938,16369709,0.4651,-73256.55,3421.8599
17159029,1776337860,BTC,2500,2500,0.4722,-9.2067,0.0164,nan,-146613.1250,16369710,0.4651,-73256.56,3421.8599
17159030,1776337920,BTC,2500,2500,0.4722,-9.2067,0.0164,nan,-146613.1562,16369711,0.4651,-73256.58,3421.8599
17159031,1776337980,BTC,2500,2500,0.4722,-9.2067,0.0164,nan,-146613.1250,16369712,0.4651,-73256.56,3421.8599
17159032,1776338040,BTC,2500,2500,0.4722,-9.2067,0.0164,nan,-146613.1562,16369713,0.4651,-73256.58,3421.8599
17159033,1776338100,BTC,2500,2500,0.4722,-9.2067,0.0164,nan,-146613.1875,16369714,0.4651,-73256.59,3421.8599
17159034,1776338160,BTC,2500,2500,0.4722,-9.2067,0.0164,nan,-146613.1562,16369715,0.4651,-73256.58,3421.8599
17159035,1776338220,BTC,2500,2500,0.4722,-9.2067,0.0164,nan,-146613.1875,16369716,0.4651,-73256.59,3421.8599
17159036,1776338280,BTC,2500,2500,0.4722,-9.2067,0.0164,nan,-146613.1562,16369717,0.4651,-73256.58,3421.8599
17159037,1776338340,BTC,2500,2500,0.4722,-9.2067,0.0164,nan,-146613.1250,16369718,0.4651,-73256.56,3421.8599
17159038,1776338400,BTC,2500,2500,0.4722,-9.2067,0.0164,nan,-146613.1562,16369719,0.4651,-73256.58,3421.8599
17159039,1776338460,BTC,2500,2500,0.4722,-9.2067,0.0164,nan,-146613.1250,16369720,0.4651,-73256.56,3421.8599
17159040,1776338520,BTC,2500,2500,0.4722,-9.2067,0.0164,nan,-146613.0938,16369721,0.4651,-73256.55,3421.8599
17159041,1776338580,BTC,2500,2500,0.4722,-9.2067,0.0164,nan,-146613.1250,16369722,0.4651,-73256.56,3421.8599
17159042,1776338640,BTC,2500,2500,0.4722,-9.2067,0.0164,nan,-146613.1562,16369723,0.4651,-73256.58,3421.8599
17159043,1776338700,BTC,2500,2500,0.4722,-9.2067,0.0164,nan,-146613.1250,16369724,0.4651,-73256.56,3421.8599
17159044,1776338760,BTC,2500,2500,0.4722,-9.2067,0.0164,nan,-146613.1562,16369725,0.4651,-73256.58,3421.8599
17159045,1776338820,BTC,2500,2500,0.4722,-9.2067,0.0164,nan,-146613.1250,16369726,0.4651,-73256.56,3421.8599
17159046,1776338880,BTC,2500,2500,0.4722,-9.2067,0.0164,nan,-146613.1562,16369727,0.4651,-73256.58,3421.8599
17159047,1776338940,BTC,2500,2500,0.4722,-9.2067,0.0164,nan,-146613.1875,16369728,0.4651,-73256.59,3421.8599
17159048,1776339000,BTC,2500,2500,0.4722,-9.2067,0.0164,nan,-146613.2188,16369729,0.4651,-73256.61,3421.8599
17159049,1776339060,BTC,2500,2500,0.4722,-9.2067,0.0164,nan,-146613.1875,16369730,0.4651,-73256.59,3421.8599
17159050,1776339120,BTC,2500,2500,0.4722,-9.2067,0.0164,nan,-146613.1562,16369731,0.4651,-73256.58,3421.8599
17159051,1776339180,BTC,2500,2500,0.4722,-9.2067,0.0164,0.0000,-146613.1875,16369732,0.4651,-73256.59,3421.8599
17159052,1776339240,BTC,2500,2500,0.4722,-9.2067,0.0164,0.0200,-146613.1562,16369733,0.4651,-73256.58,3421.8599
17159053,1776339300,BTC,2500,2500,0.4722,-9.2067,0.0164,nan,-146613.1250,16369734,0.4651,-73256.56,3421.8599
17159054,1776339360,BTC,2500,2500,0.4722,-9.2067,0.0164,nan,-146613.1562,16369735,0.4651,-73256.58,3421.8599
17159055,1776339420,BTC,2500,2500,0.4722,-9.2067,0.0164,0.0200,-146613.1250,16369736,0.4651,-73256.56,3421.8599
17159056,1776339480,BTC,2500,2500,0.4722,-9.2067,0.0164,0.0000,-146613.0938,16369737,0.4651,-73256.55,3421.8599
17159057,1776339540,BTC,2500,2500,0.4722,-9.2067,0.0164,nan,-146613.1250,16369738,0.4651,-73256.56,3421.8599
17159058,1776339600,BTC,2500,2500,0.4722,-9.2067,0.0164,nan,-146613.0938,16369739,0.4651,-73256.55,3421.8599
17159059,1776339660,BTC,2500,2500,0.4722,-9.2067,0.0164,nan,-146613.0625,16369740,0.4651,-73256.53,3421.8599
17159060,1776339720,BTC,2500,2500,0.4722,-9.2067,0.0164,nan,-146613.0312,16369741,0.4651,-73256.52,3421.8599
17159061,1776339780,BTC,2500,2500,0.4722,-9.2067,0.0164,nan,-146613.0625,16369742,0.4651,-73256.53,3421.8599
17159062,1776339840,BTC,2500,2500,0.4722,-9.2067,0.0164,nan,-146613.0938,16369743,0.4651,-73256.55,3421.8599
17159063,1776339900,BTC,2500,2500,0.4722,-9.2067,0.0164,nan,-146613.0625,16369744,0.4651,-73256.53,3421.8599
17159064,1776339960,BTC,2500,2500,0.4722,-9.2067,0.0164,nan,-146613.0938,16369745,0.4651,-73256.55,3421.8599
17159065,1776340020,BTC,2500,2500,0.4722,-9.2067,0.0164,nan,-146613.1250,16369746,0.4651,-73256.56,3421.8599
17159066,1776340080,BTC,2500,2500,0.4722,-9.2067,0.0164,nan,-146613.1562,16369747,0.4651,-73256.58,3421.8599
17159067,1776340140,BTC,2500,2500,0.4722,-9.2067,0.0164,nan,-146613.1875,16369748,0.4651,-73256.59,3421.8599
17159068,1776340200,BTC,2500,2500,0.4722,-9.2067,0.0164,nan,-146613.2188,16369749,0.4651,-73256.61,3421.8599
17159069,1776340260,BTC,2500,2500,0.4722,-9.2067,0.0164,nan,-146613.1875,16369750,0.4651,-73256.59,3421.8599
17159070,1776340320,BTC,2500,2500,0.4722,-9.2067,0.0164,nan,-146613.2188,16369751,0.4651,-73256.61,3421.8599
17159071,1776340380,BTC,2500,2500,0.4722,-9.2067,0.0164,nan,-146613.2500,16369752,0.4651,-73256.62,3421.8599
17159072,1776340440,BTC,2500,2500,0.4722,-9.2067,0.0164,nan,-146613.2188,16369753,0.4651,-73256.61,3421.8599
17159073,1776340500,BTC,2500,2500,0.4722,-9.2067,0.0164,nan,-146613.2500,16369754,0.4651,-73256.62,3421.8599
17159074,1776340560,BTC,2500,2500,0.4722,-9.2067,0.0164,nan,-146613.2188,16369755,0.4651,-73256.61,3421.8599
17159075,1776340620,BTC,2500,2500,0.4722,-9.2067,0.0164,nan,-146613.2500,16369756,0.4651,-73256.62,3421.8599
17159076,1776340680,BTC,2500,2500,0.4722,-9.2067,0.0164,nan,-146613.2812,16369757,0.4651,-73256.64,3421.8599
17159077,1776340740,BTC,2500,2500,0.4722,-9.2067,0.0164,nan,-146613.2500,16369758,0.4651,-73256.62,3421.8599
17159078,1776340800,BTC,2500,2500,0.4722,-9.2067,0.0164,nan,-146613.2812,16369759,0.4651,-73256.64,3421.8599
17159079,1776340860,BTC,2500,2500,0.4722,-9.2067,0.0164,nan,-146613.3125,16369760,0.4651,-73256.66,3421.8599
17159080,1776340920,BTC,2500,2500,0.4722,-9.2067,0.0164,nan,-146613.3438,16369761,0.4651,-73256.67,3421.8599
17159081,1776340980,BTC,2500,2500,0.4722,-9.2067,0.0164,nan,-146613.3750,16369762,0.4651,-73256.69,3421.8599
17159082,1776341040,BTC,2500,2500,0.4722,-9.2067,0.0164,nan,-146613.4062,16369763,0.4651,-73256.70,3421.8599
17159083,1776341100,BTC,2500,2500,0.4722,-9.2067,0.0164,nan,-146613.3750,16369764,0.4651,-73256.69,3421.8599
17159084,1776341160,BTC,2500,2500,0.4722,-9.2067,0.0164,nan,-146613.3438,16369765,0.4651,-73256.67,3421.8599
17159085,1776341220,BTC,2500,2500,0.4722,-9.2067,0.0164,nan,-146613.3125,16369766,0.4651,-73256.66,3421.8599
17159086,1776341280,BTC,2500,2500,0.4722,-9.2067,0.0164,nan,-146613.2812,16369767,0.4651,-73256.64,3421.8599
17159087,1776341340,BTC,2500,2500,0.4722,-9.2067,0.0164,nan,-146613.3125,16369768,0.4651,-73256.66,3421.8599
17159088,1776341400,BTC,2500,2500,0.4722,-9.2067,0.0164,nan,-146613.2812,16369769,0.4651,-73256.64,3421.8599
17159089,1776341460,BTC,2500,2500,0.4722,-9.2067,0.0164,nan,-146613.2500,16369770,0.4651,-73256.62,3421.8599
17159090,1776341520,BTC,2500,2500,0.4722,-9.2067,0.0164,nan,-146613.2188,16369771,0.4651,-73256.61,3421.8599
17159091,1776341580,BTC,2500,2500,0.4722,-9.2067,0.0164,nan,-146613.1875,16369772,0.4651,-73256.59,3421.8599
17159092,1776341640,BTC,2500,2500,0.4722,-9.2067,0.0164,nan,-146613.2188,16369773,0.4651,-73256.61,3421.8599
17159093,1776341700,BTC,2500,2500,0.4722,-9.2067,0.0164,nan,-146613.1875,16369774,0.4651,-73256.59,3421.8599
17159094,1776341760,BTC,2500,2500,0.4722,-9.2067,0.0164,nan,-146613.1562,16369775,0.4651,-73256.58,3421.8599
17159095,1776341820,BTC,2500,2500,0.4722,-9.2067,0.0164,nan,-146613.1875,16369776,0.4651,-73256.59,3421.8599
17159096,1776341880,BTC,2500,2500,0.4722,-9.2067,0.0164,nan,-146613.1562,16369777,0.4651,-73256.58,3421.8599
17159097,1776341940,BTC,2500,2500,0.4722,-9.2067,0.0164,nan,-146613.1875,16369778,0.4651,-73256.59,3421.8599
17159098,1776342000,BTC,2500,2500,0.4722,-9.2067,0.0164,nan,-146613.2188,16369779,0.4651,-73256.61,3421.8599
17159099,1776342060,BTC,2500,2500,0.4722,-9.2067,0.0164,nan,-146613.1875,16369780,0.4651,-73256.59,3421.8599
17159100,1776342120,BTC,2500,2500,0.4722,-9.2067,0.0164,nan,-146613.1562,16369781,0.4651,-73256.58,3421.8599
17159101,1776342180,BTC,2500,2500,0.4722,-9.2067,0.0164,nan,-146613.1250,16369782,0.4651,-73256.56,3421.8599
17159102,1776342240,BTC,2500,2500,0.4722,-9.2067,0.0164,nan,-146613.1562,16369783,0.4651,-73256.58,3421.8599
17159103,1776342300,BTC,2500,2500,0.4722,-9.2067,0.0164,nan,-146613.1875,16369784,0.4651,-73256.59,3421.8599
17159104,1776342360,BTC,2500,2500,0.4722,-9.2067,0.0164,nan,-146613.2188,16369785,0.4651,-73256.61,3421.8599
17159105,1776342420,BTC,2500,2500,0.4722,-9.2067,0.0164,nan,-146613.1875,16369786,0.4651,-73256.59,3421.8599
17159106,1776342480,BTC,2500,2500,0.4722,-9.2067,0.0164,nan,-146613.1562,16369787,0.4651,-73256.58,3421.8599
17159107,1776342540,BTC,2500,2500,0.4722,-9.2067,0.0164,nan,-146613.1875,16369788,0.4651,-73256.59,3421.8599
17159108,1776342600,BTC,2500,2500,0.4722,-9.2067,0.0164,nan,-146613.1562,16369789,0.4651,-73256.58,3421.8599
17159109,1776342660,BTC,2500,2500,0.4722,-9.2067,0.0164,nan,-146613.1875,16369790,0.4651,-73256.59,3421.8599
17159110,1776342720,BTC,2500,2500,0.4722,-9.2067,0.0164,nan,-146613.2188,16369791,0.4651,-73256.61,3421.8599
17159111,1776342780,BTC,2500,2500,0.4722,-9.2067,0.0164,nan,-146613.1875,16369792,0.4651,-73256.59,3421.8599
17159112,1776342840,BTC,2500,2500,0.4722,-9.2067,0.0164,nan,-146613.2188,16369793,0.4651,-73256.61,3421.8599
17159113,1776342900,BTC,2500,2500,0.4722,-9.2067,0.0164,nan,-146613.1875,16369794,0.4651,-73256.59,3421.8599
17159114,1776342960,BTC,2500,2500,0.4722,-9.2067,0.0164,nan,-146613.1562,16369795,0.4651,-73256.58,3421.8599
17159115,1776343020,BTC,2500,2500,0.4722,-9.2067,0.0164,nan,-146613.1250,16369796,0.4651,-73256.56,3421.8599
17159116,1776343080,BTC,2500,2500,0.4722,-9.2067,0.0164,nan,-146613.0938,16369797,0.4651,-73256.55,3421.8599
17159117,1776343140,BTC,2500,2500,0.4722,-9.2067,0.0164,nan,-146613.0625,16369798,0.4651,-73256.53,3421.8599
cycle,window_ts,asset,votes,active,win_rate,sharpe,dd_pct,consensus_spread,room_pnl_pct,room_trades,room_wr,room_cap,slippage$
17159118,1776343200,BTC,2500,2500,0.4722,-9.2067,0.0164,nan,-146613.0312,16369799,0.4651,-73256.52,3421.8599
17159119,1776343260,BTC,2500,2500,0.4722,-9.2067,0.0164,nan,-146613.0000,16369800,0.4651,-73256.50,3421.8599
17159120,1776343320,BTC,2500,2500,0.4722,-9.2067,0.0164,nan,-146613.0312,16369801,0.4651,-73256.52,3421.8599
17159121,1776343380,BTC,2500,2500,0.4722,-9.2067,0.0164,nan,-146613.0625,16369802,0.4651,-73256.53,3421.8599
17159122,1776343440,BTC,2500,2500,0.4722,-9.2067,0.0164,nan,-146613.0312,16369803,0.4651,-73256.52,3421.8599
17159123,1776343500,BTC,2500,2500,0.4722,-9.2067,0.0164,nan,-146613.0000,16369804,0.4651,-73256.50,3421.8599
17159124,1776343560,BTC,2500,2500,0.4722,-9.2067,0.0164,nan,-146612.9688,16369805,0.4651,-73256.48,3421.8599
