6397249,1776071700,BTC,2500,2500,0.4722,-9.2067,0.0061,nan,-75855.0859,6099876,0.4651,-37877.54,1337.4241
6397250,1776071760,BTC,2500,2500,0.4722,-9.2067,0.0061,nan,-75855.1328,6099877,0.4651,-37877.57,1337.4241
6397251,1776071820,BTC,2500,2500,0.4722,-9.2067,0.0061,nan,-75855.1797,6099878,0.4651,-37877.59,1337.4241
6397252,1776071880,BTC,2500,2500,0.4722,-9.2067,0.0061,nan,-75855.1641,6099879,0.4651,-37877.58,1337.4241
6397253,1776071940,BTC,2500,2500,0.4722,-9.2067,0.0061,nan,-75855.1484,6099880,0.4651,-37877.57,1337.4241
6397254,1776072000,BTC,2500,2500,0.4722,-9.2067,0.0061,nan,-75855.1328,6099881,0.4651,-37877.57,1337.4241
6397255,1776072060,BTC,2500,2500,0.4722,-9.2067,0.0061,nan,-75855.1797,6099882,0.4651,-37877.59,1337.4241
6397256,1776072120,BTC,2500,2500,0.4722,-9.2067,0.0061,nan,-75855.1641,6099883,0.4651,-37877.58,1337.4241
6397257,1776072180,BTC,2500,2500,0.4722,-9.2067,0.0061,nan,-75855.2109,6099884,0.4651,-37877.61,1337.4241
6397258,1776072240,BTC,2500,2500,0.4722,-9.2067,0.0061,nan,-75855.1953,6099885,0.4651,-37877.60,1337.4241
6397259,1776072300,BTC,2500,2500,0.4722,-9.2067,0.0061,nan,-75855.2422,6099886,0.4651,-37877.62,1337.4241
6397260,1776072360,BTC,2500,2500,0.4722,-9.2067,0.0061,nan,-75855.2891,6099887,0.4651,-37877.64,1337.4241
6397261,1776072420,BTC,2500,2500,0.4722,-9.2067,0.0061,nan,-75855.3359,6099888,0.4651,-37877.67,1337.4241
6397262,1776072480,BTC,2500,2500,0.4722,-9.2067,0.0061,nan,-75855.3203,6099889,0.4651,-37877.66,1337.4241
6397263,1776072540,BTC,2500,2500,0.4722,-9.2067,0.0061,nan,-75855.3047,6099890,0.4651,-37877.65,1337.4241
6397264,1776072600,BTC,2500,2500,0.4722,-9.2067,0.0061,nan,-75855.3516,6099891,0.4651,-37877.68,1337.4241
6397265,1776072660,BTC,2500,2500,0.4722,-9.2067,0.0061,nan,-75855.3984,6099892,0.4651,-37877.70,1337.4241
6397266,1776072720,BTC,2500,2500,0.4722,-9.2067,0.0061,nan,-75855.3828,6099893,0.4651,-37877.69,1337.4241
6397267,1776072780,BTC,2500,2500,0.4722,-9.2067,0.0061,nan,-75855.3672,6099894,0.4651,-37877.68,1337.4241
6397268,1776072840,BTC,2500,2500,0.4722,-9.2067,0.0061,nan,-75855.3516,6099895,0.4651,-37877.68,1337.4241
6397269,1776072900,BTC,2500,2500,0.4722,-9.2067,0.0061,nan,-75855.3984,6099896,0.4651,-37877.70,1337.4241
6397270,1776072960,BTC,2500,2500,0.4722,-9.2067,0.0061,nan,-75855.3828,6099897,0.4651,-37877.69,1337.4241
6397271,1776073020,BTC,2500,2500,0.4722,-9.2067,0.0061,nan,-75855.4297,6099898,0.4651,-37877.71,1337.4241
6397272,1776073080,BTC,2500,2500,0.4722,-9.2067,0.0061,nan,-75855.4141,6099899,0.4651,-37877.71,1337.4241
6397273,1776073140,BTC,2500,2500,0.4722,-9.2067,0.0061,nan,-75855.4609,6099900,0.4651,-37877.73,1337.4241
6397274,1776073200,BTC,2500,2500,0.4722,-9.2067,0.0061,nan,-75855.5078,6099901,0.4651,-37877.75,1337.4241
6397275,1776073260,BTC,2500,2500,0.4722,-9.2067,0.0061,nan,-75855.4922,6099902,0.4651,-37877.75,1337.4241
6397276,1776073320,BTC,2500,2500,0.4722,-9.2067,0.0061,nan,-75855.4766,6099903,0.4651,-37877.74,1337.4241
6397277,1776073380,BTC,2500,2500,0.4722,-9.2067,0.0061,nan,-75855.4609,6099904,0.4651,-37877.73,1337.4241
6397278,1776073440,BTC,2500,2500,0.4722,-9.2067,0.0061,nan,-75855.5078,6099905,0.4651,-37877.75,1337.4241
6397279,1776073500,BTC,2500,2500,0.4722,-9.2067,0.0061,nan,-75855.5547,6099906,0.4651,-37877.78,1337.4241
6397280,1776073560,BTC,2500,2500,0.4722,-9.2067,0.0061,nan,-75855.5391,6099907,0.4651,-37877.77,1337.4241
6397281,1776073620,BTC,2500,2500,0.4722,-9.2067,0.0061,nan,-75855.5859,6099908,0.4651,-37877.79,1337.4241
6397282,1776073680,BTC,2500,2500,0.4722,-9.2067,0.0061,nan,-75855.6328,6099909,0.4651,-37877.82,1337.4241
6397283,1776073740,BTC,2500,2500,0.4722,-9.2067,0.0061,nan,-75855.6797,6099910,0.4651,-37877.84,1337.4241
6397284,1776073800,BTC,2500,2500,0.4722,-9.2067,0.0061,nan,-75855.7266,6099911,0.4651,-37877.86,1337.4241
6397285,1776073860,BTC,2500,2500,0.4722,-9.2067,0.0061,nan,-75855.7734,6099912,0.4651,-37877.89,1337.4241
6397286,1776073920,BTC,2500,2500,0.4722,-9.2067,0.0061,nan,-75855.8203,6099913,0.4651,-37877.91,1337.4241
6397287,1776073980,BTC,2500,2500,0.4722,-9.2067,0.0061,nan,-75855.8047,6099914,0.4651,-37877.90,1337.4241
6397288,1776074040,BTC,2500,2500,0.4722,-9.2067,0.0061,nan,-75855.7891,6099915,0.4651,-37877.89,1337.4241
6397289,1776074100,BTC,2500,2500,0.4722,-9.2067,0.0061,nan,-75855.8359,6099916,0.4651,-37877.92,1337.4241
6397290,1776074160,BTC,2500,2500,0.4722,-9.2067,0.0061,nan,-75855.8203,6099917,0.4651,-37877.91,1337.4241
6397291,1776074220,BTC,2500,2500,0.4722,-9.2067,0.0061,nan,-75855.8047,6099918,0.4651,-37877.90,1337.4241
6397292,1776074280,BTC,2500,2500,0.4722,-9.2067,0.0061,nan,-75855.8516,6099919,0.4651,-37877.93,1337.4241
6397293,1776074340,BTC,2500,2500,0.4722,-9.2067,0.0061,nan,-75855.8359,6099920,0.4651,-37877.92,1337.4241
6397294,1776074400,BTC,2500,2500,0.4722,-9.2067,0.0061,nan,-75855.8828,6099921,0.4651,-37877.94,1337.4241
6397295,1776074460,BTC,2500,2500,0.4722,-9.2067,0.0061,nan,-75855.8672,6099922,0.4651,-37877.93,1337.4241
6397296,1776074520,BTC,2500,2500,0.4722,-9.2067,0.0061,nan,-75855.9141,6099923,0.4651,-37877.96,1337.4241
6397297,1776074580,BTC,2500,2500,0.4722,-9.2067,0.0061,nan,-75855.9609,6099924,0.4651,-37877.98,1337.4241
6397298,1776074640,BTC,2500,2500,0.4722,-9.2067,0.0061,nan,-75856.0078,6099925,0.4651,-37878.00,1337.4241
6397299,1776074700,BTC,2500,2500,0.4722,-9.2067,0.0061,nan,-75856.0547,6099926,0.4651,-37878.03,1337.4241
6397300,1776074760,BTC,2500,2500,0.4722,-9.2067,0.0061,nan,-75856.0391,6099927,0.4651,-37878.02,1337.4241
6397301,1776074820,BTC,2500,2500,0.4722,-9.2067,0.0061,nan,-75856.0859,6099928,0.4651,-37878.04,1337.4241
6397302,1776074880,BTC,2500,2500,0.4722,-9.2067,0.0061,nan,-75856.1328,6099929,0.4651,-37878.07,1337.4241
6397303,1776074940,BTC,2500,2500,0.4722,-9.2067,0.0061,nan,-75856.1797,6099930,0.4651,-37878.09,1337.4241
6397304,1776075000,BTC,2500,2500,0.4722,-9.2067,0.0061,nan,-75856.1641,6099931,0.4651,-37878.08,1337.4241
6397305,1776075060,BTC,2500,2500,0.4722,-9.2067,0.0061,nan,-75856.1484,6099932,0.4651,-37878.07,1337.4241
6397306,1776075120,BTC,2500,2500,0.4722,-9.2067,0.0061,nan,-75856.1953,6099933,0.4651,-37878.10,1337.4241
6397307,1776075180,BTC,2500,2500,0.4722,-9.2067,0.0061,0.0000,-75856.1797,6099934,0.4651,-37878.09,1337.4241
6397308,1776075240,BTC,2500,2500,0.4722,-9.2067,0.0061,0.0000,-75856.2266,6099935,0.4651,-37878.11,1337.4241
6397309,1776075300,BTC,2500,2500,0.4722,-9.2067,0.0061,0.0000,-75856.2734,6099936,0.4651,-37878.14,1337.4241
6397310,1776075360,BTC,2500,2500,0.4722,-9.2067,0.0061,0.0200,-75856.2578,6099937,0.4651,-37878.13,1337.4241
6397311,1776075420,BTC,2500,2500,0.4722,-9.2067,0.0061,nan,-75856.2422,6099938,0.4651,-37878.12,1337.4241
6397312,1776075480,BTC,2500,2500,0.4722,-9.2067,0.0061,0.0000,-75856.2266,6099939,0.4651,-37878.11,1337.4241
6397313,1776075540,BTC,2500,2500,0.4722,-9.2067,0.0061,0.0000,-75856.2734,6099940,0.4651,-37878.14,1337.4241
6397314,1776075600,BTC,2500,2500,0.4722,-9.2067,0.0061,nan,-75856.3203,6099941,0.4651,-37878.16,1337.4241
6397315,1776075660,BTC,2500,2500,0.4722,-9.2067,0.0061,nan,-75856.3047,6099942,0.4651,-37878.15,1337.4241
6397316,1776075720,BTC,2500,2500,0.4722,-9.2067,0.0061,nan,-75856.3516,6099943,0.4651,-37878.18,1337.4241
6397317,1776075780,BTC,2500,2500,0.4722,-9.2067,0.0061,nan,-75856.3984,6099944,0.4651,-37878.20,1337.4241
6397318,1776075840,BTC,2500,2500,0.4722,-9.2067,0.0061,nan,-75856.3828,6099945,0.4651,-37878.19,1337.4241
6397319,1776075900,BTC,2500,2500,0.4722,-9.2067,0.0061,nan,-75856.3672,6099946,0.4651,-37878.18,1337.4241
6397320,1776075960,BTC,2500,2500,0.4722,-9.2067,0.0061,nan,-75856.4141,6099947,0.4651,-37878.21,1337.4241
6397321,1776076020,BTC,2500,2500,0.4722,-9.2067,0.0061,nan,-75856.3984,6099948,0.4651,-37878.20,1337.4241
6397322,1776076080,BTC,2500,2500,0.4722,-9.2067,0.0061,nan,-75856.4453,6099949,0.4651,-37878.22,1337.4241
6397323,1776076140,BTC,2500,2500,0.4722,-9.2067,0.0061,nan,-75856.4297,6099950,0.4651,-37878.21,1337.4241
6397324,1776076200,BTC,2500,2500,0.4722,-9.2067,0.0061,nan,-75856.4766,6099951,0.4651,-37878.24,1337.4241
6397325,1776076260,BTC,2500,2500,0.4722,-9.2067,0.0061,nan,-75856.5234,6099952,0.4651,-37878.26,1337.4241
6397326,1776076320,BTC,2500,2500,0.4722,-9.2067,0.0061,nan,-75856.5078,6099953,0.4651,-37878.25,1337.4241
6397327,1776076380,BTC,2500,2500,0.4722,-9.2067,0.0061,nan,-75856.4922,6099954,0.4651,-37878.25,1337.4241
6397328,1776076440,BTC,2500,2500,0.4722,-9.2067,0.0061,nan,-75856.5391,6099955,0.4651,-37878.27,1337.4241
6397329,1776076500,BTC,2500,2500,0.4722,-9.2067,0.0061,nan,-75856.5234,6099956,0.4651,-37878.26,1337.4241
6397330,1776076560,BTC,2500,2500,0.4722,-9.2067,0.0061,nan,-75856.5703,6099957,0.4651,-37878.29,1337.4241
6397331,1776076620,BTC,2500,2500,0.4722,-9.2067,0.0061,nan,-75856.6172,6099958,0.4651,-37878.31,1337.4241
6397332,1776076680,BTC,2500,2500,0.4722,-9.2067,0.0061,nan,-75856.6641,6099959,0.4651,-37878.33,1337.4241
6397333,1776076740,BTC,2500,2500,0.4722,-9.2067,0.0061,nan,-75856.6484,6099960,0.4651,-37878.32,1337.4241
6397334,1776076800,BTC,2500,2500,0.4722,-9.2067,0.0061,nan,-75856.6953,6099961,0.4651,-37878.35,1337.4241
6397335,1776076860,BTC,2500,2500,0.4722,-9.2067,0.0061,nan,-75856.6797,6099962,0.4651,-37878.34,1337.4241
6397336,1776076920,BTC,2500,2500,0.4722,-9.2067,0.0061,nan,-75856.7266,6099963,0.4651,-37878.36,1337.4241
6397337,1776076980,BTC,2500,2500,0.4722,-9.2067,0.0061,nan,-75856.7734,6099964,0.4651,-37878.39,1337.4241
6397338,1776077040,BTC,2500,2500,0.4722,-9.2067,0.0061,nan,-75856.8203,6099965,0.4651,-37878.41,1337.4241
6397339,1776077100,BTC,2500,2500,0.4722,-9.2067,0.0061,nan,-75856.8047,6099966,0.4651,-37878.40,1337.4241
6397340,1776077160,BTC,2500,2500,0.4722,-9.2067,0.0061,nan,-75856.8516,6099967,0.4651,-37878.43,1337.4241
6397341,1776077220,BTC,2500,2500,0.4722,-9.2067,0.0061,nan,-75856.8984,6099968,0.4651,-37878.45,1337.4241
6397342,1776077280,BTC,2500,2500,0.4722,-9.2067,0.0061,nan,-75856.9453,6099969,0.4651,-37878.47,1337.4241
6397343,1776077340,BTC,2500,2500,0.4722,-9.2067,0.0061,nan,-75856.9297,6099970,0.4651,-37878.46,1337.4241
6397344,1776077400,BTC,2500,2500,0.4722,-9.2067,0.0061,nan,-75856.9141,6099971,0.4651,-37878.46,1337.4241
6397345,1776077460,BTC,2500,2500,0.4722,-9.2067,0.0061,nan,-75856.9609,6099972,0.4651,-37878.48,1337.4241
6397346,1776077520,BTC,2500,2500,0.4722,-9.2067,0.0061,nan,-75856.9453,6099973,0.4651,-37878.47,1337.4241
6397347,1776077580,BTC,2500,2500,0.4722,-9.2067,0.0061,nan,-75856.9297,6099974,0.4651,-37878.46,1337.4241
6397348,1776077640,BTC,2500,2500,0.4722,-9.2067,0.0061,nan,-75856.9766,6099975,0.4651,-37878.49,1337.4241
6397349,1776077700,BTC,2500,2500,0.4722,-9.2067,0.0061,nan,-75857.0234,6099976,0.4651,-37878.51,1337.4241
6397350,1776077760,BTC,2500,2500,0.4722,-9.2067,0.0061,nan,-75857.0078,6099977,0.4651,-37878.50,1337.4241
6397351,1776077820,BTC,2500,2500,0.4722,-9.2067,0.0061,nan,-75857.0547,6099978,0.4651,-37878.53,1337.4241
6397352,1776077880,BTC,2500,2500,0.4722,-9.2067,0.0061,nan,-75857.1016,6099979,0.4651,-37878.55,1337.4241
6397353,1776077940,BTC,2500,2500,0.4722,-9.2067,0.0061,0.0000,-75857.1484,6099980,0.4651,-37878.57,1337.4241
6397354,1776078000,BTC,2500,2500,0.4722,-9.2067,0.0061,0.0000,-75857.1953,6099981,0.4651,-37878.60,1337.4241
6397355,1776078060,BTC,2500,2500,0.4722,-9.2067,0.0061,0.0000,-75857.1797,6099982,0.4651,-37878.59,1337.4241
6397356,1776078120,BTC,2500,2500,0.4722,-9.2067,0.0061,0.0000,-75857.2266,6099983,0.4651,-37878.61,1337.4241
6397357,1776078180,BTC,2500,2500,0.4722,-9.2067,0.0061,0.0200,-75857.2109,6099984,0.4651,-37878.61,1337.4241
6397358,1776078240,BTC,2500,2500,0.4722,-9.2067,0.0061,0.0000,-75857.2578,6099985,0.4651,-37878.63,1337.4241
6397359,1776078300,BTC,2500,2500,0.4722,-9.2067,0.0061,nan,-75857.3047,6099986,0.4651,-37878.65,1337.4241
6397360,1776078360,BTC,2500,2500,0.4722,-9.2067,0.0061,nan,-75857.3516,6099987,0.4651,-37878.68,1337.4241
6397361,1776078420,BTC,2500,2500,0.4722,-9.2067,0.0061,nan,-75857.3359,6099988,0.4651,-37878.67,1337.4241
6397362,1776078480,BTC,2500,2500,0.4722,-9.2067,0.0061,nan,-75857.3828,6099989,0.4651,-37878.69,1337.4241
6397363,1776078540,BTC,2500,2500,0.4722,-9.2067,0.0061,nan,-75857.4297,6099990,0.4651,-37878.71,1337.4241
6397364,1776078600,BTC,2500,2500,0.4722,-9.2067,0.0061,nan,-75857.4766,6099991,0.4651,-37878.74,1337.4241
6397365,1776078660,BTC,2500,2500,0.4722,-9.2067,0.0061,nan,-75857.4609,6099992,0.4651,-37878.73,1337.4241
6397366,1776078720,BTC,2500,2500,0.4722,-9.2067,0.0061,nan,-75857.5078,6099993,0.4651,-37878.75,1337.4241
6397367,1776078780,BTC,2500,2500,0.4722,-9.2067,0.0061,nan,-75857.4922,6099994,0.4651,-37878.75,1337.4241
6397368,1776078840,BTC,2500,2500,0.4722,-9.2067,0.0061,nan,-75857.4766,6099995,0.4651,-37878.74,1337.4241
6397369,1776078900,BTC,2500,2500,0.4722,-9.2067,0.0061,nan,-75857.5234,6099996,0.4651,-37878.76,1337.4241
6397370,1776078960,BTC,2500,2500,0.4722,-9.2067,0.0061,nan,-75857.5078,6099997,0.4651,-37878.75,1337.4241
6397371,1776079020,BTC,2500,2500,0.4722,-9.2067,0.0061,nan,-75857.5547,6099998,0.4651,-37878.78,1337.4241
6397372,1776079080,BTC,2500,2500,0.4722,-9.2067,0.0061,nan,-75857.5391,6099999,0.4651,-37878.77,1337.4241
6397373,1776079140,BTC,2500,2500,0.4722,-9.2067,0.0061,nan,-75857.5859,6100000,0.4651,-37878.79,1337.4241
6397374,1776079200,BTC,2500,2500,0.4722,-9.2067,0.0061,nan,-75857.6328,6100001,0.4651,-37878.82,1337.4241
6397375,1776079260,BTC,2500,2500,0.4722,-9.2067,0.0061,nan,-75857.6172,6100002,0.4651,-37878.81,1337.4241
6397376,1776079320,BTC,2500,2500,0.4722,-9.2067,0.0061,nan,-75857.6016,6100003,0.4651,-37878.80,1337.4241
6397377,1776079380,BTC,2500,2500,0.4722,-9.2067,0.0061,nan,-75857.6484,6100004,0.4651,-37878.82,1337.4241
6397378,1776079440,BTC,2500,2500,0.4722,-9.2067,0.0061,nan,-75857.6953,6100005,0.4651,-37878.85,1337.4241
6397379,1776079500,BTC,2500,2500,0.4722,-9.2067,0.0061,nan,-75857.7422,6100006,0.4651,-37878.87,1337.4241
6397380,1776079560,BTC,2500,2500,0.4722,-9.2067,0.0061,nan,-75857.7266,6100007,0.4651,-37878.86,1337.4241
6397381,1776079620,BTC,2500,2500,0.4722,-9.2067,0.0061,nan,-75857.7734,6100008,0.4651,-37878.89,1337.4241
6397382,1776079680,BTC,2500,2500,0.4722,-9.2067,0.0061,nan,-75857.8203,6100009,0.4651,-37878.91,1337.4241
6397383,1776079740,BTC,2500,2500,0.4722,-9.2067,0.0061,nan,-75857.8047,6100010,0.4651,-37878.90,1337.4241
6397384,1776079800,BTC,2500,2500,0.4722,-9.2067,0.0061,nan,-75857.8516,6100011,0.4651,-37878.93,1337.4241
6397385,1776079860,BTC,2500,2500,0.4722,-9.2067,0.0061,nan,-75857.8359,6100012,0.4651,-37878.92,1337.4241
6397386,1776079920,BTC,2500,2500,0.4722,-9.2067,0.0061,nan,-75857.8203,6100013,0.4651,-37878.91,1337.4241
6397387,1776079980,BTC,2500,2500,0.4722,-9.2067,0.0061,nan,-75857.8672,6100014,0.4651,-37878.93,1337.4241
6397388,1776080040,BTC,2500,2500,0.4722,-9.2067,0.0061,nan,-75857.9141,6100015,0.4651,-37878.96,1337.4241
6397389,1776080100,BTC,2500,2500,0.4722,-9.2067,0.0061,nan,-75857.8984,6100016,0.4651,-37878.95,1337.4241
6397390,1776080160,BTC,2500,2500,0.4722,-9.2067,0.0061,nan,-75857.9453,6100017,0.4651,-37878.97,1337.4241
6397391,1776080220,BTC,2500,2500,0.4722,-9.2067,0.0061,nan,-75857.9922,6100018,0.4651,-37879.00,1337.4241
6397392,1776080280,BTC,2500,2500,0.4722,-9.2067,0.0061,nan,-75857.9766,6100019,0.4651,-37878.99,1337.4241
6397393,1776080340,BTC,2500,2500,0.4722,-9.2067,0.0061,nan,-75858.0234,6100020,0.4651,-37879.01,1337.4241
6397394,1776080400,BTC,2500,2500,0.4722,-9.2067,0.0061,nan,-75858.0703,6100021,0.4651,-37879.04,1337.4241
6397395,1776080460,BTC,2500,2500,0.4722,-9.2067,0.0061,nan,-75858.0547,6100022,0.4651,-37879.03,1337.4241
6397396,1776080520,BTC,2500,2500,0.4722,-9.2067,0.0061,nan,-75858.1016,6100023,0.4651,-37879.05,1337.4241
6397397,1776080580,BTC,2500,2500,0.4722,-9.2067,0.0061,nan,-75858.1484,6100024,0.4651,-37879.07,1337.4241
6397398,1776080640,BTC,2500,2500,0.4722,-9.2067,0.0061,nan,-75858.1328,6100025,0.4651,-37879.07,1337.4241
6397399,1776080700,BTC,2500,2500,0.4722,-9.2067,0.0061,nan,-75858.1797,6100026,0.4651,-37879.09,1337.4241
6397400,1776080760,BTC,2500,2500,0.4722,-9.2067,0.0061,nan,-75858.2266,6100027,0.4651,-37879.11,1337.4241
6397401,1776080820,BTC,2500,2500,0.4722,-9.2067,0.0061,nan,-75858.2109,6100028,0.4651,-37879.11,1337.4241
6397402,1776080880,BTC,2500,2500,0.4722,-9.2067,0.0061,nan,-75858.2578,6100029,0.4651,-37879.13,1337.4241
6397403,1776080940,BTC,2500,2500,0.4722,-9.2067,0.0061,nan,-75858.2422,6100030,0.4651,-37879.12,1337.4241
6397404,1776081000,BTC,2500,2500,0.4722,-9.2067,0.0061,nan,-75858.2891,6100031,0.4651,-37879.14,1337.4241
6397405,1776081060,BTC,2500,2500,0.4722,-9.2067,0.0061,nan,-75858.2734,6100032,0.4651,-37879.14,1337.4241
6397406,1776081120,BTC,2500,2500,0.4722,-9.2067,0.0061,nan,-75858.2578,6100033,0.4651,-37879.13,1337.4241
6397407,1776081180,BTC,2500,2500,0.4722,-9.2067,0.0061,nan,-75858.3047,6100034,0.4651,-37879.15,1337.4241
6397408,1776081240,BTC,2500,2500,0.4722,-9.2067,0.0061,nan,-75858.3516,6100035,0.4651,-37879.18,1337.4241
6397409,1776081300,BTC,2500,2500,0.4722,-9.2067,0.0061,nan,-75858.3984,6100036,0.4651,-37879.20,1337.4241
6397410,1776081360,BTC,2500,2500,0.4722,-9.2067,0.0061,nan,-75858.4453,6100037,0.4651,-37879.22,1337.4241
6397411,1776081420,BTC,2500,2500,0.4722,-9.2067,0.0061,nan,-75858.4922,6100038,0.4651,-37879.25,1337.4241
6397412,1776081480,BTC,2500,2500,0.4722,-9.2067,0.0061,nan,-75858.4766,6100039,0.4651,-37879.24,1337.4241
6397413,1776081540,BTC,2500,2500,0.4722,-9.2067,0.0061,nan,-75858.4609,6100040,0.4651,-37879.23,1337.4241
6397414,1776081600,BTC,2500,2500,0.4722,-9.2067,0.0061,nan,-75858.4453,6100041,0.4651,-37879.22,1337.4241
6397415,1776081660,BTC,2500,2500,0.4722,-9.2067,0.0061,nan,-75858.4297,6100042,0.4651,-37879.21,1337.4241
6397416,1776081720,BTC,2500,2500,0.4722,-9.2067,0.0061,nan,-75858.4766,6100043,0.4651,-37879.24,1337.4241
6397417,1776081780,BTC,2500,2500,0.4722,-9.2067,0.0061,nan,-75858.5234,6100044,0.4651,-37879.26,1337.4241
6397418,1776081840,BTC,2500,2500,0.4722,-9.2067,0.0061,nan,-75858.5703,6100045,0.4651,-37879.29,1337.4241
6397419,1776081900,BTC,2500,2500,0.4722,-9.2067,0.0061,nan,-75858.6172,6100046,0.4651,-37879.31,1337.4241
6397420,1776081960,BTC,2500,2500,0.4722,-9.2067,0.0061,nan,-75858.6641,6100047,0.4651,-37879.33,1337.4241
6397421,1776082020,BTC,2500,2500,0.4722,-9.2067,0.0061,nan,-75858.7109,6100048,0.4651,-37879.36,1337.4241
6397422,1776082080,BTC,2500,2500,0.4722,-9.2067,0.0061,nan,-75858.6953,6100049,0.4651,-37879.35,1337.4241
6397423,1776082140,BTC,2500,2500,0.4722,-9.2067,0.0061,nan,-75858.6797,6100050,0.4651,-37879.34,1337.4241
6397424,1776082200,BTC,2500,2500,0.4722,-9.2067,0.0061,nan,-75858.7266,6100051,0.4651,-37879.36,1337.4241
6397425,1776082260,BTC,2500,2500,0.4722,-9.2067,0.0061,nan,-75858.7734,6100052,0.4651,-37879.39,1337.4241
6397426,1776082320,BTC,2500,2500,0.4722,-9.2067,0.0061,nan,-75858.8203,6100053,0.4651,-37879.41,1337.4241
6397427,1776082380,BTC,2500,2500,0.4722,-9.2067,0.0061,nan,-75858.8047,6100054,0.4651,-37879.40,1337.4241
6397428,1776082440,BTC,2500,2500,0.4722,-9.2067,0.0061,nan,-75858.7891,6100055,0.4651,-37879.39,1337.4241
6397429,1776082500,BTC,2500,2500,0.4722,-9.2067,0.0061,nan,-75858.8359,6100056,0.4651,-37879.42,1337.4241
6397430,1776082560,BTC,2500,2500,0.4722,-9.2067,0.0061,nan,-75858.8828,6100057,0.4651,-37879.44,1337.4241
6397431,1776082620,BTC,2500,2500,0.4722,-9.2067,0.0061,nan,-75858.8672,6100058,0.4651,-37879.43,1337.4241
6397432,1776082680,BTC,2500,2500,0.4722,-9.2067,0.0061,nan,-75858.8516,6100059,0.4651,-37879.43,1337.4241
6397433,1776082740,BTC,2500,2500,0.4722,-9.2067,0.0061,nan,-75858.8359,6100060,0.4651,-37879.42,1337.4241
6397434,1776082800,BTC,2500,2500,0.4722,-9.2067,0.0061,nan,-75858.8828,6100061,0.4651,-37879.44,1337.4241
6397435,1776082860,BTC,2500,2500,0.4722,-9.2067,0.0061,nan,-75858.9297,6100062,0.4651,-37879.46,1337.4241
6397436,1776082920,BTC,2500,2500,0.4722,-9.2067,0.0061,nan,-75858.9766,6100063,0.4651,-37879.49,1337.4241
6397437,1776082980,BTC,2500,2500,0.4722,-9.2067,0.0061,nan,-75859.0234,6100064,0.4651,-37879.51,1337.4241
6397438,1776083040,BTC,2500,2500,0.4722,-9.2067,0.0061,nan,-75859.0078,6100065,0.4651,-37879.50,1337.4241
6397439,1776083100,BTC,2500,2500,0.4722,-9.2067,0.0061,nan,-75858.9922,6100066,0.4651,-37879.50,1337.4241
6397440,1776083160,BTC,2500,2500,0.4722,-9.2067,0.0061,nan,-75859.0391,6100067,0.4651,-37879.52,1337.4241
6397441,1776083220,BTC,2500,2500,0.4722,-9.2067,0.0061,nan,-75859.0234,6100068,0.4651,-37879.51,1337.4241
6397442,1776083280,BTC,2500,2500,0.4722,-9.2067,0.0061,nan,-75859.0078,6100069,0.4651,-37879.50,1337.4241
6397443,1776083340,BTC,2500,2500,0.4722,-9.2067,0.0061,nan,-75858.9922,6100070,0.4651,-37879.50,1337.4241
6397444,1776083400,BTC,2500,2500,0.4722,-9.2067,0.0061,nan,-75858.9766,6100071,0.4651,-37879.49,1337.4241
6397445,1776083460,BTC,2500,2500,0.4722,-9.2067,0.0061,nan,-75859.0234,6100072,0.4651,-37879.51,1337.4241
6397446,1776083520,BTC,2500,2500,0.4722,-9.2067,0.0061,nan,-75859.0078,6100073,0.4651,-37879.50,1337.4241
6397447,1776083580,BTC,2500,2500,0.4722,-9.2067,0.0061,nan,-75859.0547,6100074,0.4651,-37879.53,1337.4241
6397448,1776083640,BTC,2500,2500,0.4722,-9.2067,0.0061,nan,-75859.1016,6100075,0.4651,-37879.55,1337.4241
6397449,1776083700,BTC,2500,2500,0.4722,-9.2067,0.0061,nan,-75859.0859,6100076,0.4651,-37879.54,1337.4241
6397450,1776083760,BTC,2500,2500,0.4722,-9.2067,0.0061,nan,-75859.0703,6100077,0.4651,-37879.54,1337.4241
6397451,1776083820,BTC,2500,2500,0.4722,-9.2067,0.0061,nan,-75859.1172,6100078,0.4651,-37879.56,1337.4241
6397452,1776083880,BTC,2500,2500,0.4722,-9.2067,0.0061,nan,-75859.1016,6100079,0.4651,-37879.55,1337.4241
6397453,1776083940,BTC,2500,2500,0.4722,-9.2067,0.0061,nan,-75859.1484,6100080,0.4651,-37879.57,1337.4241
6397454,1776084000,BTC,2500,2500,0.4722,-9.2067,0.0061,nan,-75859.1328,6100081,0.4651,-37879.57,1337.4241
6397455,1776084060,BTC,2500,2500,0.4722,-9.2067,0.0061,nan,-75859.1797,6100082,0.4651,-37879.59,1337.4241
6397456,1776084120,BTC,2500,2500,0.4722,-9.2067,0.0061,nan,-75859.1641,6100083,0.4651,-37879.58,1337.4241
6397457,1776084180,BTC,2500,2500,0.4722,-9.2067,0.0061,nan,-75859.2109,6100084,0.4651,-37879.61,1337.4241
6397458,1776084240,BTC,2500,2500,0.4722,-9.2067,0.0061,nan,-75859.2578,6100085,0.4651,-37879.63,1337.4241
6397459,1776084300,BTC,2500,2500,0.4722,-9.2067,0.0061,nan,-75859.3047,6100086,0.4651,-37879.65,1337.4241
6397460,1776084360,BTC,2500,2500,0.4722,-9.2067,0.0061,nan,-75859.3516,6100087,0.4651,-37879.68,1337.4241
6397461,1776084420,BTC,2500,2500,0.4722,-9.2067,0.0061,nan,-75859.3359,6100088,0.4651,-37879.67,1337.4241
6397462,1776084480,BTC,2500,2500,0.4722,-9.2067,0.0061,nan,-75859.3203,6100089,0.4651,-37879.66,1337.4241
6397463,1776084540,BTC,2500,2500,0.4722,-9.2067,0.0061,nan,-75859.3672,6100090,0.4651,-37879.68,1337.4241
6397464,1776084600,BTC,2500,2500,0.4722,-9.2067,0.0061,nan,-75859.4141,6100091,0.4651,-37879.71,1337.4241
6397465,1776084660,BTC,2500,2500,0.4722,-9.2067,0.0061,nan,-75859.3984,6100092,0.4651,-37879.70,1337.4241
6397466,1776084720,BTC,2500,2500,0.4722,-9.2067,0.0061,nan,-75859.4453,6100093,0.4651,-37879.72,1337.4241
6397467,1776084780,BTC,2500,2500,0.4722,-9.2067,0.0061,nan,-75859.4922,6100094,0.4651,-37879.75,1337.4241
6397468,1776084840,BTC,2500,2500,0.4722,-9.2067,0.0061,nan,-75859.5391,6100095,0.4651,-37879.77,1337.4241
6397469,1776084900,BTC,2500,2500,0.4722,-9.2067,0.0061,nan,-75859.5234,6100096,0.4651,-37879.76,1337.4241
6397470,1776084960,BTC,2500,2500,0.4722,-9.2067,0.0061,nan,-75859.5078,6100097,0.4651,-37879.75,1337.4241
6397471,1776085020,BTC,2500,2500,0.4722,-9.2067,0.0061,nan,-75859.5547,6100098,0.4651,-37879.78,1337.4241
6397472,1776085080,BTC,2500,2500,0.4722,-9.2067,0.0061,nan,-75859.5391,6100099,0.4651,-37879.77,1337.4241
6397473,1776085140,BTC,2500,2500,0.4722,-9.2067,0.0061,nan,-75859.5859,6100100,0.4651,-37879.79,1337.4241
6397474,1776085200,BTC,2500,2500,0.4722,-9.2067,0.0061,nan,-75859.6328,6100101,0.4651,-37879.82,1337.4241
6397475,1776085260,BTC,2500,2500,0.4722,-9.2067,0.0061,nan,-75859.6172,6100102,0.4651,-37879.81,1337.4241
6397476,1776085320,BTC,2500,2500,0.4722,-9.2067,0.0061,nan,-75859.6641,6100103,0.4651,-37879.83,1337.4241
6397477,1776085380,BTC,2500,2500,0.4722,-9.2067,0.0061,nan,-75859.6484,6100104,0.4651,-37879.82,1337.4241
6397478,1776085440,BTC,2500,2500,0.4722,-9.2067,0.0061,nan,-75859.6953,6100105,0.4651,-37879.85,1337.4241
6397479,1776085500,BTC,2500,2500,0.4722,-9.2067,0.0061,nan,-75859.6797,6100106,0.4651,-37879.84,1337.4241
6397480,1776085560,BTC,2500,2500,0.4722,-9.2067,0.0061,nan,-75859.6641,6100107,0.4651,-37879.83,1337.4241
6397481,1776085620,BTC,2500,2500,0.4722,-9.2067,0.0061,nan,-75859.6484,6100108,0.4651,-37879.82,1337.4241
6397482,1776085680,BTC,2500,2500,0.4722,-9.2067,0.0061,nan,-75859.6328,6100109,0.4651,-37879.82,1337.4241
6397483,1776085740,BTC,2500,2500,0.4722,-9.2067,0.0061,nan,-75859.6797,6100110,0.4651,-37879.84,1337.4241
6397484,1776085800,BTC,2500,2500,0.4722,-9.2067,0.0061,nan,-75859.7266,6100111,0.4651,-37879.86,1337.4241
6397485,1776085860,BTC,2500,2500,0.4722,-9.2067,0.0061,nan,-75859.7734,6100112,0.4651,-37879.89,1337.4241
6397486,1776085920,BTC,2500,2500,0.4722,-9.2067,0.0061,nan,-75859.8203,6100113,0.4651,-37879.91,1337.4241
6397487,1776085980,BTC,2500,2500,0.4722,-9.2067,0.0061,nan,-75859.8047,6100114,0.4651,-37879.90,1337.4241
6397488,1776086040,BTC,2500,2500,0.4722,-9.2067,0.0061,nan,-75859.8516,6100115,0.4651,-37879.93,1337.4241
6397489,1776086100,BTC,2500,2500,0.4722,-9.2067,0.0061,nan,-75859.8359,6100116,0.4651,-37879.92,1337.4241
6397490,1776086160,BTC,2500,2500,0.4722,-9.2067,0.0061,nan,-75859.8203,6100117,0.4651,-37879.91,1337.4241
6397491,1776086220,BTC,2500,2500,0.4722,-9.2067,0.0061,nan,-75859.8672,6100118,0.4651,-37879.93,1337.4241
6397492,1776086280,BTC,2500,2500,0.4722,-9.2067,0.0061,nan,-75859.8516,6100119,0.4651,-37879.93,1337.4241
6397493,1776086340,BTC,2500,2500,0.4722,-9.2067,0.0061,nan,-75859.8984,6100120,0.4651,-37879.95,1337.4241
6397494,1776086400,BTC,2500,2500,0.4722,-9.2067,0.0061,nan,-75859.8828,6100121,0.4651,-37879.94,1337.4241
6397495,1776086460,BTC,2500,2500,0.4722,-9.2067,0.0061,nan,-75859.8672,6100122,0.4651,-37879.93,1337.4241
6397496,1776086520,BTC,2500,2500,0.4722,-9.2067,0.0061,nan,-75859.9141,6100123,0.4651,-37879.96,1337.4241
6397497,1776086580,BTC,2500,2500,0.4722,-9.2067,0.0061,nan,-75859.8984,6100124,0.4651,-37879.95,1337.4241
6397498,1776086640,BTC,2500,2500,0.4722,-9.2067,0.0061,nan,-75859.9453,6100125,0.4651,-37879.97,1337.4241
6397499,1776086700,BTC,2500,2500,0.4722,-9.2067,0.0061,nan,-75859.9922,6100126,0.4651,-37880.00,1337.4241
6397500,1776086760,BTC,2500,2500,0.4722,-9.2067,0.0061,nan,-75860.0391,6100127,0.4651,-37880.02,1337.4241
6397501,1776086820,BTC,2500,2500,0.4722,-9.2067,0.0061,nan,-75860.0234,6100128,0.4651,-37880.01,1337.4241
6397502,1776086880,BTC,2500,2500,0.4722,-9.2067,0.0061,nan,-75860.0703,6100129,0.4651,-37880.04,1337.4241
6397503,1776086940,BTC,2500,2500,0.4722,-9.2067,0.0061,nan,-75860.0547,6100130,0.4651,-37880.03,1337.4241
6397504,1776087000,BTC,2500,2500,0.4722,-9.2067,0.0061,nan,-75860.0391,6100131,0.4651,-37880.02,1337.4241
6397505,1776087060,BTC,2500,2500,0.4722,-9.2067,0.0061,nan,-75860.0234,6100132,0.4651,-37880.01,1337.4241
6397506,1776087120,BTC,2500,2500,0.4722,-9.2067,0.0061,nan,-75860.0078,6100133,0.4651,-37880.00,1337.4241
6397507,1776087180,BTC,2500,2500,0.4722,-9.2067,0.0061,nan,-75859.9922,6100134,0.4651,-37880.00,1337.4241
6397508,1776087240,BTC,2500,2500,0.4722,-9.2067,0.0061,nan,-75860.0391,6100135,0.4651,-37880.02,1337.4241
6397509,1776087300,BTC,2500,2500,0.4722,-9.2067,0.0061,nan,-75860.0234,6100136,0.4651,-37880.01,1337.4241
6397510,1776087360,BTC,2500,2500,0.4722,-9.2067,0.0061,nan,-75860.0078,6100137,0.4651,-37880.00,1337.4241
6397511,1776087420,BTC,2500,2500,0.4722,-9.2067,0.0061,nan,-75859.9922,6100138,0.4651,-37880.00,1337.4241
6397512,1776087480,BTC,2500,2500,0.4722,-9.2067,0.0061,nan,-75859.9766,6100139,0.4651,-37879.99,1337.4241
6397513,1776087540,BTC,2500,2500,0.4722,-9.2067,0.0061,nan,-75859.9609,6100140,0.4651,-37879.98,1337.4241
6397514,1776087600,BTC,2500,2500,0.4722,-9.2067,0.0061,nan,-75859.9453,6100141,0.4651,-37879.97,1337.4241
6397515,1776087660,BTC,2500,2500,0.4722,-9.2067,0.0061,nan,-75859.9922,6100142,0.4651,-37880.00,1337.4241
6397516,1776087720,BTC,2500,2500,0.4722,-9.2067,0.0061,nan,-75860.0391,6100143,0.4651,-37880.02,1337.4241
6397517,1776087780,BTC,2500,2500,0.4722,-9.2067,0.0061,nan,-75860.0234,6100144,0.4651,-37880.01,1337.4241
6397518,1776087840,BTC,2500,2500,0.4722,-9.2067,0.0061,nan,-75860.0703,6100145,0.4651,-37880.04,1337.4241
6397519,1776087900,BTC,2500,2500,0.4722,-9.2067,0.0061,nan,-75860.0547,6100146,0.4651,-37880.03,1337.4241
6397520,1776087960,BTC,2500,2500,0.4722,-9.2067,0.0061,nan,-75860.1016,6100147,0.4651,-37880.05,1337.4241
6397521,1776088020,BTC,2500,2500,0.4722,-9.2067,0.0061,nan,-75860.0859,6100148,0.4651,-37880.04,1337.4241
6397522,1776088080,BTC,2500,2500,0.4722,-9.2067,0.0061,nan,-75860.1328,6100149,0.4651,-37880.07,1337.4241
6397523,1776088140,BTC,2500,2500,0.4722,-9.2067,0.0061,nan,-75860.1797,6100150,0.4651,-37880.09,1337.4241
6397524,1776088200,BTC,2500,2500,0.4722,-9.2067,0.0061,nan,-75860.1641,6100151,0.4651,-37880.08,1337.4241
6397525,1776088260,BTC,2500,2500,0.4722,-9.2067,0.0061,nan,-75860.1484,6100152,0.4651,-37880.07,1337.4241
6397526,1776088320,BTC,2500,2500,0.4722,-9.2067,0.0061,nan,-75860.1328,6100153,0.4651,-37880.07,1337.4241
6397527,1776088380,BTC,2500,2500,0.4722,-9.2067,0.0061,nan,-75860.1172,6100154,0.4651,-37880.06,1337.4241
6397528,1776088440,BTC,2500,2500,0.4722,-9.2067,0.0061,nan,-75860.1641,6100155,0.4651,-37880.08,1337.4241
6397529,1776088500,BTC,2500,2500,0.4722,-9.2067,0.0061,nan,-75860.1484,6100156,0.4651,-37880.07,1337.4241
6397530,1776088560,BTC,2500,2500,0.4722,-9.2067,0.0061,nan,-75860.1953,6100157,0.4651,-37880.10,1337.4241
6397531,1776088620,BTC,2500,2500,0.4722,-9.2067,0.0061,nan,-75860.2422,6100158,0.4651,-37880.12,1337.4241
6397532,1776088680,BTC,2500,2500,0.4722,-9.2067,0.0061,nan,-75860.2891,6100159,0.4651,-37880.14,1337.4241
6397533,1776088740,BTC,2500,2500,0.4722,-9.2067,0.0061,nan,-75860.3359,6100160,0.4651,-37880.17,1337.4241
6397534,1776088800,BTC,2500,2500,0.4722,-9.2067,0.0061,nan,-75860.3828,6100161,0.4651,-37880.19,1337.4241
6397535,1776088860,BTC,2500,2500,0.4722,-9.2067,0.0061,nan,-75860.3672,6100162,0.4651,-37880.18,1337.4241
6397536,1776088920,BTC,2500,2500,0.4722,-9.2067,0.0061,nan,-75860.3516,6100163,0.4651,-37880.18,1337.4241
6397537,1776088980,BTC,2500,2500,0.4722,-9.2067,0.0061,nan,-75860.3359,6100164,0.4651,-37880.17,1337.4241
6397538,1776089040,BTC,2500,2500,0.4722,-9.2067,0.0061,nan,-75860.3828,6100165,0.4651,-37880.19,1337.4241
6397539,1776089100,BTC,2500,2500,0.4722,-9.2067,0.0061,nan,-75860.3672,6100166,0.4651,-37880.18,1337.4241
6397540,1776089160,BTC,2500,2500,0.4722,-9.2067,0.0061,nan,-75860.4141,6100167,0.4651,-37880.21,1337.4241
6397541,1776089220,BTC,2500,2500,0.4722,-9.2067,0.0061,nan,-75860.3984,6100168,0.4651,-37880.20,1337.4241
6397542,1776089280,BTC,2500,2500,0.4722,-9.2067,0.0061,nan,-75860.3828,6100169,0.4651,-37880.19,1337.4241
6397543,1776089340,BTC,2500,2500,0.4722,-9.2067,0.0061,nan,-75860.3672,6100170,0.4651,-37880.18,1337.4241
6397544,1776089400,BTC,2500,2500,0.4722,-9.2067,0.0061,nan,-75860.4141,6100171,0.4651,-37880.21,1337.4241
6397545,1776089460,BTC,2500,2500,0.4722,-9.2067,0.0061,nan,-75860.4609,6100172,0.4651,-37880.23,1337.4241
6397546,1776089520,BTC,2500,2500,0.4722,-9.2067,0.0061,nan,-75860.4453,6100173,0.4651,-37880.22,1337.4241
6397547,1776089580,BTC,2500,2500,0.4722,-9.2067,0.0061,nan,-75860.4297,6100174,0.4651,-37880.21,1337.4241
6397548,1776089640,BTC,2500,2500,0.4722,-9.2067,0.0061,nan,-75860.4766,6100175,0.4651,-37880.24,1337.4241
6397549,1776089700,BTC,2500,2500,0.4722,-9.2067,0.0061,nan,-75860.5234,6100176,0.4651,-37880.26,1337.4241
6397550,1776089760,BTC,2500,2500,0.4722,-9.2067,0.0061,nan,-75860.5703,6100177,0.4651,-37880.29,1337.4241
6397551,1776089820,BTC,2500,2500,0.4722,-9.2067,0.0061,nan,-75860.5547,6100178,0.4651,-37880.28,1337.4241
6397552,1776089880,BTC,2500,2500,0.4722,-9.2067,0.0061,nan,-75860.5391,6100179,0.4651,-37880.27,1337.4241
6397553,1776089940,BTC,2500,2500,0.4722,-9.2067,0.0061,nan,-75860.5859,6100180,0.4651,-37880.29,1337.4241
6397554,1776090000,BTC,2500,2500,0.4722,-9.2067,0.0061,nan,-75860.6328,6100181,0.4651,-37880.32,1337.4241
6397555,1776090060,BTC,2500,2500,0.4722,-9.2067,0.0061,nan,-75860.6797,6100182,0.4651,-37880.34,1337.4241
6397556,1776090120,BTC,2500,2500,0.4722,-9.2067,0.0061,nan,-75860.6641,6100183,0.4651,-37880.33,1337.4241
6397557,1776090180,BTC,2500,2500,0.4722,-9.2067,0.0061,nan,-75860.7109,6100184,0.4651,-37880.36,1337.4241
6397558,1776090240,BTC,2500,2500,0.4722,-9.2067,0.0061,nan,-75860.7578,6100185,0.4651,-37880.38,1337.4241
6397559,1776090300,BTC,2500,2500,0.4722,-9.2067,0.0061,nan,-75860.8047,6100186,0.4651,-37880.40,1337.4241
6397560,1776090360,BTC,2500,2500,0.4722,-9.2067,0.0061,nan,-75860.8516,6100187,0.4651,-37880.43,1337.4241
6397561,1776090420,BTC,2500,2500,0.4722,-9.2067,0.0061,nan,-75860.8359,6100188,0.4651,-37880.42,1337.4241
6397562,1776090480,BTC,2500,2500,0.4722,-9.2067,0.0061,nan,-75860.8203,6100189,0.4651,-37880.41,1337.4241
6397563,1776090540,BTC,2500,2500,0.4722,-9.2067,0.0061,nan,-75860.8672,6100190,0.4651,-37880.43,1337.4241
6397564,1776090600,BTC,2500,2500,0.4722,-9.2067,0.0061,nan,-75860.9141,6100191,0.4651,-37880.46,1337.4241
6397565,1776090660,BTC,2500,2500,0.4722,-9.2067,0.0061,nan,-75860.9609,6100192,0.4651,-37880.48,1337.4241
6397566,1776090720,BTC,2500,2500,0.4722,-9.2067,0.0061,nan,-75860.9453,6100193,0.4651,-37880.47,1337.4241
6397567,1776090780,BTC,2500,2500,0.4722,-9.2067,0.0061,nan,-75860.9922,6100194,0.4651,-37880.50,1337.4241
6397568,1776090840,BTC,2500,2500,0.4722,-9.2067,0.0061,nan,-75861.0391,6100195,0.4651,-37880.52,1337.4241
6397569,1776090900,BTC,2500,2500,0.4722,-9.2067,0.0061,nan,-75861.0234,6100196,0.4651,-37880.51,1337.4241
6397570,1776090960,BTC,2500,2500,0.4722,-9.2067,0.0061,nan,-75861.0078,6100197,0.4651,-37880.50,1337.4241
6397571,1776091020,BTC,2500,2500,0.4722,-9.2067,0.0061,nan,-75860.9922,6100198,0.4651,-37880.50,1337.4241
6397572,1776091080,BTC,2500,2500,0.4722,-9.2067,0.0061,nan,-75860.9766,6100199,0.4651,-37880.49,1337.4241
6397573,1776091140,BTC,2500,2500,0.4722,-9.2067,0.0061,nan,-75861.0234,6100200,0.4651,-37880.51,1337.4241
6397574,1776091200,BTC,2500,2500,0.4722,-9.2067,0.0061,nan,-75861.0703,6100201,0.4651,-37880.54,1337.4241
6397575,1776091260,BTC,2500,2500,0.4722,-9.2067,0.0061,nan,-75861.1172,6100202,0.4651,-37880.56,1337.4241
6397576,1776091320,BTC,2500,2500,0.4722,-9.2067,0.0061,nan,-75861.1641,6100203,0.4651,-37880.58,1337.4241
6397577,1776091380,BTC,2500,2500,0.4722,-9.2067,0.0061,nan,-75861.2109,6100204,0.4651,-37880.61,1337.4241
6397578,1776091440,BTC,2500,2500,0.4722,-9.2067,0.0061,nan,-75861.2578,6100205,0.4651,-37880.63,1337.4241
6397579,1776091500,BTC,2500,2500,0.4722,-9.2067,0.0061,nan,-75861.3047,6100206,0.4651,-37880.65,1337.4241
6397580,1776091560,BTC,2500,2500,0.4722,-9.2067,0.0061,nan,-75861.3516,6100207,0.4651,-37880.68,1337.4241
6397581,1776091620,BTC,2500,2500,0.4722,-9.2067,0.0061,nan,-75861.3984,6100208,0.4651,-37880.70,1337.4241
6397582,1776091680,BTC,2500,2500,0.4722,-9.2067,0.0061,nan,-75861.4453,6100209,0.4651,-37880.72,1337.4241
6397583,1776091740,BTC,2500,2500,0.4722,-9.2067,0.0061,nan,-75861.4453,6100209,0.4651,-37880.72,1337.4241
6397584,1776091800,BTC,2500,2500,0.4722,-9.2067,0.0061,nan,-75861.4453,6100209,0.4651,-37880.72,1337.4241
6397585,1776091860,BTC,2500,2500,0.4722,-9.2067,0.0061,nan,-75861.4453,6100209,0.4651,-37880.72,1337.4241
6397586,1776091920,BTC,2500,2500,0.4722,-9.2067,0.0061,nan,-75861.4453,6100209,0.4651,-37880.72,1337.4241
6397587,1776091980,BTC,2500,2500,0.4722,-9.2067,0.0061,nan,-75861.4453,6100209,0.4651,-37880.72,1337.4241
6397588,1776092040,BTC,2500,2500,0.4722,-9.2067,0.0061,nan,-75861.4453,6100209,0.4651,-37880.72,1337.4241
6397589,1776092100,BTC,2500,2500,0.4722,-9.2067,0.0061,nan,-75861.4453,6100209,0.4651,-37880.72,1337.4241
6397590,1776092160,BTC,2500,2500,0.4722,-9.2067,0.0061,nan,-75861.4453,6100209,0.4651,-37880.72,1337.4241
6397591,1776092220,BTC,2500,2500,0.4722,-9.2067,0.0061,nan,-75861.4453,6100209,0.4651,-37880.72,1337.4241
6397592,1776092280,BTC,2500,2500,0.4722,-9.2067,0.0061,nan,-75861.4453,6100209,0.4651,-37880.72,1337.4241
6397593,1776092340,BTC,2500,2500,0.4722,-9.2067,0.0061,nan,-75861.4453,6100209,0.4651,-37880.72,1337.4241
6397594,1776092400,BTC,2500,2500,0.4722,-9.2067,0.0061,nan,-75861.4453,6100209,0.4651,-37880.72,1337.4241
6397595,1776092460,BTC,2500,2500,0.4722,-9.2067,0.0061,nan,-75861.4453,6100209,0.4651,-37880.72,1337.4241
6397596,1776092520,BTC,2500,2500,0.4722,-9.2067,0.0061,nan,-75861.4453,6100209,0.4651,-37880.72,1337.4241
6397597,1776092580,BTC,2500,2500,0.4722,-9.2067,0.0061,nan,-75861.4453,6100209,0.4651,-37880.72,1337.4241
6397598,1776092640,BTC,2500,2500,0.4722,-9.2067,0.0061,nan,-75861.4453,6100209,0.4651,-37880.72,1337.4241
6397599,1776092700,BTC,2500,2500,0.4722,-9.2067,0.0061,nan,-75861.4453,6100209,0.4651,-37880.72,1337.4241
6397600,1776092760,BTC,2500,2500,0.4722,-9.2067,0.0061,nan,-75861.4453,6100209,0.4651,-37880.72,1337.4241
6397601,1776092820,BTC,2500,2500,0.4722,-9.2067,0.0061,nan,-75861.4453,6100209,0.4651,-37880.72,1337.4241
6397602,1776092880,BTC,2500,2500,0.4722,-9.2067,0.0061,nan,-75861.4453,6100209,0.4651,-37880.72,1337.4241
6397603,1776092940,BTC,2500,2500,0.4722,-9.2067,0.0061,nan,-75861.4453,6100209,0.4651,-37880.72,1337.4241
6397604,1776093000,BTC,2500,2500,0.4722,-9.2067,0.0061,nan,-75861.4453,6100209,0.4651,-37880.72,1337.4241
6397605,1776093060,BTC,2500,2500,0.4722,-9.2067,0.0061,nan,-75861.4453,6100209,0.4651,-37880.72,1337.4241
6397606,1776093120,BTC,2500,2500,0.4722,-9.2067,0.0061,nan,-75861.4453,6100209,0.4651,-37880.72,1337.4241
6397607,1776093180,BTC,2500,2500,0.4722,-9.2067,0.0061,nan,-75861.4453,6100209,0.4651,-37880.72,1337.4241
6397608,1776093240,BTC,2500,2500,0.4722,-9.2067,0.0061,nan,-75861.4453,6100209,0.4651,-37880.72,1337.4241
6397609,1776093300,BTC,2500,2500,0.4722,-9.2067,0.0061,nan,-75861.4453,6100209,0.4651,-37880.72,1337.4241
6397610,1776093360,BTC,2500,2500,0.4722,-9.2067,0.0061,nan,-75861.4453,6100209,0.4651,-37880.72,1337.4241
6397611,1776093420,BTC,2500,2500,0.4722,-9.2067,0.0061,nan,-75861.4453,6100209,0.4651,-37880.72,1337.4241
6397612,1776093480,BTC,2500,2500,0.4722,-9.2067,0.0061,nan,-75861.4453,6100209,0.4651,-37880.72,1337.4241
6397613,1776093540,BTC,2500,2500,0.4722,-9.2067,0.0061,nan,-75861.4453,6100209,0.4651,-37880.72,1337.4241
6397614,1776093600,BTC,2500,2500,0.4722,-9.2067,0.0061,nan,-75861.4453,6100209,0.4651,-37880.72,1337.4241
6397615,1776093660,BTC,2500,2500,0.4722,-9.2067,0.0061,nan,-75861.4453,6100209,0.4651,-37880.72,1337.4241
6397616,1776093720,BTC,2500,2500,0.4722,-9.2067,0.0061,nan,-75861.4453,6100209,0.4651,-37880.72,1337.4241
6397617,1776093780,BTC,2500,2500,0.4722,-9.2067,0.0061,nan,-75861.4453,6100209,0.4651,-37880.72,1337.4241
6397618,1776093840,BTC,2500,2500,0.4722,-9.2067,0.0061,nan,-75861.4453,6100209,0.4651,-37880.72,1337.4241
6397619,1776093900,BTC,2500,2500,0.4722,-9.2067,0.0061,nan,-75861.4453,6100209,0.4651,-37880.72,1337.4241
6397620,1776093960,BTC,2500,2500,0.4722,-9.2067,0.0061,nan,-75861.4453,6100209,0.4651,-37880.72,1337.4241
6397621,1776094020,BTC,2500,2500,0.4722,-9.2067,0.0061,nan,-75861.4453,6100209,0.4651,-37880.72,1337.4241
6397622,1776094080,BTC,2500,2500,0.4722,-9.2067,0.0061,nan,-75861.4453,6100209,0.4651,-37880.72,1337.4241
6397623,1776094140,BTC,2500,2500,0.4722,-9.2067,0.0061,nan,-75861.4453,6100209,0.4651,-37880.72,1337.4241
6397624,1776094200,BTC,2500,2500,0.4722,-9.2067,0.0061,nan,-75861.4453,6100209,0.4651,-37880.72,1337.4241
6397625,1776094260,BTC,2500,2500,0.4722,-9.2067,0.0061,nan,-75861.4453,6100209,0.4651,-37880.72,1337.4241
6397626,1776094320,BTC,2500,2500,0.4722,-9.2067,0.0061,nan,-75861.4453,6100209,0.4651,-37880.72,1337.4241
6397627,1776094380,BTC,2500,2500,0.4722,-9.2067,0.0061,nan,-75861.4453,6100209,0.4651,-37880.72,1337.4241
6397628,1776094440,BTC,2500,2500,0.4722,-9.2067,0.0061,nan,-75861.4453,6100209,0.4651,-37880.72,1337.4241
6397629,1776094500,BTC,2500,2500,0.4722,-9.2067,0.0061,nan,-75861.4453,6100209,0.4651,-37880.72,1337.4241
6397630,1776094560,BTC,2500,2500,0.4722,-9.2067,0.0061,nan,-75861.4453,6100209,0.4651,-37880.72,1337.4241
6397631,1776094620,BTC,2500,2500,0.4722,-9.2067,0.0061,nan,-75861.4453,6100209,0.4651,-37880.72,1337.4241
6397632,1776094680,BTC,2500,2500,0.4722,-9.2067,0.0061,nan,-75861.4453,6100209,0.4651,-37880.72,1337.4241
6397633,1776094740,BTC,2500,2500,0.4722,-9.2067,0.0061,nan,-75861.4453,6100209,0.4651,-37880.72,1337.4241
6397634,1776094800,BTC,2500,2500,0.4722,-9.2067,0.0061,nan,-75861.4922,6100210,0.4651,-37880.75,1337.4241
6397635,1776094860,BTC,2500,2500,0.4722,-9.2067,0.0061,nan,-75861.5391,6100211,0.4651,-37880.77,1337.4241
6397636,1776094920,BTC,2500,2500,0.4722,-9.2067,0.0061,nan,-75861.5234,6100212,0.4651,-37880.76,1337.4241
6397637,1776094980,BTC,2500,2500,0.4722,-9.2067,0.0061,nan,-75861.5703,6100213,0.4651,-37880.79,1337.4241
6397638,1776095040,BTC,2500,2500,0.4722,-9.2067,0.0061,nan,-75861.6172,6100214,0.4651,-37880.81,1337.4241
6397639,1776095100,BTC,2500,2500,0.4722,-9.2067,0.0061,nan,-75861.6641,6100215,0.4651,-37880.83,1337.4241
6397640,1776095160,BTC,2500,2500,0.4722,-9.2067,0.0061,nan,-75861.7109,6100216,0.4651,-37880.86,1337.4241
6397641,1776095220,BTC,2500,2500,0.4722,-9.2067,0.0061,nan,-75861.6953,6100217,0.4651,-37880.85,1337.4241
6397642,1776095280,BTC,2500,2500,0.4722,-9.2067,0.0061,nan,-75861.7422,6100218,0.4651,-37880.87,1337.4241
6397643,1776095340,BTC,2500,2500,0.4722,-9.2067,0.0061,nan,-75861.7266,6100219,0.4651,-37880.86,1337.4241
6397644,1776095400,BTC,2500,2500,0.4722,-9.2067,0.0061,nan,-75861.7109,6100220,0.4651,-37880.86,1337.4241
6397645,1776095460,BTC,2500,2500,0.4722,-9.2067,0.0061,nan,-75861.7578,6100221,0.4651,-37880.88,1337.4241
6397646,1776095520,BTC,2500,2500,0.4722,-9.2067,0.0061,nan,-75861.7422,6100222,0.4651,-37880.87,1337.4241
6397647,1776095580,BTC,2500,2500,0.4722,-9.2067,0.0061,nan,-75861.7891,6100223,0.4651,-37880.89,1337.4241
6397648,1776095640,BTC,2500,2500,0.4722,-9.2067,0.0061,nan,-75861.7734,6100224,0.4651,-37880.89,1337.4241
6397649,1776095700,BTC,2500,2500,0.4722,-9.2067,0.0061,nan,-75861.8203,6100225,0.4651,-37880.91,1337.4241
6397650,1776095760,BTC,2500,2500,0.4722,-9.2067,0.0061,nan,-75861.8047,6100226,0.4651,-37880.90,1337.4241
6397651,1776095820,BTC,2500,2500,0.4722,-9.2067,0.0061,nan,-75861.8516,6100227,0.4651,-37880.93,1337.4241
6397652,1776095880,BTC,2500,2500,0.4722,-9.2067,0.0061,nan,-75861.8984,6100228,0.4651,-37880.95,1337.4241
6397653,1776095940,BTC,2500,2500,0.4722,-9.2067,0.0061,nan,-75861.9453,6100229,0.4651,-37880.97,1337.4241
6397654,1776096000,BTC,2500,2500,0.4722,-9.2067,0.0061,nan,-75861.9922,6100230,0.4651,-37881.00,1337.4241
6397655,1776096060,BTC,2500,2500,0.4722,-9.2067,0.0061,nan,-75861.9766,6100231,0.4651,-37880.99,1337.4241
6397656,1776096120,BTC,2500,2500,0.4722,-9.2067,0.0061,nan,-75861.9609,6100232,0.4651,-37880.98,1337.4241
6397657,1776096180,BTC,2500,2500,0.4722,-9.2067,0.0061,nan,-75861.9453,6100233,0.4651,-37880.97,1337.4241
6397658,1776096240,BTC,2500,2500,0.4722,-9.2067,0.0061,nan,-75861.9297,6100234,0.4651,-37880.96,1337.4241
6397659,1776096300,BTC,2500,2500,0.4722,-9.2067,0.0061,nan,-75861.9766,6100235,0.4651,-37880.99,1337.4241
6397660,1776096360,BTC,2500,2500,0.4722,-9.2067,0.0061,nan,-75862.0234,6100236,0.4651,-37881.01,1337.4241
6397661,1776096420,BTC,2500,2500,0.4722,-9.2067,0.0061,nan,-75862.0078,6100237,0.4651,-37881.00,1337.4241
6397662,1776096480,BTC,2500,2500,0.4722,-9.2067,0.0061,nan,-75862.0547,6100238,0.4651,-37881.03,1337.4241
6397663,1776096540,BTC,2500,2500,0.4722,-9.2067,0.0061,nan,-75862.1016,6100239,0.4651,-37881.05,1337.4241
6397664,1776096600,BTC,2500,2500,0.4722,-9.2067,0.0061,nan,-75862.1484,6100240,0.4651,-37881.07,1337.4241
6397665,1776096660,BTC,2500,2500,0.4722,-9.2067,0.0061,nan,-75862.1953,6100241,0.4651,-37881.10,1337.4241
6397666,1776096720,BTC,2500,2500,0.4722,-9.2067,0.0061,nan,-75862.1797,6100242,0.4651,-37881.09,1337.4241
6397667,1776096780,BTC,2500,2500,0.4722,-9.2067,0.0061,nan,-75862.2266,6100243,0.4651,-37881.11,1337.4241
6397668,1776096840,BTC,2500,2500,0.4722,-9.2067,0.0061,nan,-75862.2734,6100244,0.4651,-37881.14,1337.4241
6397669,1776096900,BTC,2500,2500,0.4722,-9.2067,0.0061,nan,-75862.2578,6100245,0.4651,-37881.13,1337.4241
6397670,1776096960,BTC,2500,2500,0.4722,-9.2067,0.0061,nan,-75862.3047,6100246,0.4651,-37881.15,1337.4241
6397671,1776097020,BTC,2500,2500,0.4722,-9.2067,0.0061,nan,-75862.3516,6100247,0.4651,-37881.18,1337.4241
6397672,1776097080,BTC,2500,2500,0.4722,-9.2067,0.0061,nan,-75862.3984,6100248,0.4651,-37881.20,1337.4241
6397673,1776097140,BTC,2500,2500,0.4722,-9.2067,0.0061,nan,-75862.3828,6100249,0.4651,-37881.19,1337.4241
6397674,1776097200,BTC,2500,2500,0.4722,-9.2067,0.0061,nan,-75862.3672,6100250,0.4651,-37881.18,1337.4241
6397675,1776097260,BTC,2500,2500,0.4722,-9.2067,0.0061,nan,-75862.4141,6100251,0.4651,-37881.21,1337.4241
6397676,1776097320,BTC,2500,2500,0.4722,-9.2067,0.0061,nan,-75862.3984,6100252,0.4651,-37881.20,1337.4241
6397677,1776097380,BTC,2500,2500,0.4722,-9.2067,0.0061,nan,-75862.4453,6100253,0.4651,-37881.22,1337.4241
6397678,1776097440,BTC,2500,2500,0.4722,-9.2067,0.0061,nan,-75862.4922,6100254,0.4651,-37881.25,1337.4241
6397679,1776097500,BTC,2500,2500,0.4722,-9.2067,0.0061,nan,-75862.5391,6100255,0.4651,-37881.27,1337.4241
6397680,1776097560,BTC,2500,2500,0.4722,-9.2067,0.0061,nan,-75862.5234,6100256,0.4651,-37881.26,1337.4241
6397681,1776097620,BTC,2500,2500,0.4722,-9.2067,0.0061,nan,-75862.5078,6100257,0.4651,-37881.25,1337.4241
6397682,1776097680,BTC,2500,2500,0.4722,-9.2067,0.0061,nan,-75862.5547,6100258,0.4651,-37881.28,1337.4241
6397683,1776097740,BTC,2500,2500,0.4722,-9.2067,0.0061,nan,-75862.6016,6100259,0.4651,-37881.30,1337.4241
6397684,1776097800,BTC,2500,2500,0.4722,-9.2067,0.0061,nan,-75862.6484,6100260,0.4651,-37881.32,1337.4241
6397685,1776097860,BTC,2500,2500,0.4722,-9.2067,0.0061,nan,-75862.6328,6100261,0.4651,-37881.32,1337.4241
6397686,1776097920,BTC,2500,2500,0.4722,-9.2067,0.0061,nan,-75862.6172,6100262,0.4651,-37881.31,1337.4241
6397687,1776097980,BTC,2500,2500,0.4722,-9.2067,0.0061,nan,-75862.6641,6100263,0.4651,-37881.33,1337.4241
6397688,1776098040,BTC,2500,2500,0.4722,-9.2067,0.0061,nan,-75862.6484,6100264,0.4651,-37881.32,1337.4241
6397689,1776098100,BTC,2500,2500,0.4722,-9.2067,0.0061,nan,-75862.6953,6100265,0.4651,-37881.35,1337.4241
6397690,1776098160,BTC,2500,2500,0.4722,-9.2067,0.0061,nan,-75862.7422,6100266,0.4651,-37881.37,1337.4241
6397691,1776098220,BTC,2500,2500,0.4722,-9.2067,0.0061,nan,-75862.7266,6100267,0.4651,-37881.36,1337.4241
6397692,1776098280,BTC,2500,2500,0.4722,-9.2067,0.0061,nan,-75862.7109,6100268,0.4651,-37881.36,1337.4241
6397693,1776098340,BTC,2500,2500,0.4722,-9.2067,0.0061,nan,-75862.7578,6100269,0.4651,-37881.38,1337.4241
6397694,1776098400,BTC,2500,2500,0.4722,-9.2067,0.0061,nan,-75862.8047,6100270,0.4651,-37881.40,1337.4241
6397695,1776098460,BTC,2500,2500,0.4722,-9.2067,0.0061,nan,-75862.7891,6100271,0.4651,-37881.39,1337.4241
6397696,1776098520,BTC,2500,2500,0.4722,-9.2067,0.0061,nan,-75862.7734,6100272,0.4651,-37881.39,1337.4241
6397697,1776098580,BTC,2500,2500,0.4722,-9.2067,0.0061,nan,-75862.8203,6100273,0.4651,-37881.41,1337.4241
6397698,1776098640,BTC,2500,2500,0.4722,-9.2067,0.0061,nan,-75862.8672,6100274,0.4651,-37881.43,1337.4241
6397699,1776098700,BTC,2500,2500,0.4722,-9.2067,0.0061,nan,-75862.8516,6100275,0.4651,-37881.43,1337.4241
6397700,1776098760,BTC,2500,2500,0.4722,-9.2067,0.0061,nan,-75862.8984,6100276,0.4651,-37881.45,1337.4241
6397701,1776098820,BTC,2500,2500,0.4722,-9.2067,0.0061,nan,-75862.9453,6100277,0.4651,-37881.47,1337.4241
6397702,1776098880,BTC,2500,2500,0.4722,-9.2067,0.0061,nan,-75862.9297,6100278,0.4651,-37881.46,1337.4241
6397703,1776098940,BTC,2500,2500,0.4722,-9.2067,0.0061,nan,-75862.9141,6100279,0.4651,-37881.46,1337.4241
6397704,1776099000,BTC,2500,2500,0.4722,-9.2067,0.0061,nan,-75862.9609,6100280,0.4651,-37881.48,1337.4241
6397705,1776099060,BTC,2500,2500,0.4722,-9.2067,0.0061,nan,-75862.9453,6100281,0.4651,-37881.47,1337.4241
6397706,1776099120,BTC,2500,2500,0.4722,-9.2067,0.0061,nan,-75862.9297,6100282,0.4651,-37881.46,1337.4241
6397707,1776099180,BTC,2500,2500,0.4722,-9.2067,0.0061,nan,-75862.9141,6100283,0.4651,-37881.46,1337.4241
6397708,1776099240,BTC,2500,2500,0.4722,-9.2067,0.0061,nan,-75862.8984,6100284,0.4651,-37881.45,1337.4241
6397709,1776099300,BTC,2500,2500,0.4722,-9.2067,0.0061,nan,-75862.8828,6100285,0.4651,-37881.44,1337.4241
6397710,1776099360,BTC,2500,2500,0.4722,-9.2067,0.0061,nan,-75862.9297,6100286,0.4651,-37881.46,1337.4241
6397711,1776099420,BTC,2500,2500,0.4722,-9.2067,0.0061,nan,-75862.9766,6100287,0.4651,-37881.49,1337.4241
6397712,1776099480,BTC,2500,2500,0.4722,-9.2067,0.0061,nan,-75863.0234,6100288,0.4651,-37881.51,1337.4241
6397713,1776099540,BTC,2500,2500,0.4722,-9.2067,0.0061,nan,-75863.0703,6100289,0.4651,-37881.54,1337.4241
6397714,1776099600,BTC,2500,2500,0.4722,-9.2067,0.0061,nan,-75863.1172,6100290,0.4651,-37881.56,1337.4241
6397715,1776099660,BTC,2500,2500,0.4722,-9.2067,0.0061,nan,-75863.1641,6100291,0.4651,-37881.58,1337.4241
6397716,1776099720,BTC,2500,2500,0.4722,-9.2067,0.0061,nan,-75863.2109,6100292,0.4651,-37881.61,1337.4241
6397717,1776099780,BTC,2500,2500,0.4722,-9.2067,0.0061,nan,-75863.1953,6100293,0.4651,-37881.60,1337.4241
6397718,1776099840,BTC,2500,2500,0.4722,-9.2067,0.0061,nan,-75863.2422,6100294,0.4651,-37881.62,1337.4241
6397719,1776099900,BTC,2500,2500,0.4722,-9.2067,0.0061,nan,-75863.2891,6100295,0.4651,-37881.64,1337.4241
6397720,1776099960,BTC,2500,2500,0.4722,-9.2067,0.0061,nan,-75863.2734,6100296,0.4651,-37881.64,1337.4241
6397721,1776100020,BTC,2500,2500,0.4722,-9.2067,0.0061,nan,-75863.2578,6100297,0.4651,-37881.63,1337.4241
6397722,1776100080,BTC,2500,2500,0.4722,-9.2067,0.0061,nan,-75863.2422,6100298,0.4651,-37881.62,1337.4241
6397723,1776100140,BTC,2500,2500,0.4722,-9.2067,0.0061,nan,-75863.2891,6100299,0.4651,-37881.64,1337.4241
6397724,1776100200,BTC,2500,2500,0.4722,-9.2067,0.0061,nan,-75863.3359,6100300,0.4651,-37881.67,1337.4241
6397725,1776100260,BTC,2500,2500,0.4722,-9.2067,0.0061,nan,-75863.3828,6100301,0.4651,-37881.69,1337.4241
6397726,1776100320,BTC,2500,2500,0.4722,-9.2067,0.0061,nan,-75863.3672,6100302,0.4651,-37881.68,1337.4241
6397727,1776100380,BTC,2500,2500,0.4722,-9.2067,0.0061,nan,-75863.3516,6100303,0.4651,-37881.68,1337.4241
6397728,1776100440,BTC,2500,2500,0.4722,-9.2067,0.0061,nan,-75863.3359,6100304,0.4651,-37881.67,1337.4241
6397729,1776100500,BTC,2500,2500,0.4722,-9.2067,0.0061,nan,-75863.3203,6100305,0.4651,-37881.66,1337.4241
6397730,1776100560,BTC,2500,2500,0.4722,-9.2067,0.0061,nan,-75863.3672,6100306,0.4651,-37881.68,1337.4241
6397731,1776100620,BTC,2500,2500,0.4722,-9.2067,0.0061,nan,-75863.4141,6100307,0.4651,-37881.71,1337.4241
6397732,1776100680,BTC,2500,2500,0.4722,-9.2067,0.0061,nan,-75863.3984,6100308,0.4651,-37881.70,1337.4241
6397733,1776100740,BTC,2500,2500,0.4722,-9.2067,0.0061,nan,-75863.4453,6100309,0.4651,-37881.72,1337.4241
6397734,1776100800,BTC,2500,2500,0.4722,-9.2067,0.0061,nan,-75863.4297,6100310,0.4651,-37881.71,1337.4241
6397735,1776100860,BTC,2500,2500,0.4722,-9.2067,0.0061,nan,-75863.4766,6100311,0.4651,-37881.74,1337.4241
6397736,1776100920,BTC,2500,2500,0.4722,-9.2067,0.0061,nan,-75863.4609,6100312,0.4651,-37881.73,1337.4241
6397737,1776100980,BTC,2500,2500,0.4722,-9.2067,0.0061,nan,-75863.5078,6100313,0.4651,-37881.75,1337.4241
6397738,1776101040,BTC,2500,2500,0.4722,-9.2067,0.0061,nan,-75863.4922,6100314,0.4651,-37881.75,1337.4241
6397739,1776101100,BTC,2500,2500,0.4722,-9.2067,0.0061,nan,-75863.5391,6100315,0.4651,-37881.77,1337.4241
6397740,1776101160,BTC,2500,2500,0.4722,-9.2067,0.0061,nan,-75863.5859,6100316,0.4651,-37881.79,1337.4241
6397741,1776101220,BTC,2500,2500,0.4722,-9.2067,0.0061,nan,-75863.6328,6100317,0.4651,-37881.82,1337.4241
6397742,1776101280,BTC,2500,2500,0.4722,-9.2067,0.0061,nan,-75863.6797,6100318,0.4651,-37881.84,1337.4241
6397743,1776101340,BTC,2500,2500,0.4722,-9.2067,0.0061,nan,-75863.7266,6100319,0.4651,-37881.86,1337.4241
6397744,1776101400,BTC,2500,2500,0.4722,-9.2067,0.0061,nan,-75863.7734,6100320,0.4651,-37881.89,1337.4241
6397745,1776101460,BTC,2500,2500,0.4722,-9.2067,0.0061,nan,-75863.8203,6100321,0.4651,-37881.91,1337.4241
6397746,1776101520,BTC,2500,2500,0.4722,-9.2067,0.0061,nan,-75863.8672,6100322,0.4651,-37881.93,1337.4241
6397747,1776101580,BTC,2500,2500,0.4722,-9.2067,0.0061,nan,-75863.8516,6100323,0.4651,-37881.93,1337.4241
6397748,1776101640,BTC,2500,2500,0.4722,-9.2067,0.0061,nan,-75863.8359,6100324,0.4651,-37881.92,1337.4241
6397749,1776101700,BTC,2500,2500,0.4722,-9.2067,0.0061,nan,-75863.8828,6100325,0.4651,-37881.94,1337.4241
6397750,1776101760,BTC,2500,2500,0.4722,-9.2067,0.0061,nan,-75863.9297,6100326,0.4651,-37881.96,1337.4241
6397751,1776101820,BTC,2500,2500,0.4722,-9.2067,0.0061,nan,-75863.9141,6100327,0.4651,-37881.96,1337.4241
6397752,1776101880,BTC,2500,2500,0.4722,-9.2067,0.0061,nan,-75863.8984,6100328,0.4651,-37881.95,1337.4241
6397753,1776101940,BTC,2500,2500,0.4722,-9.2067,0.0061,nan,-75863.9453,6100329,0.4651,-37881.97,1337.4241
6397754,1776102000,BTC,2500,2500,0.4722,-9.2067,0.0061,nan,-75863.9297,6100330,0.4651,-37881.96,1337.4241
6397755,1776102060,BTC,2500,2500,0.4722,-9.2067,0.0061,nan,-75863.9766,6100331,0.4651,-37881.99,1337.4241
6397756,1776102120,BTC,2500,2500,0.4722,-9.2067,0.0061,nan,-75864.0234,6100332,0.4651,-37882.01,1337.4241
6397757,1776102180,BTC,2500,2500,0.4722,-9.2067,0.0061,nan,-75864.0703,6100333,0.4651,-37882.04,1337.4241
6397758,1776102240,BTC,2500,2500,0.4722,-9.2067,0.0061,nan,-75864.0547,6100334,0.4651,-37882.03,1337.4241
6397759,1776102300,BTC,2500,2500,0.4722,-9.2067,0.0061,nan,-75864.1016,6100335,0.4651,-37882.05,1337.4241
6397760,1776102360,BTC,2500,2500,0.4722,-9.2067,0.0061,nan,-75864.1484,6100336,0.4651,-37882.07,1337.4241
6397761,1776102420,BTC,2500,2500,0.4722,-9.2067,0.0061,nan,-75864.1328,6100337,0.4651,-37882.07,1337.4241
6397762,1776102480,BTC,2500,2500,0.4722,-9.2067,0.0061,nan,-75864.1172,6100338,0.4651,-37882.06,1337.4241
6397763,1776102540,BTC,2500,2500,0.4722,-9.2067,0.0061,nan,-75864.1016,6100339,0.4651,-37882.05,1337.4241
6397764,1776102600,BTC,2500,2500,0.4722,-9.2067,0.0061,nan,-75864.0859,6100340,0.4651,-37882.04,1337.4241
6397765,1776102660,BTC,2500,2500,0.4722,-9.2067,0.0061,nan,-75864.0703,6100341,0.4651,-37882.04,1337.4241
6397766,1776102720,BTC,2500,2500,0.4722,-9.2067,0.0061,nan,-75864.0547,6100342,0.4651,-37882.03,1337.4241
6397767,1776102780,BTC,2500,2500,0.4722,-9.2067,0.0061,nan,-75864.1016,6100343,0.4651,-37882.05,1337.4241
6397768,1776102840,BTC,2500,2500,0.4722,-9.2067,0.0061,nan,-75864.0859,6100344,0.4651,-37882.04,1337.4241
6397769,1776102900,BTC,2500,2500,0.4722,-9.2067,0.0061,nan,-75864.0703,6100345,0.4651,-37882.04,1337.4241
6397770,1776102960,BTC,2500,2500,0.4722,-9.2067,0.0061,nan,-75864.0547,6100346,0.4651,-37882.03,1337.4241
6397771,1776103020,BTC,2500,2500,0.4722,-9.2067,0.0061,nan,-75864.1016,6100347,0.4651,-37882.05,1337.4241
6397772,1776103080,BTC,2500,2500,0.4722,-9.2067,0.0061,nan,-75864.1484,6100348,0.4651,-37882.07,1337.4241
6397773,1776103140,BTC,2500,2500,0.4722,-9.2067,0.0061,nan,-75864.1953,6100349,0.4651,-37882.10,1337.4241
6397774,1776103200,BTC,2500,2500,0.4722,-9.2067,0.0061,nan,-75864.1797,6100350,0.4651,-37882.09,1337.4241
6397775,1776103260,BTC,2500,2500,0.4722,-9.2067,0.0061,nan,-75864.2266,6100351,0.4651,-37882.11,1337.4241
6397776,1776103320,BTC,2500,2500,0.4722,-9.2067,0.0061,nan,-75864.2109,6100352,0.4651,-37882.11,1337.4241
6397777,1776103380,BTC,2500,2500,0.4722,-9.2067,0.0061,nan,-75864.2578,6100353,0.4651,-37882.13,1337.4241
6397778,1776103440,BTC,2500,2500,0.4722,-9.2067,0.0061,nan,-75864.3047,6100354,0.4651,-37882.15,1337.4241
6397779,1776103500,BTC,2500,2500,0.4722,-9.2067,0.0061,nan,-75864.2891,6100355,0.4651,-37882.14,1337.4241
6397780,1776103560,BTC,2500,2500,0.4722,-9.2067,0.0061,nan,-75864.3359,6100356,0.4651,-37882.17,1337.4241
6397781,1776103620,BTC,2500,2500,0.4722,-9.2067,0.0061,nan,-75864.3828,6100357,0.4651,-37882.19,1337.4241
6397782,1776103680,BTC,2500,2500,0.4722,-9.2067,0.0061,nan,-75864.4297,6100358,0.4651,-37882.21,1337.4241
6397783,1776103740,BTC,2500,2500,0.4722,-9.2067,0.0061,nan,-75864.4141,6100359,0.4651,-37882.21,1337.4241
6397784,1776103800,BTC,2500,2500,0.4722,-9.2067,0.0061,nan,-75864.3984,6100360,0.4651,-37882.20,1337.4241
6397785,1776103860,BTC,2500,2500,0.4722,-9.2067,0.0061,nan,-75864.4453,6100361,0.4651,-37882.22,1337.4241
6397786,1776103920,BTC,2500,2500,0.4722,-9.2067,0.0061,nan,-75864.4922,6100362,0.4651,-37882.25,1337.4241
6397787,1776103980,BTC,2500,2500,0.4722,-9.2067,0.0061,nan,-75864.5391,6100363,0.4651,-37882.27,1337.4241
6397788,1776104040,BTC,2500,2500,0.4722,-9.2067,0.0061,nan,-75864.5859,6100364,0.4651,-37882.29,1337.4241
6397789,1776104100,BTC,2500,2500,0.4722,-9.2067,0.0061,nan,-75864.5703,6100365,0.4651,-37882.29,1337.4241
6397790,1776104160,BTC,2500,2500,0.4722,-9.2067,0.0061,nan,-75864.5547,6100366,0.4651,-37882.28,1337.4241
6397791,1776104220,BTC,2500,2500,0.4722,-9.2067,0.0061,nan,-75864.6016,6100367,0.4651,-37882.30,1337.4241
6397792,1776104280,BTC,2500,2500,0.4722,-9.2067,0.0061,nan,-75864.6484,6100368,0.4651,-37882.32,1337.4241
6397793,1776104340,BTC,2500,2500,0.4722,-9.2067,0.0061,nan,-75864.6953,6100369,0.4651,-37882.35,1337.4241
6397794,1776104400,BTC,2500,2500,0.4722,-9.2067,0.0061,nan,-75864.7422,6100370,0.4651,-37882.37,1337.4241
6397795,1776104460,BTC,2500,2500,0.4722,-9.2067,0.0061,nan,-75864.7891,6100371,0.4651,-37882.39,1337.4241
6397796,1776104520,BTC,2500,2500,0.4722,-9.2067,0.0061,nan,-75864.7734,6100372,0.4651,-37882.39,1337.4241
6397797,1776104580,BTC,2500,2500,0.4722,-9.2067,0.0061,nan,-75864.7578,6100373,0.4651,-37882.38,1337.4241
6397798,1776104640,BTC,2500,2500,0.4722,-9.2067,0.0061,nan,-75864.7422,6100374,0.4651,-37882.37,1337.4241
6397799,1776104700,BTC,2500,2500,0.4722,-9.2067,0.0061,nan,-75864.7891,6100375,0.4651,-37882.39,1337.4241
6397800,1776104760,BTC,2500,2500,0.4722,-9.2067,0.0061,nan,-75864.8359,6100376,0.4651,-37882.42,1337.4241
6397801,1776104820,BTC,2500,2500,0.4722,-9.2067,0.0061,nan,-75864.8203,6100377,0.4651,-37882.41,1337.4241
6397802,1776104880,BTC,2500,2500,0.4722,-9.2067,0.0061,nan,-75864.8672,6100378,0.4651,-37882.43,1337.4241
6397803,1776104940,BTC,2500,2500,0.4722,-9.2067,0.0061,nan,-75864.9141,6100379,0.4651,-37882.46,1337.4241
6397804,1776105000,BTC,2500,2500,0.4722,-9.2067,0.0061,nan,-75864.9609,6100380,0.4651,-37882.48,1337.4241
6397805,1776105060,BTC,2500,2500,0.4722,-9.2067,0.0061,nan,-75865.0078,6100381,0.4651,-37882.50,1337.4241
6397806,1776105120,BTC,2500,2500,0.4722,-9.2067,0.0061,nan,-75864.9922,6100382,0.4651,-37882.50,1337.4241
6397807,1776105180,BTC,2500,2500,0.4722,-9.2067,0.0061,nan,-75864.9766,6100383,0.4651,-37882.49,1337.4241
6397808,1776105240,BTC,2500,2500,0.4722,-9.2067,0.0061,nan,-75865.0234,6100384,0.4651,-37882.51,1337.4241
6397809,1776105300,BTC,2500,2500,0.4722,-9.2067,0.0061,nan,-75865.0703,6100385,0.4651,-37882.54,1337.4241
6397810,1776105360,BTC,2500,2500,0.4722,-9.2067,0.0061,nan,-75865.0547,6100386,0.4651,-37882.53,1337.4241
6397811,1776105420,BTC,2500,2500,0.4722,-9.2067,0.0061,nan,-75865.1016,6100387,0.4651,-37882.55,1337.4241
6397812,1776105480,BTC,2500,2500,0.4722,-9.2067,0.0061,nan,-75865.0859,6100388,0.4651,-37882.54,1337.4241
6397813,1776105540,BTC,2500,2500,0.4722,-9.2067,0.0061,nan,-75865.0703,6100389,0.4651,-37882.54,1337.4241
6397814,1776105600,BTC,2500,2500,0.4722,-9.2067,0.0061,nan,-75865.1172,6100390,0.4651,-37882.56,1337.4241
6397815,1776105660,BTC,2500,2500,0.4722,-9.2067,0.0061,nan,-75865.1641,6100391,0.4651,-37882.58,1337.4241
6397816,1776105720,BTC,2500,2500,0.4722,-9.2067,0.0061,nan,-75865.2109,6100392,0.4651,-37882.61,1337.4241
6397817,1776105780,BTC,2500,2500,0.4722,-9.2067,0.0061,nan,-75865.1953,6100393,0.4651,-37882.60,1337.4241
6397818,1776105840,BTC,2500,2500,0.4722,-9.2067,0.0061,nan,-75865.1797,6100394,0.4651,-37882.59,1337.4241
6397819,1776105900,BTC,2500,2500,0.4722,-9.2067,0.0061,nan,-75865.2266,6100395,0.4651,-37882.61,1337.4241
6397820,1776105960,BTC,2500,2500,0.4722,-9.2067,0.0061,nan,-75865.2109,6100396,0.4651,-37882.61,1337.4241
6397821,1776106020,BTC,2500,2500,0.4722,-9.2067,0.0061,nan,-75865.1953,6100397,0.4651,-37882.60,1337.4241
6397822,1776106080,BTC,2500,2500,0.4722,-9.2067,0.0061,nan,-75865.1797,6100398,0.4651,-37882.59,1337.4241
6397823,1776106140,BTC,2500,2500,0.4722,-9.2067,0.0061,nan,-75865.2266,6100399,0.4651,-37882.61,1337.4241
6397824,1776106200,BTC,2500,2500,0.4722,-9.2067,0.0061,nan,-75865.2109,6100400,0.4651,-37882.61,1337.4241
6397825,1776106260,BTC,2500,2500,0.4722,-9.2067,0.0061,nan,-75865.2578,6100401,0.4651,-37882.63,1337.4241
6397826,1776106320,BTC,2500,2500,0.4722,-9.2067,0.0061,nan,-75865.3047,6100402,0.4651,-37882.65,1337.4241
6397827,1776106380,BTC,2500,2500,0.4722,-9.2067,0.0061,nan,-75865.3516,6100403,0.4651,-37882.68,1337.4241
6397828,1776106440,BTC,2500,2500,0.4722,-9.2067,0.0061,nan,-75865.3984,6100404,0.4651,-37882.70,1337.4241
6397829,1776106500,BTC,2500,2500,0.4722,-9.2067,0.0061,nan,-75865.4453,6100405,0.4651,-37882.72,1337.4241
6397830,1776106560,BTC,2500,2500,0.4722,-9.2067,0.0061,nan,-75865.4922,6100406,0.4651,-37882.75,1337.4241
6397831,1776106620,BTC,2500,2500,0.4722,-9.2067,0.0061,nan,-75865.4766,6100407,0.4651,-37882.74,1337.4241
6397832,1776106680,BTC,2500,2500,0.4722,-9.2067,0.0061,nan,-75865.5234,6100408,0.4651,-37882.76,1337.4241
6397833,1776106740,BTC,2500,2500,0.4722,-9.2067,0.0061,nan,-75865.5078,6100409,0.4651,-37882.75,1337.4241
6397834,1776106800,BTC,2500,2500,0.4722,-9.2067,0.0061,nan,-75865.4922,6100410,0.4651,-37882.75,1337.4241
6397835,1776106860,BTC,2500,2500,0.4722,-9.2067,0.0061,nan,-75865.4766,6100411,0.4651,-37882.74,1337.4241
6397836,1776106920,BTC,2500,2500,0.4722,-9.2067,0.0061,nan,-75865.4609,6100412,0.4651,-37882.73,1337.4241
6397837,1776106980,BTC,2500,2500,0.4722,-9.2067,0.0061,nan,-75865.5078,6100413,0.4651,-37882.75,1337.4241
6397838,1776107040,BTC,2500,2500,0.4722,-9.2067,0.0061,nan,-75865.4922,6100414,0.4651,-37882.75,1337.4241
6397839,1776107100,BTC,2500,2500,0.4722,-9.2067,0.0061,nan,-75865.5391,6100415,0.4651,-37882.77,1337.4241
6397840,1776107160,BTC,2500,2500,0.4722,-9.2067,0.0061,nan,-75865.5234,6100416,0.4651,-37882.76,1337.4241
6397841,1776107220,BTC,2500,2500,0.4722,-9.2067,0.0061,nan,-75865.5078,6100417,0.4651,-37882.75,1337.4241
6397842,1776107280,BTC,2500,2500,0.4722,-9.2067,0.0061,nan,-75865.4922,6100418,0.4651,-37882.75,1337.4241
6397843,1776107340,BTC,2500,2500,0.4722,-9.2067,0.0061,nan,-75865.4766,6100419,0.4651,-37882.74,1337.4241
6397844,1776107400,BTC,2500,2500,0.4722,-9.2067,0.0061,nan,-75865.4609,6100420,0.4651,-37882.73,1337.4241
6397845,1776107460,BTC,2500,2500,0.4722,-9.2067,0.0061,nan,-75865.5078,6100421,0.4651,-37882.75,1337.4241
6397846,1776107520,BTC,2500,2500,0.4722,-9.2067,0.0061,nan,-75865.5547,6100422,0.4651,-37882.78,1337.4241
6397847,1776107580,BTC,2500,2500,0.4722,-9.2067,0.0061,nan,-75865.5391,6100423,0.4651,-37882.77,1337.4241
6397848,1776107640,BTC,2500,2500,0.4722,-9.2067,0.0061,nan,-75865.5234,6100424,0.4651,-37882.76,1337.4241
6397849,1776107700,BTC,2500,2500,0.4722,-9.2067,0.0061,nan,-75865.5078,6100425,0.4651,-37882.75,1337.4241
6397850,1776107760,BTC,2500,2500,0.4722,-9.2067,0.0061,nan,-75865.5547,6100426,0.4651,-37882.78,1337.4241
6397851,1776107820,BTC,2500,2500,0.4722,-9.2067,0.0061,nan,-75865.5391,6100427,0.4651,-37882.77,1337.4241
6397852,1776107880,BTC,2500,2500,0.4722,-9.2067,0.0061,nan,-75865.5859,6100428,0.4651,-37882.79,1337.4241
6397853,1776107940,BTC,2500,2500,0.4722,-9.2067,0.0061,nan,-75865.5703,6100429,0.4651,-37882.79,1337.4241
6397854,1776108000,BTC,2500,2500,0.4722,-9.2067,0.0061,nan,-75865.6172,6100430,0.4651,-37882.81,1337.4241
6397855,1776108060,BTC,2500,2500,0.4722,-9.2067,0.0061,nan,-75865.6641,6100431,0.4651,-37882.83,1337.4241
6397856,1776108120,BTC,2500,2500,0.4722,-9.2067,0.0061,nan,-75865.6484,6100432,0.4651,-37882.82,1337.4241
6397857,1776108180,BTC,2500,2500,0.4722,-9.2067,0.0061,nan,-75865.6328,6100433,0.4651,-37882.82,1337.4241
6397858,1776108240,BTC,2500,2500,0.4722,-9.2067,0.0061,nan,-75865.6797,6100434,0.4651,-37882.84,1337.4241
6397859,1776108300,BTC,2500,2500,0.4722,-9.2067,0.0061,nan,-75865.7266,6100435,0.4651,-37882.86,1337.4241
6397860,1776108360,BTC,2500,2500,0.4722,-9.2067,0.0061,nan,-75865.7734,6100436,0.4651,-37882.89,1337.4241
6397861,1776108420,BTC,2500,2500,0.4722,-9.2067,0.0061,nan,-75865.7578,6100437,0.4651,-37882.88,1337.4241
6397862,1776108480,BTC,2500,2500,0.4722,-9.2067,0.0061,nan,-75865.8047,6100438,0.4651,-37882.90,1337.4241
6397863,1776108540,BTC,2500,2500,0.4722,-9.2067,0.0061,nan,-75865.8516,6100439,0.4651,-37882.93,1337.4241
6397864,1776108600,BTC,2500,2500,0.4722,-9.2067,0.0061,nan,-75865.8984,6100440,0.4651,-37882.95,1337.4241
6397865,1776108660,BTC,2500,2500,0.4722,-9.2067,0.0061,nan,-75865.9453,6100441,0.4651,-37882.97,1337.4241
6397866,1776108720,BTC,2500,2500,0.4722,-9.2067,0.0061,nan,-75865.9297,6100442,0.4651,-37882.96,1337.4241
6397867,1776108780,BTC,2500,2500,0.4722,-9.2067,0.0061,nan,-75865.9766,6100443,0.4651,-37882.99,1337.4241
6397868,1776108840,BTC,2500,2500,0.4722,-9.2067,0.0061,nan,-75866.0234,6100444,0.4651,-37883.01,1337.4241
6397869,1776108900,BTC,2500,2500,0.4722,-9.2067,0.0061,nan,-75866.0078,6100445,0.4651,-37883.00,1337.4241
6397870,1776108960,BTC,2500,2500,0.4722,-9.2067,0.0061,nan,-75865.9922,6100446,0.4651,-37883.00,1337.4241
6397871,1776109020,BTC,2500,2500,0.4722,-9.2067,0.0061,nan,-75865.9766,6100447,0.4651,-37882.99,1337.4241
6397872,1776109080,BTC,2500,2500,0.4722,-9.2067,0.0061,nan,-75866.0234,6100448,0.4651,-37883.01,1337.4241
6397873,1776109140,BTC,2500,2500,0.4722,-9.2067,0.0061,nan,-75866.0703,6100449,0.4651,-37883.04,1337.4241
6397874,1776109200,BTC,2500,2500,0.4722,-9.2067,0.0061,nan,-75866.0547,6100450,0.4651,-37883.03,1337.4241
6397875,1776109260,BTC,2500,2500,0.4722,-9.2067,0.0061,nan,-75866.0391,6100451,0.4651,-37883.02,1337.4241
6397876,1776109320,BTC,2500,2500,0.4722,-9.2067,0.0061,nan,-75866.0234,6100452,0.4651,-37883.01,1337.4241
6397877,1776109380,BTC,2500,2500,0.4722,-9.2067,0.0061,nan,-75866.0078,6100453,0.4651,-37883.00,1337.4241
6397878,1776109440,BTC,2500,2500,0.4722,-9.2067,0.0061,nan,-75866.0547,6100454,0.4651,-37883.03,1337.4241
6397879,1776109500,BTC,2500,2500,0.4722,-9.2067,0.0061,nan,-75866.1016,6100455,0.4651,-37883.05,1337.4241
6397880,1776109560,BTC,2500,2500,0.4722,-9.2067,0.0061,nan,-75866.1484,6100456,0.4651,-37883.07,1337.4241
6397881,1776109620,BTC,2500,2500,0.4722,-9.2067,0.0061,nan,-75866.1953,6100457,0.4651,-37883.10,1337.4241
6397882,1776109680,BTC,2500,2500,0.4722,-9.2067,0.0061,nan,-75866.2422,6100458,0.4651,-37883.12,1337.4241
6397883,1776109740,BTC,2500,2500,0.4722,-9.2067,0.0061,nan,-75866.2266,6100459,0.4651,-37883.11,1337.4241
6397884,1776109800,BTC,2500,2500,0.4722,-9.2067,0.0061,nan,-75866.2734,6100460,0.4651,-37883.14,1337.4241
6397885,1776109860,BTC,2500,2500,0.4722,-9.2067,0.0061,nan,-75866.3203,6100461,0.4651,-37883.16,1337.4241
6397886,1776109920,BTC,2500,2500,0.4722,-9.2067,0.0061,nan,-75866.3672,6100462,0.4651,-37883.18,1337.4241
6397887,1776109980,BTC,2500,2500,0.4722,-9.2067,0.0061,nan,-75866.3516,6100463,0.4651,-37883.18,1337.4241
6397888,1776110040,BTC,2500,2500,0.4722,-9.2067,0.0061,nan,-75866.3984,6100464,0.4651,-37883.20,1337.4241
6397889,1776110100,BTC,2500,2500,0.4722,-9.2067,0.0061,nan,-75866.3828,6100465,0.4651,-37883.19,1337.4241
6397890,1776110160,BTC,2500,2500,0.4722,-9.2067,0.0061,nan,-75866.4297,6100466,0.4651,-37883.21,1337.4241
6397891,1776110220,BTC,2500,2500,0.4722,-9.2067,0.0061,nan,-75866.4141,6100467,0.4651,-37883.21,1337.4241
6397892,1776110280,BTC,2500,2500,0.4722,-9.2067,0.0061,nan,-75866.3984,6100468,0.4651,-37883.20,1337.4241
6397893,1776110340,BTC,2500,2500,0.4722,-9.2067,0.0061,nan,-75866.3828,6100469,0.4651,-37883.19,1337.4241
6397894,1776110400,BTC,2500,2500,0.4722,-9.2067,0.0061,nan,-75866.4297,6100470,0.4651,-37883.21,1337.4241
6397895,1776110460,BTC,2500,2500,0.4722,-9.2067,0.0061,nan,-75866.4141,6100471,0.4651,-37883.21,1337.4241
6397896,1776110520,BTC,2500,2500,0.4722,-9.2067,0.0061,nan,-75866.3984,6100472,0.4651,-37883.20,1337.4241
6397897,1776110580,BTC,2500,2500,0.4722,-9.2067,0.0061,nan,-75866.3828,6100473,0.4651,-37883.19,1337.4241
6397898,1776110640,BTC,2500,2500,0.4722,-9.2067,0.0061,nan,-75866.3672,6100474,0.4651,-37883.18,1337.4241
6397899,1776110700,BTC,2500,2500,0.4722,-9.2067,0.0061,nan,-75866.3516,6100475,0.4651,-37883.18,1337.4241
6397900,1776110760,BTC,2500,2500,0.4722,-9.2067,0.0061,nan,-75866.3984,6100476,0.4651,-37883.20,1337.4241
6397901,1776110820,BTC,2500,2500,0.4722,-9.2067,0.0061,nan,-75866.3828,6100477,0.4651,-37883.19,1337.4241
6397902,1776110880,BTC,2500,2500,0.4722,-9.2067,0.0061,nan,-75866.4297,6100478,0.4651,-37883.21,1337.4241
6397903,1776110940,BTC,2500,2500,0.4722,-9.2067,0.0061,nan,-75866.4141,6100479,0.4651,-37883.21,1337.4241
6397904,1776111000,BTC,2500,2500,0.4722,-9.2067,0.0061,nan,-75866.3984,6100480,0.4651,-37883.20,1337.4241
6397905,1776111060,BTC,2500,2500,0.4722,-9.2067,0.0061,nan,-75866.3828,6100481,0.4651,-37883.19,1337.4241
6397906,1776111120,BTC,2500,2500,0.4722,-9.2067,0.0061,nan,-75866.3672,6100482,0.4651,-37883.18,1337.4241
6397907,1776111180,BTC,2500,2500,0.4722,-9.2067,0.0061,nan,-75866.3516,6100483,0.4651,-37883.18,1337.4241
6397908,1776111240,BTC,2500,2500,0.4722,-9.2067,0.0061,nan,-75866.3359,6100484,0.4651,-37883.17,1337.4241
6397909,1776111300,BTC,2500,2500,0.4722,-9.2067,0.0061,nan,-75866.3828,6100485,0.4651,-37883.19,1337.4241
6397910,1776111360,BTC,2500,2500,0.4722,-9.2067,0.0061,nan,-75866.3672,6100486,0.4651,-37883.18,1337.4241
6397911,1776111420,BTC,2500,2500,0.4722,-9.2067,0.0061,nan,-75866.4141,6100487,0.4651,-37883.21,1337.4241
6397912,1776111480,BTC,2500,2500,0.4722,-9.2067,0.0061,nan,-75866.4609,6100488,0.4651,-37883.23,1337.4241
6397913,1776111540,BTC,2500,2500,0.4722,-9.2067,0.0061,nan,-75866.4453,6100489,0.4651,-37883.22,1337.4241
6397914,1776111600,BTC,2500,2500,0.4722,-9.2067,0.0061,nan,-75866.4922,6100490,0.4651,-37883.25,1337.4241
6397915,1776111660,BTC,2500,2500,0.4722,-9.2067,0.0061,nan,-75866.5391,6100491,0.4651,-37883.27,1337.4241
6397916,1776111720,BTC,2500,2500,0.4722,-9.2067,0.0061,nan,-75866.5234,6100492,0.4651,-37883.26,1337.4241
6397917,1776111780,BTC,2500,2500,0.4722,-9.2067,0.0061,nan,-75866.5078,6100493,0.4651,-37883.25,1337.4241
6397918,1776111840,BTC,2500,2500,0.4722,-9.2067,0.0061,nan,-75866.4922,6100494,0.4651,-37883.25,1337.4241
6397919,1776111900,BTC,2500,2500,0.4722,-9.2067,0.0061,nan,-75866.5391,6100495,0.4651,-37883.27,1337.4241
6397920,1776111960,BTC,2500,2500,0.4722,-9.2067,0.0061,nan,-75866.5859,6100496,0.4651,-37883.29,1337.4241
6397921,1776112020,BTC,2500,2500,0.4722,-9.2067,0.0061,nan,-75866.6328,6100497,0.4651,-37883.32,1337.4241
6397922,1776112080,BTC,2500,2500,0.4722,-9.2067,0.0061,nan,-75866.6797,6100498,0.4651,-37883.34,1337.4241
6397923,1776112140,BTC,2500,2500,0.4722,-9.2067,0.0061,nan,-75866.6641,6100499,0.4651,-37883.33,1337.4241
6397924,1776112200,BTC,2500,2500,0.4722,-9.2067,0.0061,nan,-75866.7109,6100500,0.4651,-37883.36,1337.4241
6397925,1776112260,BTC,2500,2500,0.4722,-9.2067,0.0061,nan,-75866.6953,6100501,0.4651,-37883.35,1337.4241
6397926,1776112320,BTC,2500,2500,0.4722,-9.2067,0.0061,nan,-75866.7422,6100502,0.4651,-37883.37,1337.4241
6397927,1776112380,BTC,2500,2500,0.4722,-9.2067,0.0061,nan,-75866.7891,6100503,0.4651,-37883.39,1337.4241
6397928,1776112440,BTC,2500,2500,0.4722,-9.2067,0.0061,nan,-75866.8359,6100504,0.4651,-37883.42,1337.4241
6397929,1776112500,BTC,2500,2500,0.4722,-9.2067,0.0061,nan,-75866.8203,6100505,0.4651,-37883.41,1337.4241
6397930,1776112560,BTC,2500,2500,0.4722,-9.2067,0.0061,nan,-75866.8672,6100506,0.4651,-37883.43,1337.4241
6397931,1776112620,BTC,2500,2500,0.4722,-9.2067,0.0061,nan,-75866.9141,6100507,0.4651,-37883.46,1337.4241
6397932,1776112680,BTC,2500,2500,0.4722,-9.2067,0.0061,nan,-75866.9609,6100508,0.4651,-37883.48,1337.4241
6397933,1776112740,BTC,2500,2500,0.4722,-9.2067,0.0061,nan,-75866.9453,6100509,0.4651,-37883.47,1337.4241
6397934,1776112800,BTC,2500,2500,0.4722,-9.2067,0.0061,nan,-75866.9922,6100510,0.4651,-37883.50,1337.4241
6397935,1776112860,BTC,2500,2500,0.4722,-9.2067,0.0061,nan,-75866.9766,6100511,0.4651,-37883.49,1337.4241
6397936,1776112920,BTC,2500,2500,0.4722,-9.2067,0.0061,nan,-75866.9609,6100512,0.4651,-37883.48,1337.4241
6397937,1776112980,BTC,2500,2500,0.4722,-9.2067,0.0061,nan,-75867.0078,6100513,0.4651,-37883.50,1337.4241
6397938,1776113040,BTC,2500,2500,0.4722,-9.2067,0.0061,nan,-75866.9922,6100514,0.4651,-37883.50,1337.4241
6397939,1776113100,BTC,2500,2500,0.4722,-9.2067,0.0061,nan,-75866.9766,6100515,0.4651,-37883.49,1337.4241
6397940,1776113160,BTC,2500,2500,0.4722,-9.2067,0.0061,nan,-75867.0234,6100516,0.4651,-37883.51,1337.4241
6397941,1776113220,BTC,2500,2500,0.4722,-9.2067,0.0061,nan,-75867.0703,6100517,0.4651,-37883.54,1337.4241
6397942,1776113280,BTC,2500,2500,0.4722,-9.2067,0.0061,nan,-75867.0547,6100518,0.4651,-37883.53,1337.4241
6397943,1776113340,BTC,2500,2500,0.4722,-9.2067,0.0061,nan,-75867.0391,6100519,0.4651,-37883.52,1337.4241
6397944,1776113400,BTC,2500,2500,0.4722,-9.2067,0.0061,nan,-75867.0234,6100520,0.4651,-37883.51,1337.4241
6397945,1776113460,BTC,2500,2500,0.4722,-9.2067,0.0061,nan,-75867.0078,6100521,0.4651,-37883.50,1337.4241
6397946,1776113520,BTC,2500,2500,0.4722,-9.2067,0.0061,nan,-75866.9922,6100522,0.4651,-37883.50,1337.4241
6397947,1776113580,BTC,2500,2500,0.4722,-9.2067,0.0061,nan,-75866.9766,6100523,0.4651,-37883.49,1337.4241
6397948,1776113640,BTC,2500,2500,0.4722,-9.2067,0.0061,nan,-75866.9609,6100524,0.4651,-37883.48,1337.4241
6397949,1776113700,BTC,2500,2500,0.4722,-9.2067,0.0061,nan,-75867.0078,6100525,0.4651,-37883.50,1337.4241
6397950,1776113760,BTC,2500,2500,0.4722,-9.2067,0.0061,nan,-75867.0547,6100526,0.4651,-37883.53,1337.4241
6397951,1776113820,BTC,2500,2500,0.4722,-9.2067,0.0061,nan,-75867.1016,6100527,0.4651,-37883.55,1337.4241
6397952,1776113880,BTC,2500,2500,0.4722,-9.2067,0.0061,nan,-75867.0859,6100528,0.4651,-37883.54,1337.4241
6397953,1776113940,BTC,2500,2500,0.4722,-9.2067,0.0061,nan,-75867.0703,6100529,0.4651,-37883.54,1337.4241
6397954,1776114000,BTC,2500,2500,0.4722,-9.2067,0.0061,nan,-75867.0547,6100530,0.4651,-37883.53,1337.4241
6397955,1776114060,BTC,2500,2500,0.4722,-9.2067,0.0061,nan,-75867.1016,6100531,0.4651,-37883.55,1337.4241
6397956,1776114120,BTC,2500,2500,0.4722,-9.2067,0.0061,nan,-75867.0859,6100532,0.4651,-37883.54,1337.4241
6397957,1776114180,BTC,2500,2500,0.4722,-9.2067,0.0061,nan,-75867.1328,6100533,0.4651,-37883.57,1337.4241
6397958,1776114240,BTC,2500,2500,0.4722,-9.2067,0.0061,nan,-75867.1172,6100534,0.4651,-37883.56,1337.4241
6397959,1776114300,BTC,2500,2500,0.4722,-9.2067,0.0061,nan,-75867.1641,6100535,0.4651,-37883.58,1337.4241
6397960,1776114360,BTC,2500,2500,0.4722,-9.2067,0.0061,nan,-75867.2109,6100536,0.4651,-37883.61,1337.4241
6397961,1776114420,BTC,2500,2500,0.4722,-9.2067,0.0061,nan,-75867.1953,6100537,0.4651,-37883.60,1337.4241
6397962,1776114480,BTC,2500,2500,0.4722,-9.2067,0.0061,nan,-75867.2422,6100538,0.4651,-37883.62,1337.4241
6397963,1776114540,BTC,2500,2500,0.4722,-9.2067,0.0061,nan,-75867.2891,6100539,0.4651,-37883.64,1337.4241
6397964,1776114600,BTC,2500,2500,0.4722,-9.2067,0.0061,nan,-75867.3359,6100540,0.4651,-37883.67,1337.4241
6397965,1776114660,BTC,2500,2500,0.4722,-9.2067,0.0061,nan,-75867.3203,6100541,0.4651,-37883.66,1337.4241
6397966,1776114720,BTC,2500,2500,0.4722,-9.2067,0.0061,nan,-75867.3672,6100542,0.4651,-37883.68,1337.4241
6397967,1776114780,BTC,2500,2500,0.4722,-9.2067,0.0061,nan,-75867.3516,6100543,0.4651,-37883.68,1337.4241
6397968,1776114840,BTC,2500,2500,0.4722,-9.2067,0.0061,nan,-75867.3359,6100544,0.4651,-37883.67,1337.4241
6397969,1776114900,BTC,2500,2500,0.4722,-9.2067,0.0061,nan,-75867.3828,6100545,0.4651,-37883.69,1337.4241
6397970,1776114960,BTC,2500,2500,0.4722,-9.2067,0.0061,nan,-75867.3672,6100546,0.4651,-37883.68,1337.4241
6397971,1776115020,BTC,2500,2500,0.4722,-9.2067,0.0061,nan,-75867.3516,6100547,0.4651,-37883.68,1337.4241
6397972,1776115080,BTC,2500,2500,0.4722,-9.2067,0.0061,nan,-75867.3359,6100548,0.4651,-37883.67,1337.4241
6397973,1776115140,BTC,2500,2500,0.4722,-9.2067,0.0061,nan,-75867.3203,6100549,0.4651,-37883.66,1337.4241
6397974,1776115200,BTC,2500,2500,0.4722,-9.2067,0.0061,nan,-75867.3047,6100550,0.4651,-37883.65,1337.4241
6397975,1776115260,BTC,2500,2500,0.4722,-9.2067,0.0061,nan,-75867.3516,6100551,0.4651,-37883.68,1337.4241
6397976,1776115320,BTC,2500,2500,0.4722,-9.2067,0.0061,nan,-75867.3984,6100552,0.4651,-37883.70,1337.4241
6397977,1776115380,BTC,2500,2500,0.4722,-9.2067,0.0061,nan,-75867.3828,6100553,0.4651,-37883.69,1337.4241
6397978,1776115440,BTC,2500,2500,0.4722,-9.2067,0.0061,nan,-75867.4297,6100554,0.4651,-37883.71,1337.4241
6397979,1776115500,BTC,2500,2500,0.4722,-9.2067,0.0061,nan,-75867.4141,6100555,0.4651,-37883.71,1337.4241
6397980,1776115560,BTC,2500,2500,0.4722,-9.2067,0.0061,nan,-75867.4609,6100556,0.4651,-37883.73,1337.4241
6397981,1776115620,BTC,2500,2500,0.4722,-9.2067,0.0061,nan,-75867.4453,6100557,0.4651,-37883.72,1337.4241
6397982,1776115680,BTC,2500,2500,0.4722,-9.2067,0.0061,nan,-75867.4297,6100558,0.4651,-37883.71,1337.4241
6397983,1776115740,BTC,2500,2500,0.4722,-9.2067,0.0061,nan,-75867.4141,6100559,0.4651,-37883.71,1337.4241
6397984,1776115800,BTC,2500,2500,0.4722,-9.2067,0.0061,nan,-75867.4609,6100560,0.4651,-37883.73,1337.4241
6397985,1776115860,BTC,2500,2500,0.4722,-9.2067,0.0061,nan,-75867.4453,6100561,0.4651,-37883.72,1337.4241
6397986,1776115920,BTC,2500,2500,0.4722,-9.2067,0.0061,nan,-75867.4922,6100562,0.4651,-37883.75,1337.4241
6397987,1776115980,BTC,2500,2500,0.4722,-9.2067,0.0061,nan,-75867.5391,6100563,0.4651,-37883.77,1337.4241
6397988,1776116040,BTC,2500,2500,0.4722,-9.2067,0.0061,nan,-75867.5859,6100564,0.4651,-37883.79,1337.4241
6397989,1776116100,BTC,2500,2500,0.4722,-9.2067,0.0061,nan,-75867.5703,6100565,0.4651,-37883.79,1337.4241
6397990,1776116160,BTC,2500,2500,0.4722,-9.2067,0.0061,nan,-75867.6172,6100566,0.4651,-37883.81,1337.4241
6397991,1776116220,BTC,2500,2500,0.4722,-9.2067,0.0061,nan,-75867.6016,6100567,0.4651,-37883.80,1337.4241
6397992,1776116280,BTC,2500,2500,0.4722,-9.2067,0.0061,nan,-75867.6484,6100568,0.4651,-37883.82,1337.4241
6397993,1776116340,BTC,2500,2500,0.4722,-9.2067,0.0061,nan,-75867.6953,6100569,0.4651,-37883.85,1337.4241
6397994,1776116400,BTC,2500,2500,0.4722,-9.2067,0.0061,nan,-75867.7422,6100570,0.4651,-37883.87,1337.4241
6397995,1776116460,BTC,2500,2500,0.4722,-9.2067,0.0061,nan,-75867.7891,6100571,0.4651,-37883.89,1337.4241
6397996,1776116520,BTC,2500,2500,0.4722,-9.2067,0.0061,nan,-75867.7734,6100572,0.4651,-37883.89,1337.4241
6397997,1776116580,BTC,2500,2500,0.4722,-9.2067,0.0061,nan,-75867.7578,6100573,0.4651,-37883.88,1337.4241
6397998,1776116640,BTC,2500,2500,0.4722,-9.2067,0.0061,nan,-75867.7422,6100574,0.4651,-37883.87,1337.4241
6397999,1776116700,BTC,2500,2500,0.4722,-9.2067,0.0061,nan,-75867.7266,6100575,0.4651,-37883.86,1337.4241
6398000,1776116760,BTC,2500,2500,0.4722,-9.2067,0.0061,nan,-75867.7734,6100576,0.4651,-37883.89,1337.4241
6398001,1776116820,BTC,2500,2500,0.4722,-9.2067,0.0061,nan,-75867.7578,6100577,0.4651,-37883.88,1337.4241
6398002,1776116880,BTC,2500,2500,0.4722,-9.2067,0.0061,nan,-75867.8047,6100578,0.4651,-37883.90,1337.4241
6398003,1776116940,BTC,2500,2500,0.4722,-9.2067,0.0061,nan,-75867.8516,6100579,0.4651,-37883.93,1337.4241
6398004,1776117000,BTC,2500,2500,0.4722,-9.2067,0.0061,nan,-75867.8359,6100580,0.4651,-37883.92,1337.4241
6398005,1776117060,BTC,2500,2500,0.4722,-9.2067,0.0061,nan,-75867.8828,6100581,0.4651,-37883.94,1337.4241
6398006,1776117120,BTC,2500,2500,0.4722,-9.2067,0.0061,nan,-75867.8672,6100582,0.4651,-37883.93,1337.4241
6398007,1776117180,BTC,2500,2500,0.4722,-9.2067,0.0061,nan,-75867.9141,6100583,0.4651,-37883.96,1337.4241
6398008,1776117240,BTC,2500,2500,0.4722,-9.2067,0.0061,nan,-75867.8984,6100584,0.4651,-37883.95,1337.4241
6398009,1776117300,BTC,2500,2500,0.4722,-9.2067,0.0061,nan,-75867.8828,6100585,0.4651,-37883.94,1337.4241
6398010,1776117360,BTC,2500,2500,0.4722,-9.2067,0.0061,nan,-75867.9297,6100586,0.4651,-37883.96,1337.4241
6398011,1776117420,BTC,2500,2500,0.4722,-9.2067,0.0061,nan,-75867.9766,6100587,0.4651,-37883.99,1337.4241
6398012,1776117480,BTC,2500,2500,0.4722,-9.2067,0.0061,nan,-75867.9609,6100588,0.4651,-37883.98,1337.4241
6398013,1776117540,BTC,2500,2500,0.4722,-9.2067,0.0061,nan,-75867.9453,6100589,0.4651,-37883.97,1337.4241
6398014,1776117600,BTC,2500,2500,0.4722,-9.2067,0.0061,nan,-75867.9922,6100590,0.4651,-37884.00,1337.4241
6398015,1776117660,BTC,2500,2500,0.4722,-9.2067,0.0061,nan,-75868.0391,6100591,0.4651,-37884.02,1337.4241
6398016,1776117720,BTC,2500,2500,0.4722,-9.2067,0.0061,nan,-75868.0859,6100592,0.4651,-37884.04,1337.4241
6398017,1776117780,BTC,2500,2500,0.4722,-9.2067,0.0061,nan,-75868.1328,6100593,0.4651,-37884.07,1337.4241
6398018,1776117840,BTC,2500,2500,0.4722,-9.2067,0.0061,nan,-75868.1172,6100594,0.4651,-37884.06,1337.4241
6398019,1776117900,BTC,2500,2500,0.4722,-9.2067,0.0061,nan,-75868.1641,6100595,0.4651,-37884.08,1337.4241
6398020,1776117960,BTC,2500,2500,0.4722,-9.2067,0.0061,nan,-75868.2109,6100596,0.4651,-37884.11,1337.4241
6398021,1776118020,BTC,2500,2500,0.4722,-9.2067,0.0061,nan,-75868.2578,6100597,0.4651,-37884.13,1337.4241
6398022,1776118080,BTC,2500,2500,0.4722,-9.2067,0.0061,nan,-75868.2422,6100598,0.4651,-37884.12,1337.4241
6398023,1776118140,BTC,2500,2500,0.4722,-9.2067,0.0061,nan,-75868.2266,6100599,0.4651,-37884.11,1337.4241
6398024,1776118200,BTC,2500,2500,0.4722,-9.2067,0.0061,nan,-75868.2734,6100600,0.4651,-37884.14,1337.4241
6398025,1776118260,BTC,2500,2500,0.4722,-9.2067,0.0061,nan,-75868.3203,6100601,0.4651,-37884.16,1337.4241
6398026,1776118320,BTC,2500,2500,0.4722,-9.2067,0.0061,nan,-75868.3672,6100602,0.4651,-37884.18,1337.4241
6398027,1776118380,BTC,2500,2500,0.4722,-9.2067,0.0061,nan,-75868.4141,6100603,0.4651,-37884.21,1337.4241
6398028,1776118440,BTC,2500,2500,0.4722,-9.2067,0.0061,nan,-75868.4609,6100604,0.4651,-37884.23,1337.4241
6398029,1776118500,BTC,2500,2500,0.4722,-9.2067,0.0061,nan,-75868.5078,6100605,0.4651,-37884.25,1337.4241
6398030,1776118560,BTC,2500,2500,0.4722,-9.2067,0.0061,nan,-75868.5547,6100606,0.4651,-37884.28,1337.4241
6398031,1776118620,BTC,2500,2500,0.4722,-9.2067,0.0061,nan,-75868.5391,6100607,0.4651,-37884.27,1337.4241
6398032,1776118680,BTC,2500,2500,0.4722,-9.2067,0.0061,nan,-75868.5859,6100608,0.4651,-37884.29,1337.4241
6398033,1776118740,BTC,2500,2500,0.4722,-9.2067,0.0061,nan,-75868.5703,6100609,0.4651,-37884.29,1337.4241
6398034,1776118800,BTC,2500,2500,0.4722,-9.2067,0.0061,nan,-75868.5547,6100610,0.4651,-37884.28,1337.4241
6398035,1776118860,BTC,2500,2500,0.4722,-9.2067,0.0061,nan,-75868.5391,6100611,0.4651,-37884.27,1337.4241
6398036,1776118920,BTC,2500,2500,0.4722,-9.2067,0.0061,nan,-75868.5859,6100612,0.4651,-37884.29,1337.4241
6398037,1776118980,BTC,2500,2500,0.4722,-9.2067,0.0061,nan,-75868.6328,6100613,0.4651,-37884.32,1337.4241
6398038,1776119040,BTC,2500,2500,0.4722,-9.2067,0.0061,nan,-75868.6172,6100614,0.4651,-37884.31,1337.4241
6398039,1776119100,BTC,2500,2500,0.4722,-9.2067,0.0061,nan,-75868.6016,6100615,0.4651,-37884.30,1337.4241
6398040,1776119160,BTC,2500,2500,0.4722,-9.2067,0.0061,nan,-75868.5859,6100616,0.4651,-37884.29,1337.4241
6398041,1776119220,BTC,2500,2500,0.4722,-9.2067,0.0061,nan,-75868.5703,6100617,0.4651,-37884.29,1337.4241
6398042,1776119280,BTC,2500,2500,0.4722,-9.2067,0.0061,nan,-75868.5547,6100618,0.4651,-37884.28,1337.4241
6398043,1776119340,BTC,2500,2500,0.4722,-9.2067,0.0061,nan,-75868.6016,6100619,0.4651,-37884.30,1337.4241
6398044,1776119400,BTC,2500,2500,0.4722,-9.2067,0.0061,nan,-75868.6484,6100620,0.4651,-37884.32,1337.4241
6398045,1776119460,BTC,2500,2500,0.4722,-9.2067,0.0061,nan,-75868.6953,6100621,0.4651,-37884.35,1337.4241
6398046,1776119520,BTC,2500,2500,0.4722,-9.2067,0.0061,nan,-75868.6797,6100622,0.4651,-37884.34,1337.4241
6398047,1776119580,BTC,2500,2500,0.4722,-9.2067,0.0061,nan,-75868.7266,6100623,0.4651,-37884.36,1337.4241
6398048,1776119640,BTC,2500,2500,0.4722,-9.2067,0.0061,nan,-75868.7734,6100624,0.4651,-37884.39,1337.4241
6398049,1776119700,BTC,2500,2500,0.4722,-9.2067,0.0061,nan,-75868.7578,6100625,0.4651,-37884.38,1337.4241
6398050,1776119760,BTC,2500,2500,0.4722,-9.2067,0.0061,nan,-75868.7422,6100626,0.4651,-37884.37,1337.4241
6398051,1776119820,BTC,2500,2500,0.4722,-9.2067,0.0061,nan,-75868.7266,6100627,0.4651,-37884.36,1337.4241
6398052,1776119880,BTC,2500,2500,0.4722,-9.2067,0.0061,nan,-75868.7109,6100628,0.4651,-37884.36,1337.4241
6398053,1776119940,BTC,2500,2500,0.4722,-9.2067,0.0061,nan,-75868.6953,6100629,0.4651,-37884.35,1337.4241
6398054,1776120000,BTC,2500,2500,0.4722,-9.2067,0.0061,nan,-75868.7422,6100630,0.4651,-37884.37,1337.4241
6398055,1776120060,BTC,2500,2500,0.4722,-9.2067,0.0061,nan,-75868.7891,6100631,0.4651,-37884.39,1337.4241
6398056,1776120120,BTC,2500,2500,0.4722,-9.2067,0.0061,nan,-75868.7734,6100632,0.4651,-37884.39,1337.4241
6398057,1776120180,BTC,2500,2500,0.4722,-9.2067,0.0061,nan,-75868.8203,6100633,0.4651,-37884.41,1337.4241
6398058,1776120240,BTC,2500,2500,0.4722,-9.2067,0.0061,nan,-75868.8672,6100634,0.4651,-37884.43,1337.4241
6398059,1776120300,BTC,2500,2500,0.4722,-9.2067,0.0061,nan,-75868.8516,6100635,0.4651,-37884.43,1337.4241
6398060,1776120360,BTC,2500,2500,0.4722,-9.2067,0.0061,nan,-75868.8984,6100636,0.4651,-37884.45,1337.4241
6398061,1776120420,BTC,2500,2500,0.4722,-9.2067,0.0061,nan,-75868.9453,6100637,0.4651,-37884.47,1337.4241
6398062,1776120480,BTC,2500,2500,0.4722,-9.2067,0.0061,nan,-75868.9922,6100638,0.4651,-37884.50,1337.4241
6398063,1776120540,BTC,2500,2500,0.4722,-9.2067,0.0061,nan,-75869.0391,6100639,0.4651,-37884.52,1337.4241
6398064,1776120600,BTC,2500,2500,0.4722,-9.2067,0.0061,nan,-75869.0859,6100640,0.4651,-37884.54,1337.4241
6398065,1776120660,BTC,2500,2500,0.4722,-9.2067,0.0061,nan,-75869.0703,6100641,0.4651,-37884.54,1337.4241
6398066,1776120720,BTC,2500,2500,0.4722,-9.2067,0.0061,nan,-75869.1172,6100642,0.4651,-37884.56,1337.4241
6398067,1776120780,BTC,2500,2500,0.4722,-9.2067,0.0061,nan,-75869.1641,6100643,0.4651,-37884.58,1337.4241
6398068,1776120840,BTC,2500,2500,0.4722,-9.2067,0.0061,nan,-75869.2109,6100644,0.4651,-37884.61,1337.4241
6398069,1776120900,BTC,2500,2500,0.4722,-9.2067,0.0061,nan,-75869.2578,6100645,0.4651,-37884.63,1337.4241
6398070,1776120960,BTC,2500,2500,0.4722,-9.2067,0.0061,nan,-75869.3047,6100646,0.4651,-37884.65,1337.4241
6398071,1776121020,BTC,2500,2500,0.4722,-9.2067,0.0061,nan,-75869.2891,6100647,0.4651,-37884.64,1337.4241
6398072,1776121080,BTC,2500,2500,0.4722,-9.2067,0.0061,nan,-75869.2734,6100648,0.4651,-37884.64,1337.4241
6398073,1776121140,BTC,2500,2500,0.4722,-9.2067,0.0061,nan,-75869.3203,6100649,0.4651,-37884.66,1337.4241
6398074,1776121200,BTC,2500,2500,0.4722,-9.2067,0.0061,nan,-75869.3047,6100650,0.4651,-37884.65,1337.4241
6398075,1776121260,BTC,2500,2500,0.4722,-9.2067,0.0061,nan,-75869.3516,6100651,0.4651,-37884.68,1337.4241
6398076,1776121320,BTC,2500,2500,0.4722,-9.2067,0.0061,nan,-75869.3359,6100652,0.4651,-37884.67,1337.4241
6398077,1776121380,BTC,2500,2500,0.4722,-9.2067,0.0061,nan,-75869.3828,6100653,0.4651,-37884.69,1337.4241
6398078,1776121440,BTC,2500,2500,0.4722,-9.2067,0.0061,nan,-75869.4297,6100654,0.4651,-37884.71,1337.4241
6398079,1776121500,BTC,2500,2500,0.4722,-9.2067,0.0061,nan,-75869.4141,6100655,0.4651,-37884.71,1337.4241
6398080,1776121560,BTC,2500,2500,0.4722,-9.2067,0.0061,nan,-75869.3984,6100656,0.4651,-37884.70,1337.4241
6398081,1776121620,BTC,2500,2500,0.4722,-9.2067,0.0061,nan,-75869.3828,6100657,0.4651,-37884.69,1337.4241
6398082,1776121680,BTC,2500,2500,0.4722,-9.2067,0.0061,nan,-75869.4297,6100658,0.4651,-37884.71,1337.4241
6398083,1776121740,BTC,2500,2500,0.4722,-9.2067,0.0061,nan,-75869.4766,6100659,0.4651,-37884.74,1337.4241
6398084,1776121800,BTC,2500,2500,0.4722,-9.2067,0.0061,nan,-75869.4609,6100660,0.4651,-37884.73,1337.4241
6398085,1776121860,BTC,2500,2500,0.4722,-9.2067,0.0061,nan,-75869.4453,6100661,0.4651,-37884.72,1337.4241
6398086,1776121920,BTC,2500,2500,0.4722,-9.2067,0.0061,nan,-75869.4922,6100662,0.4651,-37884.75,1337.4241
6398087,1776121980,BTC,2500,2500,0.4722,-9.2067,0.0061,nan,-75869.5391,6100663,0.4651,-37884.77,1337.4241
6398088,1776122040,BTC,2500,2500,0.4722,-9.2067,0.0061,nan,-75869.5234,6100664,0.4651,-37884.76,1337.4241
6398089,1776122100,BTC,2500,2500,0.4722,-9.2067,0.0061,nan,-75869.5703,6100665,0.4651,-37884.79,1337.4241
6398090,1776122160,BTC,2500,2500,0.4722,-9.2067,0.0061,nan,-75869.5547,6100666,0.4651,-37884.78,1337.4241
6398091,1776122220,BTC,2500,2500,0.4722,-9.2067,0.0061,nan,-75869.5391,6100667,0.4651,-37884.77,1337.4241
6398092,1776122280,BTC,2500,2500,0.4722,-9.2067,0.0061,nan,-75869.5234,6100668,0.4651,-37884.76,1337.4241
6398093,1776122340,BTC,2500,2500,0.4722,-9.2067,0.0061,nan,-75869.5078,6100669,0.4651,-37884.75,1337.4241
6398094,1776122400,BTC,2500,2500,0.4722,-9.2067,0.0061,nan,-75869.5547,6100670,0.4651,-37884.78,1337.4241
6398095,1776122460,BTC,2500,2500,0.4722,-9.2067,0.0061,nan,-75869.5391,6100671,0.4651,-37884.77,1337.4241
6398096,1776122520,BTC,2500,2500,0.4722,-9.2067,0.0061,nan,-75869.5234,6100672,0.4651,-37884.76,1337.4241
6398097,1776122580,BTC,2500,2500,0.4722,-9.2067,0.0061,nan,-75869.5703,6100673,0.4651,-37884.79,1337.4241
6398098,1776122640,BTC,2500,2500,0.4722,-9.2067,0.0061,nan,-75869.5547,6100674,0.4651,-37884.78,1337.4241
6398099,1776122700,BTC,2500,2500,0.4722,-9.2067,0.0061,nan,-75869.6016,6100675,0.4651,-37884.80,1337.4241
6398100,1776122760,BTC,2500,2500,0.4722,-9.2067,0.0061,nan,-75869.6484,6100676,0.4651,-37884.82,1337.4241
6398101,1776122820,BTC,2500,2500,0.4722,-9.2067,0.0061,nan,-75869.6328,6100677,0.4651,-37884.82,1337.4241
6398102,1776122880,BTC,2500,2500,0.4722,-9.2067,0.0061,nan,-75869.6797,6100678,0.4651,-37884.84,1337.4241
6398103,1776122940,BTC,2500,2500,0.4722,-9.2067,0.0061,nan,-75869.7266,6100679,0.4651,-37884.86,1337.4241
6398104,1776123000,BTC,2500,2500,0.4722,-9.2067,0.0061,nan,-75869.7734,6100680,0.4651,-37884.89,1337.4241
6398105,1776123060,BTC,2500,2500,0.4722,-9.2067,0.0061,nan,-75869.7578,6100681,0.4651,-37884.88,1337.4241
6398106,1776123120,BTC,2500,2500,0.4722,-9.2067,0.0061,nan,-75869.7422,6100682,0.4651,-37884.87,1337.4241
6398107,1776123180,BTC,2500,2500,0.4722,-9.2067,0.0061,nan,-75869.7891,6100683,0.4651,-37884.89,1337.4241
6398108,1776123240,BTC,2500,2500,0.4722,-9.2067,0.0061,nan,-75869.8359,6100684,0.4651,-37884.92,1337.4241
6398109,1776123300,BTC,2500,2500,0.4722,-9.2067,0.0061,nan,-75869.8203,6100685,0.4651,-37884.91,1337.4241
6398110,1776123360,BTC,2500,2500,0.4722,-9.2067,0.0061,nan,-75869.8672,6100686,0.4651,-37884.93,1337.4241
6398111,1776123420,BTC,2500,2500,0.4722,-9.2067,0.0061,nan,-75869.8516,6100687,0.4651,-37884.93,1337.4241
6398112,1776123480,BTC,2500,2500,0.4722,-9.2067,0.0061,nan,-75869.8359,6100688,0.4651,-37884.92,1337.4241
6398113,1776123540,BTC,2500,2500,0.4722,-9.2067,0.0061,nan,-75869.8203,6100689,0.4651,-37884.91,1337.4241
6398114,1776123600,BTC,2500,2500,0.4722,-9.2067,0.0061,nan,-75869.8047,6100690,0.4651,-37884.90,1337.4241
6398115,1776123660,BTC,2500,2500,0.4722,-9.2067,0.0061,nan,-75869.7891,6100691,0.4651,-37884.89,1337.4241
6398116,1776123720,BTC,2500,2500,0.4722,-9.2067,0.0061,nan,-75869.7734,6100692,0.4651,-37884.89,1337.4241
6398117,1776123780,BTC,2500,2500,0.4722,-9.2067,0.0061,nan,-75869.8203,6100693,0.4651,-37884.91,1337.4241
6398118,1776123840,BTC,2500,2500,0.4722,-9.2067,0.0061,nan,-75869.8047,6100694,0.4651,-37884.90,1337.4241
6398119,1776123900,BTC,2500,2500,0.4722,-9.2067,0.0061,nan,-75869.7891,6100695,0.4651,-37884.89,1337.4241
6398120,1776123960,BTC,2500,2500,0.4722,-9.2067,0.0061,nan,-75869.7734,6100696,0.4651,-37884.89,1337.4241
6398121,1776124020,BTC,2500,2500,0.4722,-9.2067,0.0061,nan,-75869.8203,6100697,0.4651,-37884.91,1337.4241
6398122,1776124080,BTC,2500,2500,0.4722,-9.2067,0.0061,nan,-75869.8047,6100698,0.4651,-37884.90,1337.4241
6398123,1776124140,BTC,2500,2500,0.4722,-9.2067,0.0061,nan,-75869.7891,6100699,0.4651,-37884.89,1337.4241
6398124,1776124200,BTC,2500,2500,0.4722,-9.2067,0.0061,nan,-75869.8359,6100700,0.4651,-37884.92,1337.4241
6398125,1776124260,BTC,2500,2500,0.4722,-9.2067,0.0061,nan,-75869.8203,6100701,0.4651,-37884.91,1337.4241
6398126,1776124320,BTC,2500,2500,0.4722,-9.2067,0.0061,nan,-75869.8672,6100702,0.4651,-37884.93,1337.4241
6398127,1776124380,BTC,2500,2500,0.4722,-9.2067,0.0061,nan,-75869.9141,6100703,0.4651,-37884.96,1337.4241
6398128,1776124440,BTC,2500,2500,0.4722,-9.2067,0.0061,nan,-75869.9609,6100704,0.4651,-37884.98,1337.4241
6398129,1776124500,BTC,2500,2500,0.4722,-9.2067,0.0061,nan,-75869.9453,6100705,0.4651,-37884.97,1337.4241
6398130,1776124560,BTC,2500,2500,0.4722,-9.2067,0.0061,nan,-75869.9297,6100706,0.4651,-37884.96,1337.4241
6398131,1776124620,BTC,2500,2500,0.4722,-9.2067,0.0061,nan,-75869.9141,6100707,0.4651,-37884.96,1337.4241
6398132,1776124680,BTC,2500,2500,0.4722,-9.2067,0.0061,nan,-75869.8984,6100708,0.4651,-37884.95,1337.4241
6398133,1776124740,BTC,2500,2500,0.4722,-9.2067,0.0061,nan,-75869.8828,6100709,0.4651,-37884.94,1337.4241
6398134,1776124800,BTC,2500,2500,0.4722,-9.2067,0.0061,0.0000,-75869.9297,6100710,0.4651,-37884.96,1337.4241
6398135,1776124860,BTC,2500,2500,0.4722,-9.2067,0.0061,0.0000,-75869.9766,6100711,0.4651,-37884.99,1337.4241
6398136,1776124920,BTC,2500,2500,0.4722,-9.2067,0.0061,0.0000,-75870.0234,6100712,0.4651,-37885.01,1337.4241
6398137,1776124980,BTC,2500,2500,0.4722,-9.2067,0.0061,0.0000,-75870.0078,6100713,0.4651,-37885.00,1337.4241
6398138,1776125040,BTC,2500,2500,0.4722,-9.2067,0.0061,0.0000,-75869.9922,6100714,0.4651,-37885.00,1337.4241
6398139,1776125100,BTC,2500,2500,0.4722,-9.2067,0.0061,0.0000,-75869.9766,6100715,0.4651,-37884.99,1337.4241
6398140,1776125160,BTC,2500,2500,0.4722,-9.2067,0.0061,0.0000,-75869.9609,6100716,0.4651,-37884.98,1337.4241
6398141,1776125220,BTC,2500,2500,0.4722,-9.2067,0.0061,0.0000,-75869.9453,6100717,0.4651,-37884.97,1337.4241
6398142,1776125280,BTC,2500,2500,0.4722,-9.2067,0.0061,0.0000,-75869.9297,6100718,0.4651,-37884.96,1337.4241
6398143,1776125340,BTC,2500,2500,0.4722,-9.2067,0.0061,0.0000,-75869.9141,6100719,0.4651,-37884.96,1337.4241
6398144,1776125400,BTC,2500,2500,0.4722,-9.2067,0.0061,0.0200,-75869.9609,6100720,0.4651,-37884.98,1337.4241
6398145,1776125460,BTC,2500,2500,0.4722,-9.2067,0.0061,0.0200,-75870.0078,6100721,0.4651,-37885.00,1337.4241
6398146,1776125520,BTC,2500,2500,0.4722,-9.2067,0.0061,0.0200,-75869.9922,6100722,0.4651,-37885.00,1337.4241
6398147,1776125580,BTC,2500,2500,0.4722,-9.2067,0.0061,0.0200,-75869.9766,6100723,0.4651,-37884.99,1337.4241
6398148,1776125640,BTC,2500,2500,0.4722,-9.2067,0.0061,0.0000,-75870.0234,6100724,0.4651,-37885.01,1337.4241
6398149,1776125700,BTC,2500,2500,0.4722,-9.2067,0.0061,0.0000,-75870.0703,6100725,0.4651,-37885.04,1337.4241
6398150,1776125760,BTC,2500,2500,0.4722,-9.2067,0.0061,0.0000,-75870.1172,6100726,0.4651,-37885.06,1337.4241
6398151,1776125820,BTC,2500,2500,0.4722,-9.2067,0.0061,0.0000,-75870.1641,6100727,0.4651,-37885.08,1337.4241
6398152,1776125880,BTC,2500,2500,0.4722,-9.2067,0.0061,0.0000,-75870.1484,6100728,0.4651,-37885.07,1337.4241
6398153,1776125940,BTC,2500,2500,0.4722,-9.2067,0.0061,0.0000,-75870.1328,6100729,0.4651,-37885.07,1337.4241
6398154,1776126000,BTC,2500,2500,0.4722,-9.2067,0.0061,0.0000,-75870.1172,6100730,0.4651,-37885.06,1337.4241
6398155,1776126060,BTC,2500,2500,0.4722,-9.2067,0.0061,0.0000,-75870.1016,6100731,0.4651,-37885.05,1337.4241
6398156,1776126120,BTC,2500,2500,0.4722,-9.2067,0.0061,0.0000,-75870.0859,6100732,0.4651,-37885.04,1337.4241
6398157,1776126180,BTC,2500,2500,0.4722,-9.2067,0.0061,0.0000,-75870.0703,6100733,0.4651,-37885.04,1337.4241
6398158,1776126240,BTC,2500,2500,0.4722,-9.2067,0.0061,0.0000,-75870.1172,6100734,0.4651,-37885.06,1337.4241
6398159,1776126300,BTC,2500,2500,0.4722,-9.2067,0.0061,0.0000,-75870.1016,6100735,0.4651,-37885.05,1337.4241
6398160,1776126360,BTC,2500,2500,0.4722,-9.2067,0.0061,0.0200,-75870.1484,6100736,0.4651,-37885.07,1337.4241
6398161,1776126420,BTC,2500,2500,0.4722,-9.2067,0.0061,0.0200,-75870.1328,6100737,0.4651,-37885.07,1337.4241
6398162,1776126480,BTC,2500,2500,0.4722,-9.2067,0.0061,0.0200,-75870.1797,6100738,0.4651,-37885.09,1337.4241
6398163,1776126540,BTC,2500,2500,0.4722,-9.2067,0.0061,0.0000,-75870.2266,6100739,0.4651,-37885.11,1337.4241
6398164,1776126600,BTC,2500,2500,0.4722,-9.2067,0.0061,0.0000,-75870.2734,6100740,0.4651,-37885.14,1337.4241
6398165,1776126660,BTC,2500,2500,0.4722,-9.2067,0.0061,0.0000,-75870.2578,6100741,0.4651,-37885.13,1337.4241
6398166,1776126720,BTC,2500,2500,0.4722,-9.2067,0.0061,0.0000,-75870.3047,6100742,0.4651,-37885.15,1337.4241
6398167,1776126780,BTC,2500,2500,0.4722,-9.2067,0.0061,0.0000,-75870.2891,6100743,0.4651,-37885.14,1337.4241
6398168,1776126840,BTC,2500,2500,0.4722,-9.2067,0.0061,0.0000,-75870.3359,6100744,0.4651,-37885.17,1337.4241
6398169,1776126900,BTC,2500,2500,0.4722,-9.2067,0.0061,0.0000,-75870.3828,6100745,0.4651,-37885.19,1337.4241
6398170,1776126960,BTC,2500,2500,0.4722,-9.2067,0.0061,0.0000,-75870.4297,6100746,0.4651,-37885.21,1337.4241
6398171,1776127020,BTC,2500,2500,0.4722,-9.2067,0.0061,0.0000,-75870.4766,6100747,0.4651,-37885.24,1337.4241
6398172,1776127080,BTC,2500,2500,0.4722,-9.2067,0.0061,0.0000,-75870.5234,6100748,0.4651,-37885.26,1337.4241
6398173,1776127140,BTC,2500,2500,0.4722,-9.2067,0.0061,0.0000,-75870.5078,6100749,0.4651,-37885.25,1337.4241
6398174,1776127200,BTC,2500,2500,0.4722,-9.2067,0.0061,0.0000,-75870.4922,6100750,0.4651,-37885.25,1337.4241
6398175,1776127260,BTC,2500,2500,0.4722,-9.2067,0.0061,0.0000,-75870.4766,6100751,0.4651,-37885.24,1337.4241
6398176,1776127320,BTC,2500,2500,0.4722,-9.2067,0.0061,0.0200,-75870.4609,6100752,0.4651,-37885.23,1337.4241
6398177,1776127380,BTC,2500,2500,0.4722,-9.2067,0.0061,0.0000,-75870.4453,6100753,0.4651,-37885.22,1337.4241
6398178,1776127440,BTC,2500,2500,0.4722,-9.2067,0.0061,0.0000,-75870.4922,6100754,0.4651,-37885.25,1337.4241
6398179,1776127500,BTC,2500,2500,0.4722,-9.2067,0.0061,0.0000,-75870.4766,6100755,0.4651,-37885.24,1337.4241
6398180,1776127560,BTC,2500,2500,0.4722,-9.2067,0.0061,0.0000,-75870.4609,6100756,0.4651,-37885.23,1337.4241
6398181,1776127620,BTC,2500,2500,0.4722,-9.2067,0.0061,0.0000,-75870.4453,6100757,0.4651,-37885.22,1337.4241
6398182,1776127680,BTC,2500,2500,0.4722,-9.2067,0.0061,0.0000,-75870.4922,6100758,0.4651,-37885.25,1337.4241
6398183,1776127740,BTC,2500,2500,0.4722,-9.2067,0.0061,0.0000,-75870.4766,6100759,0.4651,-37885.24,1337.4241
6398184,1776127800,BTC,2500,2500,0.4722,-9.2067,0.0061,0.0000,-75870.5234,6100760,0.4651,-37885.26,1337.4241
6398185,1776127860,BTC,2500,2500,0.4722,-9.2067,0.0061,0.0200,-75870.5078,6100761,0.4651,-37885.25,1337.4241
6398186,1776127920,BTC,2500,2500,0.4722,-9.2067,0.0061,0.0200,-75870.5547,6100762,0.4651,-37885.28,1337.4241
6398187,1776127980,BTC,2500,2500,0.4722,-9.2067,0.0061,0.0200,-75870.6016,6100763,0.4651,-37885.30,1337.4241
6398188,1776128040,BTC,2500,2500,0.4722,-9.2067,0.0061,0.0200,-75870.5859,6100764,0.4651,-37885.29,1337.4241
6398189,1776128100,BTC,2500,2500,0.4722,-9.2067,0.0061,0.0200,-75870.5703,6100765,0.4651,-37885.29,1337.4241
6398190,1776128160,BTC,2500,2500,0.4722,-9.2067,0.0061,0.0000,-75870.6172,6100766,0.4651,-37885.31,1337.4241
6398191,1776128220,BTC,2500,2500,0.4722,-9.2067,0.0061,0.0200,-75870.6641,6100767,0.4651,-37885.33,1337.4241
6398192,1776128280,BTC,2500,2500,0.4722,-9.2067,0.0061,0.0200,-75870.7109,6100768,0.4651,-37885.36,1337.4241
6398193,1776128340,BTC,2500,2500,0.4722,-9.2067,0.0061,0.0000,-75870.7578,6100769,0.4651,-37885.38,1337.4241
6398194,1776128400,BTC,2500,2500,0.4722,-9.2067,0.0061,0.0000,-75870.7422,6100770,0.4651,-37885.37,1337.4241
6398195,1776128460,BTC,2500,2500,0.4722,-9.2067,0.0061,0.0000,-75870.7266,6100771,0.4651,-37885.36,1337.4241
6398196,1776128520,BTC,2500,2500,0.4722,-9.2067,0.0061,0.0000,-75870.7734,6100772,0.4651,-37885.39,1337.4241
6398197,1776128580,BTC,2500,2500,0.4722,-9.2067,0.0061,0.0000,-75870.7578,6100773,0.4651,-37885.38,1337.4241
6398198,1776128640,BTC,2500,2500,0.4722,-9.2067,0.0061,0.0000,-75870.8047,6100774,0.4651,-37885.40,1337.4241
6398199,1776128700,BTC,2500,2500,0.4722,-9.2067,0.0061,0.0000,-75870.8516,6100775,0.4651,-37885.43,1337.4241
6398200,1776128760,BTC,2500,2500,0.4722,-9.2067,0.0061,0.0000,-75870.8984,6100776,0.4651,-37885.45,1337.4241
6398201,1776128820,BTC,2500,2500,0.4722,-9.2067,0.0061,0.0000,-75870.8828,6100777,0.4651,-37885.44,1337.4241
6398202,1776128880,BTC,2500,2500,0.4722,-9.2067,0.0061,0.0000,-75870.9297,6100778,0.4651,-37885.46,1337.4241
6398203,1776128940,BTC,2500,2500,0.4722,-9.2067,0.0061,0.0000,-75870.9766,6100779,0.4651,-37885.49,1337.4241
6398204,1776129000,BTC,2500,2500,0.4722,-9.2067,0.0061,0.0200,-75870.9609,6100780,0.4651,-37885.48,1337.4241
6398205,1776129060,BTC,2500,2500,0.4722,-9.2067,0.0061,0.0200,-75871.0078,6100781,0.4651,-37885.50,1337.4241
6398206,1776129120,BTC,2500,2500,0.4722,-9.2067,0.0061,0.0200,-75870.9922,6100782,0.4651,-37885.50,1337.4241
6398207,1776129180,BTC,2500,2500,0.4722,-9.2067,0.0061,0.0000,-75870.9766,6100783,0.4651,-37885.49,1337.4241
6398208,1776129240,BTC,2500,2500,0.4722,-9.2067,0.0061,0.0000,-75870.9609,6100784,0.4651,-37885.48,1337.4241
6398209,1776129300,BTC,2500,2500,0.4722,-9.2067,0.0061,0.0000,-75870.9453,6100785,0.4651,-37885.47,1337.4241
6398210,1776129360,BTC,2500,2500,0.4722,-9.2067,0.0061,0.0000,-75870.9297,6100786,0.4651,-37885.46,1337.4241
6398211,1776129420,BTC,2500,2500,0.4722,-9.2067,0.0061,0.0000,-75870.9766,6100787,0.4651,-37885.49,1337.4241
6398212,1776129480,BTC,2500,2500,0.4722,-9.2067,0.0061,0.0000,-75870.9609,6100788,0.4651,-37885.48,1337.4241
6398213,1776129540,BTC,2500,2500,0.4722,-9.2067,0.0061,0.0000,-75871.0078,6100789,0.4651,-37885.50,1337.4241
6398214,1776129600,BTC,2500,2500,0.4722,-9.2067,0.0061,0.0000,-75870.9922,6100790,0.4651,-37885.50,1337.4241
6398215,1776129660,BTC,2500,2500,0.4722,-9.2067,0.0061,0.0000,-75871.0391,6100791,0.4651,-37885.52,1337.4241
6398216,1776129720,BTC,2500,2500,0.4722,-9.2067,0.0061,0.0000,-75871.0859,6100792,0.4651,-37885.54,1337.4241
6398217,1776129780,BTC,2500,2500,0.4722,-9.2067,0.0061,0.0000,-75871.1328,6100793,0.4651,-37885.57,1337.4241
6398218,1776129840,BTC,2500,2500,0.4722,-9.2067,0.0061,0.0000,-75871.1797,6100794,0.4651,-37885.59,1337.4241
6398219,1776129900,BTC,2500,2500,0.4722,-9.2067,0.0061,0.0000,-75871.2266,6100795,0.4651,-37885.61,1337.4241
6398220,1776129960,BTC,2500,2500,0.4722,-9.2067,0.0061,0.0000,-75871.2109,6100796,0.4651,-37885.61,1337.4241
6398221,1776130020,BTC,2500,2500,0.4722,-9.2067,0.0061,0.0000,-75871.2578,6100797,0.4651,-37885.63,1337.4241
6398222,1776130080,BTC,2500,2500,0.4722,-9.2067,0.0061,0.0000,-75871.3047,6100798,0.4651,-37885.65,1337.4241
6398223,1776130140,BTC,2500,2500,0.4722,-9.2067,0.0061,0.0000,-75871.2891,6100799,0.4651,-37885.64,1337.4241
6398224,1776130200,BTC,2500,2500,0.4722,-9.2067,0.0061,0.0000,-75871.3359,6100800,0.4651,-37885.67,1337.4241
6398225,1776130260,BTC,2500,2500,0.4722,-9.2067,0.0061,0.0000,-75871.3828,6100801,0.4651,-37885.69,1337.4241
6398226,1776130320,BTC,2500,2500,0.4722,-9.2067,0.0061,0.0000,-75871.3672,6100802,0.4651,-37885.68,1337.4241
6398227,1776130380,BTC,2500,2500,0.4722,-9.2067,0.0061,0.0000,-75871.4141,6100803,0.4651,-37885.71,1337.4241
6398228,1776130440,BTC,2500,2500,0.4722,-9.2067,0.0061,0.0000,-75871.4609,6100804,0.4651,-37885.73,1337.4241
6398229,1776130500,BTC,2500,2500,0.4722,-9.2067,0.0061,0.0000,-75871.5078,6100805,0.4651,-37885.75,1337.4241
6398230,1776130560,BTC,2500,2500,0.4722,-9.2067,0.0061,0.0000,-75871.5547,6100806,0.4651,-37885.78,1337.4241
6398231,1776130620,BTC,2500,2500,0.4722,-9.2067,0.0061,0.0000,-75871.5391,6100807,0.4651,-37885.77,1337.4241
6398232,1776130680,BTC,2500,2500,0.4722,-9.2067,0.0061,0.0000,-75871.5859,6100808,0.4651,-37885.79,1337.4241
6398233,1776130740,BTC,2500,2500,0.4722,-9.2067,0.0061,0.0000,-75871.6328,6100809,0.4651,-37885.82,1337.4241
6398234,1776130800,BTC,2500,2500,0.4722,-9.2067,0.0061,0.0000,-75871.6797,6100810,0.4651,-37885.84,1337.4241
6398235,1776130860,BTC,2500,2500,0.4722,-9.2067,0.0061,0.0000,-75871.7266,6100811,0.4651,-37885.86,1337.4241
6398236,1776130920,BTC,2500,2500,0.4722,-9.2067,0.0061,0.0000,-75871.7734,6100812,0.4651,-37885.89,1337.4241
6398237,1776130980,BTC,2500,2500,0.4722,-9.2067,0.0061,0.0000,-75871.8203,6100813,0.4651,-37885.91,1337.4241
6398238,1776131040,BTC,2500,2500,0.4722,-9.2067,0.0061,0.0000,-75871.8672,6100814,0.4651,-37885.93,1337.4241
6398239,1776131100,BTC,2500,2500,0.4722,-9.2067,0.0061,0.0000,-75871.8516,6100815,0.4651,-37885.93,1337.4241
6398240,1776131160,BTC,2500,2500,0.4722,-9.2067,0.0061,0.0200,-75871.8359,6100816,0.4651,-37885.92,1337.4241
6398241,1776131220,BTC,2500,2500,0.4722,-9.2067,0.0061,0.0200,-75871.8828,6100817,0.4651,-37885.94,1337.4241
6398242,1776131280,BTC,2500,2500,0.4722,-9.2067,0.0061,0.0000,-75871.8672,6100818,0.4651,-37885.93,1337.4241
6398243,1776131340,BTC,2500,2500,0.4722,-9.2067,0.0061,0.0000,-75871.9141,6100819,0.4651,-37885.96,1337.4241
6398244,1776131400,BTC,2500,2500,0.4722,-9.2067,0.0061,0.0000,-75871.9609,6100820,0.4651,-37885.98,1337.4241
cycle,window_ts,asset,votes,active,win_rate,sharpe,dd_pct,consensus_spread,room_pnl_pct,room_trades,room_wr,room_cap,slippage$
6398245,1776131460,BTC,2500,2500,0.4722,-9.2067,0.0061,0.0200,-75871.9453,6100821,0.4651,-37885.97,1337.4241
6398246,1776131520,BTC,2500,2500,0.4722,-9.2067,0.0061,0.0000,-75871.9297,6100822,0.4651,-37885.96,1337.4241
6398247,1776131580,BTC,2500,2500,0.4722,-9.2067,0.0061,0.0000,-75871.9766,6100823,0.4651,-37885.99,1337.4241
