22824746,1772021100,BTC,2500,2500,0.4722,-9.2067,0.0221,0.0000,-158446.4375,21774868,0.4651,-79173.22,4530.1606
22824747,1772021160,BTC,2500,2500,0.4722,-9.2067,0.0221,0.0000,-158446.4062,21774869,0.4651,-79173.20,4530.1606
22824748,1772021220,BTC,2500,2500,0.4722,-9.2067,0.0221,0.0000,-158446.4375,21774870,0.4651,-79173.22,4530.1606
22824749,1772021280,BTC,2500,2500,0.4722,-9.2067,0.0221,0.0000,-158446.4688,21774871,0.4651,-79173.23,4530.1606
22824750,1772021340,BTC,2500,2500,0.4722,-9.2067,0.0221,0.0000,-158446.4375,21774872,0.4651,-79173.22,4530.1606
22824751,1772021400,BTC,2500,2500,0.4722,-9.2067,0.0221,0.0000,-158446.4688,21774873,0.4651,-79173.23,4530.1606
22824752,1772021460,BTC,2500,2500,0.4722,-9.2067,0.0221,0.0000,-158446.4375,21774874,0.4651,-79173.22,4530.1606
22824753,1772021520,BTC,2500,2500,0.4722,-9.2067,0.0221,0.0000,-158446.4688,21774875,0.4651,-79173.23,4530.1606
22824754,1772021580,BTC,2500,2500,0.4722,-9.2067,0.0221,0.0000,-158446.5000,21774876,0.4651,-79173.25,4530.1606
22824755,1772021640,BTC,2500,2500,0.4722,-9.2067,0.0221,0.0000,-158446.5312,21774877,0.4651,-79173.27,4530.1606
22824756,1772021700,BTC,2500,2500,0.4722,-9.2067,0.0221,0.0200,-158446.5000,21774878,0.4651,-79173.25,4530.1606
22824757,1772021760,BTC,2500,2500,0.4722,-9.2067,0.0221,0.0200,-158446.5312,21774879,0.4651,-79173.27,4530.1606
22824758,1772021820,BTC,2500,2500,0.4722,-9.2067,0.0221,0.0000,-158446.5000,21774880,0.4651,-79173.25,4530.1606
22824759,1772021880,BTC,2500,2500,0.4722,-9.2067,0.0221,0.0000,-158446.5312,21774881,0.4651,-79173.27,4530.1606
22824760,1772021940,BTC,2500,2500,0.4722,-9.2067,0.0221,0.0000,-158446.5000,21774882,0.4651,-79173.25,4530.1606
22824761,1772022000,BTC,2500,2500,0.4722,-9.2067,0.0221,0.0200,-158446.4688,21774883,0.4651,-79173.23,4530.1606
22824762,1772022060,BTC,2500,2500,0.4722,-9.2067,0.0221,0.0200,-158446.4375,21774884,0.4651,-79173.22,4530.1606
22824763,1772022120,BTC,2500,2500,0.4722,-9.2067,0.0221,0.0200,-158446.4062,21774885,0.4651,-79173.20,4530.1606
22824764,1772022180,BTC,2500,2500,0.4722,-9.2067,0.0221,0.0200,-158446.4375,21774886,0.4651,-79173.22,4530.1606
22824765,1772022240,BTC,2500,2500,0.4722,-9.2067,0.0221,0.0000,-158446.4062,21774887,0.4651,-79173.20,4530.1606
22824766,1772022300,BTC,2500,2500,0.4722,-9.2067,0.0221,0.0000,-158446.3750,21774888,0.4651,-79173.19,4530.1606
22824767,1772022360,BTC,2500,2500,0.4722,-9.2067,0.0221,0.0000,-158446.4062,21774889,0.4651,-79173.20,4530.1606
22824768,1772022420,BTC,2500,2500,0.4722,-9.2067,0.0221,0.0000,-158446.3750,21774890,0.4651,-79173.19,4530.1606
22824769,1772022480,BTC,2500,2500,0.4722,-9.2067,0.0221,0.0000,-158446.4062,21774891,0.4651,-79173.20,4530.1606
22824770,1772022540,BTC,2500,2500,0.4722,-9.2067,0.0221,0.0000,-158446.3750,21774892,0.4651,-79173.19,4530.1606
22824771,1772022600,BTC,2500,2500,0.4722,-9.2067,0.0221,0.0000,-158446.3438,21774893,0.4651,-79173.17,4530.1606
22824772,1772022660,BTC,2500,2500,0.4722,-9.2067,0.0221,0.0200,-158446.3750,21774894,0.4651,-79173.19,4530.1606
22824773,1772022720,BTC,2500,2500,0.4722,-9.2067,0.0221,0.0000,-158446.4062,21774895,0.4651,-79173.20,4530.1606
22824774,1772022780,BTC,2500,2500,0.4722,-9.2067,0.0221,0.0000,-158446.4375,21774896,0.4651,-79173.22,4530.1606
22824775,1772022840,BTC,2500,2500,0.4722,-9.2067,0.0221,0.0000,-158446.4062,21774897,0.4651,-79173.20,4530.1606
22824776,1772022900,BTC,2500,2500,0.4722,-9.2067,0.0221,0.0000,-158446.4375,21774898,0.4651,-79173.22,4530.1606
22824777,1772022960,BTC,2500,2500,0.4722,-9.2067,0.0221,0.0000,-158446.4688,21774899,0.4651,-79173.23,4530.1606
22824778,1772023020,BTC,2500,2500,0.4722,-9.2067,0.0221,0.0000,-158446.4375,21774900,0.4651,-79173.22,4530.1606
22824779,1772023080,BTC,2500,2500,0.4722,-9.2067,0.0221,0.0000,-158446.4062,21774901,0.4651,-79173.20,4530.1606
22824780,1772023140,BTC,2500,2500,0.4722,-9.2067,0.0221,0.0000,-158446.3750,21774902,0.4651,-79173.19,4530.1606
22824781,1772023200,BTC,2500,2500,0.4722,-9.2067,0.0221,0.0000,-158446.4062,21774903,0.4651,-79173.20,4530.1606
22824782,1772023260,BTC,2500,2500,0.4722,-9.2067,0.0221,0.0000,-158446.4375,21774904,0.4651,-79173.22,4530.1606
22824783,1772023320,BTC,2500,2500,0.4722,-9.2067,0.0221,0.0000,-158446.4062,21774905,0.4651,-79173.20,4530.1606
22824784,1772023380,BTC,2500,2500,0.4722,-9.2067,0.0221,0.0000,-158446.3750,21774906,0.4651,-79173.19,4530.1606
22824785,1772023440,BTC,2500,2500,0.4722,-9.2067,0.0221,0.0000,-158446.4062,21774907,0.4651,-79173.20,4530.1606
22824786,1772023500,BTC,2500,2500,0.4722,-9.2067,0.0221,0.0000,-158446.3750,21774908,0.4651,-79173.19,4530.1606
22824787,1772023560,BTC,2500,2500,0.4722,-9.2067,0.0221,0.0000,-158446.4062,21774909,0.4651,-79173.20,4530.1606
22824788,1772023620,BTC,2500,2500,0.4722,-9.2067,0.0221,0.0000,-158446.3750,21774910,0.4651,-79173.19,4530.1606
22824789,1772023680,BTC,2500,2500,0.4722,-9.2067,0.0221,0.0200,-158446.3438,21774911,0.4651,-79173.17,4530.1606
22824790,1772023740,BTC,2500,2500,0.4722,-9.2067,0.0221,0.0200,-158446.3125,21774912,0.4651,-79173.16,4530.1606
22824791,1772023800,BTC,2500,2500,0.4722,-9.2067,0.0221,0.0200,-158446.2812,21774913,0.4651,-79173.14,4530.1606
22824792,1772023860,BTC,2500,2500,0.4722,-9.2067,0.0221,0.0200,-158446.2500,21774914,0.4651,-79173.12,4530.1606
22824793,1772023920,BTC,2500,2500,0.4722,-9.2067,0.0221,0.0200,-158446.2188,21774915,0.4651,-79173.11,4530.1606
22824794,1772023980,BTC,2500,2500,0.4722,-9.2067,0.0221,0.0200,-158446.2500,21774916,0.4651,-79173.12,4530.1606
22824795,1772024040,BTC,2500,2500,0.4722,-9.2067,0.0221,0.0200,-158446.2812,21774917,0.4651,-79173.14,4530.1606
22824796,1772024100,BTC,2500,2500,0.4722,-9.2067,0.0221,0.0000,-158446.2500,21774918,0.4651,-79173.12,4530.1606
22824797,1772024160,BTC,2500,2500,0.4722,-9.2067,0.0221,0.0000,-158446.2812,21774919,0.4651,-79173.14,4530.1606
22824798,1772024220,BTC,2500,2500,0.4722,-9.2067,0.0221,0.0000,-158446.2500,21774920,0.4651,-79173.12,4530.1606
22824799,1772024280,BTC,2500,2500,0.4722,-9.2067,0.0221,0.0000,-158446.2812,21774921,0.4651,-79173.14,4530.1606
22824800,1772024340,BTC,2500,2500,0.4722,-9.2067,0.0221,0.0000,-158446.3125,21774922,0.4651,-79173.16,4530.1606
22824801,1772024400,BTC,2500,2500,0.4722,-9.2067,0.0221,0.0000,-158446.3438,21774923,0.4651,-79173.17,4530.1606
22824802,1772024460,BTC,2500,2500,0.4722,-9.2067,0.0221,0.0000,-158446.3125,21774924,0.4651,-79173.16,4530.1606
22824803,1772024520,BTC,2500,2500,0.4722,-9.2067,0.0221,0.0000,-158446.3438,21774925,0.4651,-79173.17,4530.1606
22824804,1772024580,BTC,2500,2500,0.4722,-9.2067,0.0221,0.0000,-158446.3750,21774926,0.4651,-79173.19,4530.1606
22824805,1772024640,BTC,2500,2500,0.4722,-9.2067,0.0221,0.0000,-158446.3438,21774927,0.4651,-79173.17,4530.1606
22824806,1772024700,BTC,2500,2500,0.4722,-9.2067,0.0221,0.0000,-158446.3750,21774928,0.4651,-79173.19,4530.1606
22824807,1772024760,BTC,2500,2500,0.4722,-9.2067,0.0221,0.0200,-158446.3438,21774929,0.4651,-79173.17,4530.1606
22824808,1772024820,BTC,2500,2500,0.4722,-9.2067,0.0221,0.0000,-158446.3125,21774930,0.4651,-79173.16,4530.1606
22824809,1772024880,BTC,2500,2500,0.4722,-9.2067,0.0221,0.0000,-158446.2812,21774931,0.4651,-79173.14,4530.1606
22824810,1772024940,BTC,2500,2500,0.4722,-9.2067,0.0221,0.0000,-158446.2500,21774932,0.4651,-79173.12,4530.1606
22824811,1772025000,BTC,2500,2500,0.4722,-9.2067,0.0221,0.0000,-158446.2188,21774933,0.4651,-79173.11,4530.1606
22824812,1772025060,BTC,2500,2500,0.4722,-9.2067,0.0221,0.0000,-158446.2500,21774934,0.4651,-79173.12,4530.1606
22824813,1772025120,BTC,2500,2500,0.4722,-9.2067,0.0221,0.0000,-158446.2812,21774935,0.4651,-79173.14,4530.1606
22824814,1772025180,BTC,2500,2500,0.4722,-9.2067,0.0221,0.0000,-158446.3125,21774936,0.4651,-79173.16,4530.1606
22824815,1772025240,BTC,2500,2500,0.4722,-9.2067,0.0221,0.0000,-158446.2812,21774937,0.4651,-79173.14,4530.1606
22824816,1772025300,BTC,2500,2500,0.4722,-9.2067,0.0221,0.0200,-158446.3125,21774938,0.4651,-79173.16,4530.1606
22824817,1772025360,BTC,2500,2500,0.4722,-9.2067,0.0221,0.0000,-158446.3438,21774939,0.4651,-79173.17,4530.1606
22824818,1772025420,BTC,2500,2500,0.4722,-9.2067,0.0221,0.0000,-158446.3750,21774940,0.4651,-79173.19,4530.1606
22824819,1772025480,BTC,2500,2500,0.4722,-9.2067,0.0221,0.0000,-158446.4062,21774941,0.4651,-79173.20,4530.1606
22824820,1772025540,BTC,2500,2500,0.4722,-9.2067,0.0221,0.0000,-158446.3750,21774942,0.4651,-79173.19,4530.1606
22824821,1772025600,BTC,2500,2500,0.4722,-9.2067,0.0221,0.0000,-158446.3438,21774943,0.4651,-79173.17,4530.1606
22824822,1772025660,BTC,2500,2500,0.4722,-9.2067,0.0221,0.0000,-158446.3750,21774944,0.4651,-79173.19,4530.1606
22824823,1772025720,BTC,2500,2500,0.4722,-9.2067,0.0221,0.0000,-158446.3438,21774945,0.4651,-79173.17,4530.1606
22824824,1772025780,BTC,2500,2500,0.4722,-9.2067,0.0221,0.0000,-158446.3750,21774946,0.4651,-79173.19,4530.1606
22824825,1772025840,BTC,2500,2500,0.4722,-9.2067,0.0221,0.0000,-158446.3438,21774947,0.4651,-79173.17,4530.1606
22824826,1772025900,BTC,2500,2500,0.4722,-9.2067,0.0221,0.0000,-158446.3750,21774948,0.4651,-79173.19,4530.1606
22824827,1772025960,BTC,2500,2500,0.4722,-9.2067,0.0221,0.0000,-158446.3438,21774949,0.4651,-79173.17,4530.1606
22824828,1772026020,BTC,2500,2500,0.4722,-9.2067,0.0221,0.0000,-158446.3750,21774950,0.4651,-79173.19,4530.1606
22824829,1772026080,BTC,2500,2500,0.4722,-9.2067,0.0221,0.0000,-158446.4062,21774951,0.4651,-79173.20,4530.1606
22824830,1772026140,BTC,2500,2500,0.4722,-9.2067,0.0221,0.0000,-158446.3750,21774952,0.4651,-79173.19,4530.1606
22824831,1772026200,BTC,2500,2500,0.4722,-9.2067,0.0221,0.0000,-158446.3438,21774953,0.4651,-79173.17,4530.1606
22824832,1772026260,BTC,2500,2500,0.4722,-9.2067,0.0221,0.0000,-158446.3750,21774954,0.4651,-79173.19,4530.1606
22824833,1772026320,BTC,2500,2500,0.4722,-9.2067,0.0221,0.0000,-158446.4062,21774955,0.4651,-79173.20,4530.1606
22824834,1772026380,BTC,2500,2500,0.4722,-9.2067,0.0221,0.0000,-158446.3750,21774956,0.4651,-79173.19,4530.1606
22824835,1772026440,BTC,2500,2500,0.4722,-9.2067,0.0221,0.0000,-158446.4062,21774957,0.4651,-79173.20,4530.1606
22824836,1772026500,BTC,2500,2500,0.4722,-9.2067,0.0221,0.0000,-158446.3750,21774958,0.4651,-79173.19,4530.1606
22824837,1772026560,BTC,2500,2500,0.4722,-9.2067,0.0221,0.0000,-158446.4062,21774959,0.4651,-79173.20,4530.1606
22824838,1772026620,BTC,2500,2500,0.4722,-9.2067,0.0221,0.0000,-158446.4375,21774960,0.4651,-79173.22,4530.1606
22824839,1772026680,BTC,2500,2500,0.4722,-9.2067,0.0221,0.0000,-158446.4062,21774961,0.4651,-79173.20,4530.1606
22824840,1772026740,BTC,2500,2500,0.4722,-9.2067,0.0221,0.0000,-158446.3750,21774962,0.4651,-79173.19,4530.1606
22824841,1772026800,BTC,2500,2500,0.4722,-9.2067,0.0221,0.0000,-158446.4062,21774963,0.4651,-79173.20,4530.1606
22824842,1772026860,BTC,2500,2500,0.4722,-9.2067,0.0221,0.0000,-158446.4375,21774964,0.4651,-79173.22,4530.1606
22824843,1772026920,BTC,2500,2500,0.4722,-9.2067,0.0221,0.0200,-158446.4062,21774965,0.4651,-79173.20,4530.1606
22824844,1772026980,BTC,2500,2500,0.4722,-9.2067,0.0221,0.0000,-158446.3750,21774966,0.4651,-79173.19,4530.1606
22824845,1772027040,BTC,2500,2500,0.4722,-9.2067,0.0221,0.0000,-158446.4062,21774967,0.4651,-79173.20,4530.1606
22824846,1772027100,BTC,2500,2500,0.4722,-9.2067,0.0221,0.0000,-158446.4375,21774968,0.4651,-79173.22,4530.1606
22824847,1772027160,BTC,2500,2500,0.4722,-9.2067,0.0221,0.0000,-158446.4062,21774969,0.4651,-79173.20,4530.1606
22824848,1772027220,BTC,2500,2500,0.4722,-9.2067,0.0221,0.0000,-158446.4375,21774970,0.4651,-79173.22,4530.1606
22824849,1772027280,BTC,2500,2500,0.4722,-9.2067,0.0221,0.0000,-158446.4688,21774971,0.4651,-79173.23,4530.1606
22824850,1772027340,BTC,2500,2500,0.4722,-9.2067,0.0221,0.0000,-158446.5000,21774972,0.4651,-79173.25,4530.1606
22824851,1772027400,BTC,2500,2500,0.4722,-9.2067,0.0221,0.0000,-158446.4688,21774973,0.4651,-79173.23,4530.1606
22824852,1772027460,BTC,2500,2500,0.4722,-9.2067,0.0221,0.0000,-158446.4375,21774974,0.4651,-79173.22,4530.1606
22824853,1772027520,BTC,2500,2500,0.4722,-9.2067,0.0221,0.0000,-158446.4688,21774975,0.4651,-79173.23,4530.1606
22824854,1772027580,BTC,2500,2500,0.4722,-9.2067,0.0221,0.0000,-158446.4375,21774976,0.4651,-79173.22,4530.1606
22824855,1772027640,BTC,2500,2500,0.4722,-9.2067,0.0221,0.0000,-158446.4062,21774977,0.4651,-79173.20,4530.1606
22824856,1772027700,BTC,2500,2500,0.4722,-9.2067,0.0221,0.0000,-158446.4375,21774978,0.4651,-79173.22,4530.1606
22824857,1772027760,BTC,2500,2500,0.4722,-9.2067,0.0221,0.0000,-158446.4688,21774979,0.4651,-79173.23,4530.1606
22824858,1772027820,BTC,2500,2500,0.4722,-9.2067,0.0221,0.0000,-158446.5000,21774980,0.4651,-79173.25,4530.1606
22824859,1772027880,BTC,2500,2500,0.4722,-9.2067,0.0221,0.0200,-158446.5312,21774981,0.4651,-79173.27,4530.1606
22824860,1772027940,BTC,2500,2500,0.4722,-9.2067,0.0221,0.0200,-158446.5000,21774982,0.4651,-79173.25,4530.1606
22824861,1772028000,BTC,2500,2500,0.4722,-9.2067,0.0221,0.0000,-158446.4688,21774983,0.4651,-79173.23,4530.1606
22824862,1772028060,BTC,2500,2500,0.4722,-9.2067,0.0221,0.0200,-158446.4375,21774984,0.4651,-79173.22,4530.1606
22824863,1772028120,BTC,2500,2500,0.4722,-9.2067,0.0221,0.0000,-158446.4688,21774985,0.4651,-79173.23,4530.1606
22824864,1772028180,BTC,2500,2500,0.4722,-9.2067,0.0221,0.0000,-158446.5000,21774986,0.4651,-79173.25,4530.1606
22824865,1772028240,BTC,2500,2500,0.4722,-9.2067,0.0221,0.0000,-158446.4688,21774987,0.4651,-79173.23,4530.1606
22824866,1772028300,BTC,2500,2500,0.4722,-9.2067,0.0221,0.0000,-158446.5000,21774988,0.4651,-79173.25,4530.1606
22824867,1772028360,BTC,2500,2500,0.4722,-9.2067,0.0221,0.0000,-158446.4688,21774989,0.4651,-79173.23,4530.1606
22824868,1772028420,BTC,2500,2500,0.4722,-9.2067,0.0221,0.0000,-158446.4375,21774990,0.4651,-79173.22,4530.1606
22824869,1772028480,BTC,2500,2500,0.4722,-9.2067,0.0221,0.0200,-158446.4062,21774991,0.4651,-79173.20,4530.1606
22824870,1772028540,BTC,2500,2500,0.4722,-9.2067,0.0221,0.0200,-158446.4375,21774992,0.4651,-79173.22,4530.1606
22824871,1772028600,BTC,2500,2500,0.4722,-9.2067,0.0221,0.0200,-158446.4062,21774993,0.4651,-79173.20,4530.1606
22824872,1772028660,BTC,2500,2500,0.4722,-9.2067,0.0221,0.0000,-158446.4375,21774994,0.4651,-79173.22,4530.1606
22824873,1772028720,BTC,2500,2500,0.4722,-9.2067,0.0221,0.0000,-158446.4688,21774995,0.4651,-79173.23,4530.1606
22824874,1772028780,BTC,2500,2500,0.4722,-9.2067,0.0221,0.0200,-158446.4375,21774996,0.4651,-79173.22,4530.1606
22824875,1772028840,BTC,2500,2500,0.4722,-9.2067,0.0221,0.0000,-158446.4688,21774997,0.4651,-79173.23,4530.1606
22824876,1772028900,BTC,2500,2500,0.4722,-9.2067,0.0221,0.0000,-158446.4375,21774998,0.4651,-79173.22,4530.1606
22824877,1772028960,BTC,2500,2500,0.4722,-9.2067,0.0221,0.0200,-158446.4062,21774999,0.4651,-79173.20,4530.1606
22824878,1772029020,BTC,2500,2500,0.4722,-9.2067,0.0221,0.0000,-158446.3750,21775000,0.4651,-79173.19,4530.1606
22824879,1772029080,BTC,2500,2500,0.4722,-9.2067,0.0221,0.0000,-158446.4062,21775001,0.4651,-79173.20,4530.1606
22824880,1772029140,BTC,2500,2500,0.4722,-9.2067,0.0221,0.0000,-158446.3750,21775002,0.4651,-79173.19,4530.1606
22824881,1772029200,BTC,2500,2500,0.4722,-9.2067,0.0221,0.0000,-158446.4062,21775003,0.4651,-79173.20,4530.1606
22824882,1772029260,BTC,2500,2500,0.4722,-9.2067,0.0221,0.0000,-158446.3750,21775004,0.4651,-79173.19,4530.1606
22824883,1772029320,BTC,2500,2500,0.4722,-9.2067,0.0221,0.0000,-158446.4062,21775005,0.4651,-79173.20,4530.1606
22824884,1772029380,BTC,2500,2500,0.4722,-9.2067,0.0221,0.0000,-158446.4375,21775006,0.4651,-79173.22,4530.1606
22824885,1772029440,BTC,2500,2500,0.4722,-9.2067,0.0221,0.0000,-158446.4688,21775007,0.4651,-79173.23,4530.1606
22824886,1772029500,BTC,2500,2500,0.4722,-9.2067,0.0221,0.0000,-158446.4375,21775008,0.4651,-79173.22,4530.1606
22824887,1772029560,BTC,2500,2500,0.4722,-9.2067,0.0221,0.0000,-158446.4688,21775009,0.4651,-79173.23,4530.1606
22824888,1772029620,BTC,2500,2500,0.4722,-9.2067,0.0221,0.0000,-158446.5000,21775010,0.4651,-79173.25,4530.1606
22824889,1772029680,BTC,2500,2500,0.4722,-9.2067,0.0221,0.0000,-158446.4688,21775011,0.4651,-79173.23,4530.1606
22824890,1772029740,BTC,2500,2500,0.4722,-9.2067,0.0221,0.0000,-158446.4375,21775012,0.4651,-79173.22,4530.1606
22824891,1772029800,BTC,2500,2500,0.4722,-9.2067,0.0221,0.0000,-158446.4062,21775013,0.4651,-79173.20,4530.1606
22824892,1772029860,BTC,2500,2500,0.4722,-9.2067,0.0221,0.0000,-158446.4375,21775014,0.4651,-79173.22,4530.1606
22824893,1772029920,BTC,2500,2500,0.4722,-9.2067,0.0221,0.0000,-158446.4062,21775015,0.4651,-79173.20,4530.1606
22824894,1772029980,BTC,2500,2500,0.4722,-9.2067,0.0221,0.0000,-158446.4375,21775016,0.4651,-79173.22,4530.1606
22824895,1772030040,BTC,2500,2500,0.4722,-9.2067,0.0221,0.0000,-158446.4062,21775017,0.4651,-79173.20,4530.1606
22824896,1772030100,BTC,2500,2500,0.4722,-9.2067,0.0221,0.0000,-158446.3750,21775018,0.4651,-79173.19,4530.1606
22824897,1772030160,BTC,2500,2500,0.4722,-9.2067,0.0221,0.0000,-158446.4062,21775019,0.4651,-79173.20,4530.1606
22824898,1772030220,BTC,2500,2500,0.4722,-9.2067,0.0221,0.0000,-158446.3750,21775020,0.4651,-79173.19,4530.1606
22824899,1772030280,BTC,2500,2500,0.4722,-9.2067,0.0221,0.0000,-158446.3438,21775021,0.4651,-79173.17,4530.1606
22824900,1772030340,BTC,2500,2500,0.4722,-9.2067,0.0221,0.0000,-158446.3125,21775022,0.4651,-79173.16,4530.1606
22824901,1772030400,BTC,2500,2500,0.4722,-9.2067,0.0221,0.0000,-158446.3438,21775023,0.4651,-79173.17,4530.1606
22824902,1772030460,BTC,2500,2500,0.4722,-9.2067,0.0221,0.0000,-158446.3125,21775024,0.4651,-79173.16,4530.1606
22824903,1772030520,BTC,2500,2500,0.4722,-9.2067,0.0221,0.0000,-158446.2812,21775025,0.4651,-79173.14,4530.1606
22824904,1772030580,BTC,2500,2500,0.4722,-9.2067,0.0221,0.0000,-158446.2500,21775026,0.4651,-79173.12,4530.1606
22824905,1772030640,BTC,2500,2500,0.4722,-9.2067,0.0221,0.0000,-158446.2812,21775027,0.4651,-79173.14,4530.1606
22824906,1772030700,BTC,2500,2500,0.4722,-9.2067,0.0221,0.0000,-158446.3125,21775028,0.4651,-79173.16,4530.1606
22824907,1772030760,BTC,2500,2500,0.4722,-9.2067,0.0221,0.0000,-158446.3438,21775029,0.4651,-79173.17,4530.1606
22824908,1772030820,BTC,2500,2500,0.4722,-9.2067,0.0221,0.0000,-158446.3750,21775030,0.4651,-79173.19,4530.1606
22824909,1772030880,BTC,2500,2500,0.4722,-9.2067,0.0221,0.0000,-158446.3438,21775031,0.4651,-79173.17,4530.1606
22824910,1772030940,BTC,2500,2500,0.4722,-9.2067,0.0221,0.0000,-158446.3750,21775032,0.4651,-79173.19,4530.1606
22824911,1772031000,BTC,2500,2500,0.4722,-9.2067,0.0221,0.0000,-158446.3438,21775033,0.4651,-79173.17,4530.1606
22824912,1772031060,BTC,2500,2500,0.4722,-9.2067,0.0221,0.0200,-158446.3125,21775034,0.4651,-79173.16,4530.1606
22824913,1772031120,BTC,2500,2500,0.4722,-9.2067,0.0221,0.0200,-158446.3438,21775035,0.4651,-79173.17,4530.1606
22824914,1772031180,BTC,2500,2500,0.4722,-9.2067,0.0221,0.0000,-158446.3125,21775036,0.4651,-79173.16,4530.1606
22824915,1772031240,BTC,2500,2500,0.4722,-9.2067,0.0221,0.0000,-158446.2812,21775037,0.4651,-79173.14,4530.1606
22824916,1772031300,BTC,2500,2500,0.4722,-9.2067,0.0221,0.0000,-158446.3125,21775038,0.4651,-79173.16,4530.1606
22824917,1772031360,BTC,2500,2500,0.4722,-9.2067,0.0221,0.0000,-158446.3438,21775039,0.4651,-79173.17,4530.1606
22824918,1772031420,BTC,2500,2500,0.4722,-9.2067,0.0221,0.0000,-158446.3750,21775040,0.4651,-79173.19,4530.1606
22824919,1772031480,BTC,2500,2500,0.4722,-9.2067,0.0221,0.0000,-158446.4062,21775041,0.4651,-79173.20,4530.1606
22824920,1772031540,BTC,2500,2500,0.4722,-9.2067,0.0221,0.0000,-158446.4375,21775042,0.4651,-79173.22,4530.1606
22824921,1772031600,BTC,2500,2500,0.4722,-9.2067,0.0221,0.0000,-158446.4688,21775043,0.4651,-79173.23,4530.1606
22824922,1772031660,BTC,2500,2500,0.4722,-9.2067,0.0221,0.0200,-158446.4375,21775044,0.4651,-79173.22,4530.1606
22824923,1772031720,BTC,2500,2500,0.4722,-9.2067,0.0221,0.0200,-158446.4062,21775045,0.4651,-79173.20,4530.1606
22824924,1772031780,BTC,2500,2500,0.4722,-9.2067,0.0221,0.0200,-158446.3750,21775046,0.4651,-79173.19,4530.1606
22824925,1772031840,BTC,2500,2500,0.4722,-9.2067,0.0221,0.0200,-158446.4062,21775047,0.4651,-79173.20,4530.1606
22824926,1772031900,BTC,2500,2500,0.4722,-9.2067,0.0221,0.0000,-158446.3750,21775048,0.4651,-79173.19,4530.1606
22824927,1772031960,BTC,2500,2500,0.4722,-9.2067,0.0221,0.0000,-158446.3438,21775049,0.4651,-79173.17,4530.1606
22824928,1772032020,BTC,2500,2500,0.4722,-9.2067,0.0221,0.0000,-158446.3750,21775050,0.4651,-79173.19,4530.1606
22824929,1772032080,BTC,2500,2500,0.4722,-9.2067,0.0221,0.0000,-158446.4062,21775051,0.4651,-79173.20,4530.1606
22824930,1772032140,BTC,2500,2500,0.4722,-9.2067,0.0221,0.0000,-158446.3750,21775052,0.4651,-79173.19,4530.1606
22824931,1772032200,BTC,2500,2500,0.4722,-9.2067,0.0221,0.0000,-158446.4062,21775053,0.4651,-79173.20,4530.1606
22824932,1772032260,BTC,2500,2500,0.4722,-9.2067,0.0221,0.0000,-158446.4375,21775054,0.4651,-79173.22,4530.1606
22824933,1772032320,BTC,2500,2500,0.4722,-9.2067,0.0221,0.0200,-158446.4062,21775055,0.4651,-79173.20,4530.1606
22824934,1772032380,BTC,2500,2500,0.4722,-9.2067,0.0221,0.0000,-158446.4375,21775056,0.4651,-79173.22,4530.1606
22824935,1772032440,BTC,2500,2500,0.4722,-9.2067,0.0221,0.0000,-158446.4062,21775057,0.4651,-79173.20,4530.1606
22824936,1772032500,BTC,2500,2500,0.4722,-9.2067,0.0221,0.0000,-158446.4375,21775058,0.4651,-79173.22,4530.1606
22824937,1772032560,BTC,2500,2500,0.4722,-9.2067,0.0221,0.0000,-158446.4062,21775059,0.4651,-79173.20,4530.1606
22824938,1772032620,BTC,2500,2500,0.4722,-9.2067,0.0221,0.0000,-158446.4375,21775060,0.4651,-79173.22,4530.1606
22824939,1772032680,BTC,2500,2500,0.4722,-9.2067,0.0221,0.0000,-158446.4062,21775061,0.4651,-79173.20,4530.1606
22824940,1772032740,BTC,2500,2500,0.4722,-9.2067,0.0221,0.0000,-158446.3750,21775062,0.4651,-79173.19,4530.1606
22824941,1772032800,BTC,2500,2500,0.4722,-9.2067,0.0221,0.0000,-158446.3438,21775063,0.4651,-79173.17,4530.1606
22824942,1772032860,BTC,2500,2500,0.4722,-9.2067,0.0221,0.0000,-158446.3750,21775064,0.4651,-79173.19,4530.1606
22824943,1772032920,BTC,2500,2500,0.4722,-9.2067,0.0221,0.0000,-158446.3438,21775065,0.4651,-79173.17,4530.1606
22824944,1772032980,BTC,2500,2500,0.4722,-9.2067,0.0221,0.0000,-158446.3750,21775066,0.4651,-79173.19,4530.1606
22824945,1772033040,BTC,2500,2500,0.4722,-9.2067,0.0221,0.0000,-158446.4062,21775067,0.4651,-79173.20,4530.1606
22824946,1772033100,BTC,2500,2500,0.4722,-9.2067,0.0221,0.0000,-158446.4375,21775068,0.4651,-79173.22,4530.1606
22824947,1772033160,BTC,2500,2500,0.4722,-9.2067,0.0221,0.0000,-158446.4688,21775069,0.4651,-79173.23,4530.1606
22824948,1772033220,BTC,2500,2500,0.4722,-9.2067,0.0221,0.0000,-158446.5000,21775070,0.4651,-79173.25,4530.1606
22824949,1772033280,BTC,2500,2500,0.4722,-9.2067,0.0221,0.0000,-158446.5312,21775071,0.4651,-79173.27,4530.1606
22824950,1772033340,BTC,2500,2500,0.4722,-9.2067,0.0221,0.0200,-158446.5000,21775072,0.4651,-79173.25,4530.1606
22824951,1772033400,BTC,2500,2500,0.4722,-9.2067,0.0221,0.0000,-158446.4688,21775073,0.4651,-79173.23,4530.1606
22824952,1772033460,BTC,2500,2500,0.4722,-9.2067,0.0221,0.0200,-158446.4375,21775074,0.4651,-79173.22,4530.1606
22824953,1772033520,BTC,2500,2500,0.4722,-9.2067,0.0221,0.0200,-158446.4688,21775075,0.4651,-79173.23,4530.1606
22824954,1772033580,BTC,2500,2500,0.4722,-9.2067,0.0221,0.0200,-158446.4375,21775076,0.4651,-79173.22,4530.1606
22824955,1772033640,BTC,2500,2500,0.4722,-9.2067,0.0221,0.0000,-158446.4062,21775077,0.4651,-79173.20,4530.1606
22824956,1772033700,BTC,2500,2500,0.4722,-9.2067,0.0221,0.0000,-158446.4375,21775078,0.4651,-79173.22,4530.1606
22824957,1772033760,BTC,2500,2500,0.4722,-9.2067,0.0221,0.0000,-158446.4062,21775079,0.4651,-79173.20,4530.1606
22824958,1772033820,BTC,2500,2500,0.4722,-9.2067,0.0221,0.0000,-158446.3750,21775080,0.4651,-79173.19,4530.1606
22824959,1772033880,BTC,2500,2500,0.4722,-9.2067,0.0221,0.0000,-158446.3438,21775081,0.4651,-79173.17,4530.1606
22824960,1772033940,BTC,2500,2500,0.4722,-9.2067,0.0221,0.0000,-158446.3125,21775082,0.4651,-79173.16,4530.1606
22824961,1772034000,BTC,2500,2500,0.4722,-9.2067,0.0221,0.0000,-158446.3438,21775083,0.4651,-79173.17,4530.1606
22824962,1772034060,BTC,2500,2500,0.4722,-9.2067,0.0221,0.0000,-158446.3750,21775084,0.4651,-79173.19,4530.1606
22824963,1772034120,BTC,2500,2500,0.4722,-9.2067,0.0221,0.0000,-158446.4062,21775085,0.4651,-79173.20,4530.1606
22824964,1772034180,BTC,2500,2500,0.4722,-9.2067,0.0221,0.0200,-158446.3750,21775086,0.4651,-79173.19,4530.1606
22824965,1772034240,BTC,2500,2500,0.4722,-9.2067,0.0221,0.0000,-158446.3438,21775087,0.4651,-79173.17,4530.1606
22824966,1772034300,BTC,2500,2500,0.4722,-9.2067,0.0221,0.0000,-158446.3125,21775088,0.4651,-79173.16,4530.1606
22824967,1772034360,BTC,2500,2500,0.4722,-9.2067,0.0221,0.0200,-158446.2812,21775089,0.4651,-79173.14,4530.1606
22824968,1772034420,BTC,2500,2500,0.4722,-9.2067,0.0221,0.0000,-158446.2500,21775090,0.4651,-79173.12,4530.1606
22824969,1772034480,BTC,2500,2500,0.4722,-9.2067,0.0221,0.0000,-158446.2188,21775091,0.4651,-79173.11,4530.1606
22824970,1772034540,BTC,2500,2500,0.4722,-9.2067,0.0221,0.0000,-158446.2500,21775092,0.4651,-79173.12,4530.1606
22824971,1772034600,BTC,2500,2500,0.4722,-9.2067,0.0221,0.0000,-158446.2188,21775093,0.4651,-79173.11,4530.1606
22824972,1772034660,BTC,2500,2500,0.4722,-9.2067,0.0221,0.0000,-158446.1875,21775094,0.4651,-79173.09,4530.1606
22824973,1772034720,BTC,2500,2500,0.4722,-9.2067,0.0221,0.0000,-158446.1562,21775095,0.4651,-79173.08,4530.1606
22824974,1772034780,BTC,2500,2500,0.4722,-9.2067,0.0221,0.0000,-158446.1250,21775096,0.4651,-79173.06,4530.1606
22824975,1772034840,BTC,2500,2500,0.4722,-9.2067,0.0221,0.0000,-158446.1562,21775097,0.4651,-79173.08,4530.1606
22824976,1772034900,BTC,2500,2500,0.4722,-9.2067,0.0221,0.0200,-158446.1875,21775098,0.4651,-79173.09,4530.1606
22824977,1772034960,BTC,2500,2500,0.4722,-9.2067,0.0221,0.0200,-158446.2188,21775099,0.4651,-79173.11,4530.1606
22824978,1772035020,BTC,2500,2500,0.4722,-9.2067,0.0221,0.0000,-158446.1875,21775100,0.4651,-79173.09,4530.1606
22824979,1772035080,BTC,2500,2500,0.4722,-9.2067,0.0221,0.0200,-158446.2188,21775101,0.4651,-79173.11,4530.1606
22824980,1772035140,BTC,2500,2500,0.4722,-9.2067,0.0221,0.0000,-158446.2500,21775102,0.4651,-79173.12,4530.1606
22824981,1772035200,BTC,2500,2500,0.4722,-9.2067,0.0221,0.0000,-158446.2812,21775103,0.4651,-79173.14,4530.1606
22824982,1772035260,BTC,2500,2500,0.4722,-9.2067,0.0221,0.0000,-158446.2500,21775104,0.4651,-79173.12,4530.1606
22824983,1772035320,BTC,2500,2500,0.4722,-9.2067,0.0221,0.0000,-158446.2188,21775105,0.4651,-79173.11,4530.1606
22824984,1772035380,BTC,2500,2500,0.4722,-9.2067,0.0221,0.0000,-158446.1875,21775106,0.4651,-79173.09,4530.1606
22824985,1772035440,BTC,2500,2500,0.4722,-9.2067,0.0221,0.0000,-158446.2188,21775107,0.4651,-79173.11,4530.1606
22824986,1772035500,BTC,2500,2500,0.4722,-9.2067,0.0221,0.0000,-158446.2500,21775108,0.4651,-79173.12,4530.1606
22824987,1772035560,BTC,2500,2500,0.4722,-9.2067,0.0221,0.0000,-158446.2812,21775109,0.4651,-79173.14,4530.1606
22824988,1772035620,BTC,2500,2500,0.4722,-9.2067,0.0221,0.0200,-158446.2500,21775110,0.4651,-79173.12,4530.1606
22824989,1772035680,BTC,2500,2500,0.4722,-9.2067,0.0221,0.0000,-158446.2188,21775111,0.4651,-79173.11,4530.1606
22824990,1772035740,BTC,2500,2500,0.4722,-9.2067,0.0221,0.0000,-158446.1875,21775112,0.4651,-79173.09,4530.1606
22824991,1772035800,BTC,2500,2500,0.4722,-9.2067,0.0221,0.0000,-158446.2188,21775113,0.4651,-79173.11,4530.1606
22824992,1772035860,BTC,2500,2500,0.4722,-9.2067,0.0221,0.0000,-158446.2500,21775114,0.4651,-79173.12,4530.1606
22824993,1772035920,BTC,2500,2500,0.4722,-9.2067,0.0221,0.0000,-158446.2812,21775115,0.4651,-79173.14,4530.1606
22824994,1772035980,BTC,2500,2500,0.4722,-9.2067,0.0221,0.0000,-158446.2500,21775116,0.4651,-79173.12,4530.1606
22824995,1772036040,BTC,2500,2500,0.4722,-9.2067,0.0221,0.0000,-158446.2188,21775117,0.4651,-79173.11,4530.1606
22824996,1772036100,BTC,2500,2500,0.4722,-9.2067,0.0221,0.0000,-158446.2500,21775118,0.4651,-79173.12,4530.1606
22824997,1772036160,BTC,2500,2500,0.4722,-9.2067,0.0221,0.0000,-158446.2188,21775119,0.4651,-79173.11,4530.1606
22824998,1772036220,BTC,2500,2500,0.4722,-9.2067,0.0221,0.0000,-158446.2500,21775120,0.4651,-79173.12,4530.1606
22824999,1772036280,BTC,2500,2500,0.4722,-9.2067,0.0221,0.0000,-158446.2812,21775121,0.4651,-79173.14,4530.1606
22825000,1772036340,BTC,2500,2500,0.4722,-9.2067,0.0221,0.0000,-158446.3125,21775122,0.4651,-79173.16,4530.1606
22825001,1772036400,BTC,2500,2500,0.4722,-9.2067,0.0221,0.0000,-158446.3438,21775123,0.4651,-79173.17,4530.1606
22825002,1772036460,BTC,2500,2500,0.4722,-9.2067,0.0221,0.0000,-158446.3125,21775124,0.4651,-79173.16,4530.1606
22825003,1772036520,BTC,2500,2500,0.4722,-9.2067,0.0221,0.0000,-158446.3438,21775125,0.4651,-79173.17,4530.1606
22825004,1772036580,BTC,2500,2500,0.4722,-9.2067,0.0221,0.0200,-158446.3125,21775126,0.4651,-79173.16,4530.1606
22825005,1772036640,BTC,2500,2500,0.4722,-9.2067,0.0221,0.0200,-158446.2812,21775127,0.4651,-79173.14,4530.1606
22825006,1772036700,BTC,2500,2500,0.4722,-9.2067,0.0221,0.0200,-158446.3125,21775128,0.4651,-79173.16,4530.1606
22825007,1772036760,BTC,2500,2500,0.4722,-9.2067,0.0221,0.0000,-158446.2812,21775129,0.4651,-79173.14,4530.1606
22825008,1772036820,BTC,2500,2500,0.4722,-9.2067,0.0221,0.0000,-158446.3125,21775130,0.4651,-79173.16,4530.1606
22825009,1772036880,BTC,2500,2500,0.4722,-9.2067,0.0221,0.0000,-158446.2812,21775131,0.4651,-79173.14,4530.1606
22825010,1772036940,BTC,2500,2500,0.4722,-9.2067,0.0221,0.0000,-158446.3125,21775132,0.4651,-79173.16,4530.1606
22825011,1772037000,BTC,2500,2500,0.4722,-9.2067,0.0221,0.0000,-158446.3438,21775133,0.4651,-79173.17,4530.1606
22825012,1772037060,BTC,2500,2500,0.4722,-9.2067,0.0221,0.0000,-158446.3750,21775134,0.4651,-79173.19,4530.1606
22825013,1772037120,BTC,2500,2500,0.4722,-9.2067,0.0221,0.0000,-158446.3438,21775135,0.4651,-79173.17,4530.1606
22825014,1772037180,BTC,2500,2500,0.4722,-9.2067,0.0221,0.0000,-158446.3750,21775136,0.4651,-79173.19,4530.1606
22825015,1772037240,BTC,2500,2500,0.4722,-9.2067,0.0221,0.0000,-158446.3438,21775137,0.4651,-79173.17,4530.1606
22825016,1772037300,BTC,2500,2500,0.4722,-9.2067,0.0221,0.0000,-158446.3750,21775138,0.4651,-79173.19,4530.1606
22825017,1772037360,BTC,2500,2500,0.4722,-9.2067,0.0221,0.0000,-158446.3438,21775139,0.4651,-79173.17,4530.1606
22825018,1772037420,BTC,2500,2500,0.4722,-9.2067,0.0221,0.0000,-158446.3750,21775140,0.4651,-79173.19,4530.1606
22825019,1772037480,BTC,2500,2500,0.4722,-9.2067,0.0221,0.0000,-158446.3438,21775141,0.4651,-79173.17,4530.1606
22825020,1772037540,BTC,2500,2500,0.4722,-9.2067,0.0221,0.0000,-158446.3125,21775142,0.4651,-79173.16,4530.1606
22825021,1772037600,BTC,2500,2500,0.4722,-9.2067,0.0221,0.0000,-158446.3438,21775143,0.4651,-79173.17,4530.1606
22825022,1772037660,BTC,2500,2500,0.4722,-9.2067,0.0221,0.0000,-158446.3125,21775144,0.4651,-79173.16,4530.1606
22825023,1772037720,BTC,2500,2500,0.4722,-9.2067,0.0221,0.0000,-158446.3438,21775145,0.4651,-79173.17,4530.1606
22825024,1772037780,BTC,2500,2500,0.4722,-9.2067,0.0221,0.0000,-158446.3125,21775146,0.4651,-79173.16,4530.1606
22825025,1772037840,BTC,2500,2500,0.4722,-9.2067,0.0221,0.0000,-158446.2812,21775147,0.4651,-79173.14,4530.1606
22825026,1772037900,BTC,2500,2500,0.4722,-9.2067,0.0221,0.0000,-158446.3125,21775148,0.4651,-79173.16,4530.1606
22825027,1772037960,BTC,2500,2500,0.4722,-9.2067,0.0221,0.0000,-158446.2812,21775149,0.4651,-79173.14,4530.1606
22825028,1772038020,BTC,2500,2500,0.4722,-9.2067,0.0221,0.0000,-158446.3125,21775150,0.4651,-79173.16,4530.1606
22825029,1772038080,BTC,2500,2500,0.4722,-9.2067,0.0221,0.0200,-158446.2812,21775151,0.4651,-79173.14,4530.1606
22825030,1772038140,BTC,2500,2500,0.4722,-9.2067,0.0221,0.0200,-158446.2500,21775152,0.4651,-79173.12,4530.1606
22825031,1772038200,BTC,2500,2500,0.4722,-9.2067,0.0221,0.0000,-158446.2188,21775153,0.4651,-79173.11,4530.1606
22825032,1772038260,BTC,2500,2500,0.4722,-9.2067,0.0221,0.0000,-158446.2500,21775154,0.4651,-79173.12,4530.1606
22825033,1772038320,BTC,2500,2500,0.4722,-9.2067,0.0221,0.0000,-158446.2188,21775155,0.4651,-79173.11,4530.1606
22825034,1772038380,BTC,2500,2500,0.4722,-9.2067,0.0221,0.0000,-158446.2500,21775156,0.4651,-79173.12,4530.1606
22825035,1772038440,BTC,2500,2500,0.4722,-9.2067,0.0221,0.0000,-158446.2188,21775157,0.4651,-79173.11,4530.1606
22825036,1772038500,BTC,2500,2500,0.4722,-9.2067,0.0221,0.0000,-158446.2500,21775158,0.4651,-79173.12,4530.1606
22825037,1772038560,BTC,2500,2500,0.4722,-9.2067,0.0221,0.0000,-158446.2812,21775159,0.4651,-79173.14,4530.1606
22825038,1772038620,BTC,2500,2500,0.4722,-9.2067,0.0221,0.0000,-158446.3125,21775160,0.4651,-79173.16,4530.1606
22825039,1772038680,BTC,2500,2500,0.4722,-9.2067,0.0221,0.0000,-158446.3438,21775161,0.4651,-79173.17,4530.1606
22825040,1772038740,BTC,2500,2500,0.4722,-9.2067,0.0221,0.0200,-158446.3125,21775162,0.4651,-79173.16,4530.1606
22825041,1772038800,BTC,2500,2500,0.4722,-9.2067,0.0221,0.0000,-158446.2812,21775163,0.4651,-79173.14,4530.1606
22825042,1772038860,BTC,2500,2500,0.4722,-9.2067,0.0221,0.0200,-158446.2500,21775164,0.4651,-79173.12,4530.1606
22825043,1772038920,BTC,2500,2500,0.4722,-9.2067,0.0221,0.0200,-158446.2188,21775165,0.4651,-79173.11,4530.1606
22825044,1772038980,BTC,2500,2500,0.4722,-9.2067,0.0221,0.0000,-158446.1875,21775166,0.4651,-79173.09,4530.1606
22825045,1772039040,BTC,2500,2500,0.4722,-9.2067,0.0221,0.0000,-158446.1562,21775167,0.4651,-79173.08,4530.1606
22825046,1772039100,BTC,2500,2500,0.4722,-9.2067,0.0221,0.0000,-158446.1250,21775168,0.4651,-79173.06,4530.1606
22825047,1772039160,BTC,2500,2500,0.4722,-9.2067,0.0221,0.0000,-158446.0938,21775169,0.4651,-79173.05,4530.1606
22825048,1772039220,BTC,2500,2500,0.4722,-9.2067,0.0221,0.0000,-158446.1250,21775170,0.4651,-79173.06,4530.1606
22825049,1772039280,BTC,2500,2500,0.4722,-9.2067,0.0221,0.0000,-158446.1562,21775171,0.4651,-79173.08,4530.1606
22825050,1772039340,BTC,2500,2500,0.4722,-9.2067,0.0221,0.0000,-158446.1875,21775172,0.4651,-79173.09,4530.1606
22825051,1772039400,BTC,2500,2500,0.4722,-9.2067,0.0221,0.0000,-158446.2188,21775173,0.4651,-79173.11,4530.1606
22825052,1772039460,BTC,2500,2500,0.4722,-9.2067,0.0221,0.0000,-158446.2500,21775174,0.4651,-79173.12,4530.1606
22825053,1772039520,BTC,2500,2500,0.4722,-9.2067,0.0221,0.0000,-158446.2188,21775175,0.4651,-79173.11,4530.1606
22825054,1772039580,BTC,2500,2500,0.4722,-9.2067,0.0221,0.0000,-158446.1875,21775176,0.4651,-79173.09,4530.1606
22825055,1772039640,BTC,2500,2500,0.4722,-9.2067,0.0221,0.0000,-158446.1562,21775177,0.4651,-79173.08,4530.1606
22825056,1772039700,BTC,2500,2500,0.4722,-9.2067,0.0221,0.0200,-158446.1250,21775178,0.4651,-79173.06,4530.1606
22825057,1772039760,BTC,2500,2500,0.4722,-9.2067,0.0221,0.0200,-158446.1562,21775179,0.4651,-79173.08,4530.1606
22825058,1772039820,BTC,2500,2500,0.4722,-9.2067,0.0221,0.0200,-158446.1875,21775180,0.4651,-79173.09,4530.1606
22825059,1772039880,BTC,2500,2500,0.4722,-9.2067,0.0221,0.0000,-158446.1562,21775181,0.4651,-79173.08,4530.1606
22825060,1772039940,BTC,2500,2500,0.4722,-9.2067,0.0221,0.0000,-158446.1875,21775182,0.4651,-79173.09,4530.1606
22825061,1772040000,BTC,2500,2500,0.4722,-9.2067,0.0221,0.0000,-158446.2188,21775183,0.4651,-79173.11,4530.1606
22825062,1772040060,BTC,2500,2500,0.4722,-9.2067,0.0221,0.0000,-158446.2500,21775184,0.4651,-79173.12,4530.1606
22825063,1772040120,BTC,2500,2500,0.4722,-9.2067,0.0221,0.0000,-158446.2812,21775185,0.4651,-79173.14,4530.1606
22825064,1772040180,BTC,2500,2500,0.4722,-9.2067,0.0221,0.0000,-158446.3125,21775186,0.4651,-79173.16,4530.1606
22825065,1772040240,BTC,2500,2500,0.4722,-9.2067,0.0221,0.0000,-158446.3438,21775187,0.4651,-79173.17,4530.1606
22825066,1772040300,BTC,2500,2500,0.4722,-9.2067,0.0221,0.0000,-158446.3125,21775188,0.4651,-79173.16,4530.1606
22825067,1772040360,BTC,2500,2500,0.4722,-9.2067,0.0221,0.0000,-158446.3438,21775189,0.4651,-79173.17,4530.1606
22825068,1772040420,BTC,2500,2500,0.4722,-9.2067,0.0221,0.0000,-158446.3125,21775190,0.4651,-79173.16,4530.1606
22825069,1772040480,BTC,2500,2500,0.4722,-9.2067,0.0221,0.0000,-158446.3438,21775191,0.4651,-79173.17,4530.1606
22825070,1772040540,BTC,2500,2500,0.4722,-9.2067,0.0221,0.0000,-158446.3750,21775192,0.4651,-79173.19,4530.1606
22825071,1772040600,BTC,2500,2500,0.4722,-9.2067,0.0221,0.0000,-158446.4062,21775193,0.4651,-79173.20,4530.1606
22825072,1772040660,BTC,2500,2500,0.4722,-9.2067,0.0221,0.0000,-158446.3750,21775194,0.4651,-79173.19,4530.1606
22825073,1772040720,BTC,2500,2500,0.4722,-9.2067,0.0221,0.0000,-158446.3438,21775195,0.4651,-79173.17,4530.1606
22825074,1772040780,BTC,2500,2500,0.4722,-9.2067,0.0221,0.0000,-158446.3750,21775196,0.4651,-79173.19,4530.1606
22825075,1772040840,BTC,2500,2500,0.4722,-9.2067,0.0221,0.0000,-158446.3438,21775197,0.4651,-79173.17,4530.1606
22825076,1772040900,BTC,2500,2500,0.4722,-9.2067,0.0221,0.0000,-158446.3750,21775198,0.4651,-79173.19,4530.1606
22825077,1772040960,BTC,2500,2500,0.4722,-9.2067,0.0221,0.0000,-158446.3438,21775199,0.4651,-79173.17,4530.1606
22825078,1772041020,BTC,2500,2500,0.4722,-9.2067,0.0221,0.0000,-158446.3750,21775200,0.4651,-79173.19,4530.1606
22825079,1772041080,BTC,2500,2500,0.4722,-9.2067,0.0221,0.0000,-158446.3438,21775201,0.4651,-79173.17,4530.1606
22825080,1772041140,BTC,2500,2500,0.4722,-9.2067,0.0221,0.0000,-158446.3750,21775202,0.4651,-79173.19,4530.1606
22825081,1772041200,BTC,2500,2500,0.4722,-9.2067,0.0221,0.0000,-158446.4062,21775203,0.4651,-79173.20,4530.1606
22825082,1772041260,BTC,2500,2500,0.4722,-9.2067,0.0221,0.0200,-158446.3750,21775204,0.4651,-79173.19,4530.1606
22825083,1772041320,BTC,2500,2500,0.4722,-9.2067,0.0221,0.0000,-158446.4062,21775205,0.4651,-79173.20,4530.1606
22825084,1772041380,BTC,2500,2500,0.4722,-9.2067,0.0221,0.0200,-158446.3750,21775206,0.4651,-79173.19,4530.1606
22825085,1772041440,BTC,2500,2500,0.4722,-9.2067,0.0221,0.0000,-158446.4062,21775207,0.4651,-79173.20,4530.1606
22825086,1772041500,BTC,2500,2500,0.4722,-9.2067,0.0221,0.0000,-158446.3750,21775208,0.4651,-79173.19,4530.1606
22825087,1772041560,BTC,2500,2500,0.4722,-9.2067,0.0221,0.0000,-158446.4062,21775209,0.4651,-79173.20,4530.1606
22825088,1772041620,BTC,2500,2500,0.4722,-9.2067,0.0221,0.0200,-158446.3750,21775210,0.4651,-79173.19,4530.1606
22825089,1772041680,BTC,2500,2500,0.4722,-9.2067,0.0221,0.0000,-158446.4062,21775211,0.4651,-79173.20,4530.1606
22825090,1772041740,BTC,2500,2500,0.4722,-9.2067,0.0221,0.0000,-158446.4375,21775212,0.4651,-79173.22,4530.1606
22825091,1772041800,BTC,2500,2500,0.4722,-9.2067,0.0221,0.0200,-158446.4062,21775213,0.4651,-79173.20,4530.1606
22825092,1772041860,BTC,2500,2500,0.4722,-9.2067,0.0221,0.0000,-158446.4375,21775214,0.4651,-79173.22,4530.1606
22825093,1772041920,BTC,2500,2500,0.4722,-9.2067,0.0221,0.0000,-158446.4062,21775215,0.4651,-79173.20,4530.1606
22825094,1772041980,BTC,2500,2500,0.4722,-9.2067,0.0221,0.0000,-158446.3750,21775216,0.4651,-79173.19,4530.1606
22825095,1772042040,BTC,2500,2500,0.4722,-9.2067,0.0221,0.0000,-158446.3438,21775217,0.4651,-79173.17,4530.1606
22825096,1772042100,BTC,2500,2500,0.4722,-9.2067,0.0221,0.0000,-158446.3125,21775218,0.4651,-79173.16,4530.1606
22825097,1772042160,BTC,2500,2500,0.4722,-9.2067,0.0221,0.0000,-158446.3438,21775219,0.4651,-79173.17,4530.1606
22825098,1772042220,BTC,2500,2500,0.4722,-9.2067,0.0221,0.0000,-158446.3125,21775220,0.4651,-79173.16,4530.1606
22825099,1772042280,BTC,2500,2500,0.4722,-9.2067,0.0221,0.0000,-158446.3438,21775221,0.4651,-79173.17,4530.1606
22825100,1772042340,BTC,2500,2500,0.4722,-9.2067,0.0221,0.0000,-158446.3750,21775222,0.4651,-79173.19,4530.1606
22825101,1772042400,BTC,2500,2500,0.4722,-9.2067,0.0221,0.0000,-158446.3438,21775223,0.4651,-79173.17,4530.1606
22825102,1772042460,BTC,2500,2500,0.4722,-9.2067,0.0221,0.0000,-158446.3125,21775224,0.4651,-79173.16,4530.1606
22825103,1772042520,BTC,2500,2500,0.4722,-9.2067,0.0221,0.0200,-158446.3438,21775225,0.4651,-79173.17,4530.1606
22825104,1772042580,BTC,2500,2500,0.4722,-9.2067,0.0221,0.0200,-158446.3750,21775226,0.4651,-79173.19,4530.1606
22825105,1772042640,BTC,2500,2500,0.4722,-9.2067,0.0221,0.0000,-158446.4062,21775227,0.4651,-79173.20,4530.1606
22825106,1772042700,BTC,2500,2500,0.4722,-9.2067,0.0221,0.0000,-158446.4375,21775228,0.4651,-79173.22,4530.1606
22825107,1772042760,BTC,2500,2500,0.4722,-9.2067,0.0221,0.0000,-158446.4688,21775229,0.4651,-79173.23,4530.1606
22825108,1772042820,BTC,2500,2500,0.4722,-9.2067,0.0221,0.0000,-158446.5000,21775230,0.4651,-79173.25,4530.1606
22825109,1772042880,BTC,2500,2500,0.4722,-9.2067,0.0221,0.0000,-158446.5312,21775231,0.4651,-79173.27,4530.1606
22825110,1772042940,BTC,2500,2500,0.4722,-9.2067,0.0221,0.0000,-158446.5625,21775232,0.4651,-79173.28,4530.1606
22825111,1772043000,BTC,2500,2500,0.4722,-9.2067,0.0221,0.0000,-158446.5938,21775233,0.4651,-79173.30,4530.1606
22825112,1772043060,BTC,2500,2500,0.4722,-9.2067,0.0221,0.0200,-158446.5625,21775234,0.4651,-79173.28,4530.1606
22825113,1772043120,BTC,2500,2500,0.4722,-9.2067,0.0221,0.0200,-158446.5938,21775235,0.4651,-79173.30,4530.1606
22825114,1772043180,BTC,2500,2500,0.4722,-9.2067,0.0221,0.0200,-158446.5625,21775236,0.4651,-79173.28,4530.1606
22825115,1772043240,BTC,2500,2500,0.4722,-9.2067,0.0221,0.0200,-158446.5938,21775237,0.4651,-79173.30,4530.1606
22825116,1772043300,BTC,2500,2500,0.4722,-9.2067,0.0221,0.0200,-158446.6250,21775238,0.4651,-79173.31,4530.1606
22825117,1772043360,BTC,2500,2500,0.4722,-9.2067,0.0221,0.0200,-158446.5938,21775239,0.4651,-79173.30,4530.1606
22825118,1772043420,BTC,2500,2500,0.4722,-9.2067,0.0221,0.0000,-158446.5625,21775240,0.4651,-79173.28,4530.1606
22825119,1772043480,BTC,2500,2500,0.4722,-9.2067,0.0221,0.0000,-158446.5312,21775241,0.4651,-79173.27,4530.1606
22825120,1772043540,BTC,2500,2500,0.4722,-9.2067,0.0221,0.0000,-158446.5625,21775242,0.4651,-79173.28,4530.1606
22825121,1772043600,BTC,2500,2500,0.4722,-9.2067,0.0221,0.0000,-158446.5938,21775243,0.4651,-79173.30,4530.1606
22825122,1772043660,BTC,2500,2500,0.4722,-9.2067,0.0221,0.0000,-158446.6250,21775244,0.4651,-79173.31,4530.1606
22825123,1772043720,BTC,2500,2500,0.4722,-9.2067,0.0221,0.0000,-158446.6562,21775245,0.4651,-79173.33,4530.1606
22825124,1772043780,BTC,2500,2500,0.4722,-9.2067,0.0221,0.0000,-158446.6875,21775246,0.4651,-79173.34,4530.1606
22825125,1772043840,BTC,2500,2500,0.4722,-9.2067,0.0221,0.0000,-158446.6562,21775247,0.4651,-79173.33,4530.1606
22825126,1772043900,BTC,2500,2500,0.4722,-9.2067,0.0221,0.0000,-158446.6875,21775248,0.4651,-79173.34,4530.1606
22825127,1772043960,BTC,2500,2500,0.4722,-9.2067,0.0221,0.0000,-158446.7188,21775249,0.4651,-79173.36,4530.1606
22825128,1772044020,BTC,2500,2500,0.4722,-9.2067,0.0221,0.0200,-158446.6875,21775250,0.4651,-79173.34,4530.1606
22825129,1772044080,BTC,2500,2500,0.4722,-9.2067,0.0221,0.0200,-158446.6562,21775251,0.4651,-79173.33,4530.1606
22825130,1772044140,BTC,2500,2500,0.4722,-9.2067,0.0221,0.0200,-158446.6875,21775252,0.4651,-79173.34,4530.1606
22825131,1772044200,BTC,2500,2500,0.4722,-9.2067,0.0221,0.0000,-158446.6562,21775253,0.4651,-79173.33,4530.1606
22825132,1772044260,BTC,2500,2500,0.4722,-9.2067,0.0221,0.0000,-158446.6875,21775254,0.4651,-79173.34,4530.1606
22825133,1772044320,BTC,2500,2500,0.4722,-9.2067,0.0221,0.0000,-158446.6562,21775255,0.4651,-79173.33,4530.1606
22825134,1772044380,BTC,2500,2500,0.4722,-9.2067,0.0221,0.0000,-158446.6875,21775256,0.4651,-79173.34,4530.1606
22825135,1772044440,BTC,2500,2500,0.4722,-9.2067,0.0221,0.0000,-158446.6562,21775257,0.4651,-79173.33,4530.1606
22825136,1772044500,BTC,2500,2500,0.4722,-9.2067,0.0221,0.0000,-158446.6875,21775258,0.4651,-79173.34,4530.1606
22825137,1772044560,BTC,2500,2500,0.4722,-9.2067,0.0221,0.0000,-158446.7188,21775259,0.4651,-79173.36,4530.1606
22825138,1772044620,BTC,2500,2500,0.4722,-9.2067,0.0221,0.0000,-158446.7500,21775260,0.4651,-79173.38,4530.1606
22825139,1772044680,BTC,2500,2500,0.4722,-9.2067,0.0221,0.0000,-158446.7812,21775261,0.4651,-79173.39,4530.1606
22825140,1772044740,BTC,2500,2500,0.4722,-9.2067,0.0221,0.0000,-158446.7500,21775262,0.4651,-79173.38,4530.1606
22825141,1772044800,BTC,2500,2500,0.4722,-9.2067,0.0221,0.0000,-158446.7188,21775263,0.4651,-79173.36,4530.1606
22825142,1772044860,BTC,2500,2500,0.4722,-9.2067,0.0221,0.0000,-158446.7500,21775264,0.4651,-79173.38,4530.1606
22825143,1772044920,BTC,2500,2500,0.4722,-9.2067,0.0221,0.0000,-158446.7188,21775265,0.4651,-79173.36,4530.1606
22825144,1772044980,BTC,2500,2500,0.4722,-9.2067,0.0221,0.0000,-158446.6875,21775266,0.4651,-79173.34,4530.1606
22825145,1772045040,BTC,2500,2500,0.4722,-9.2067,0.0221,0.0000,-158446.7188,21775267,0.4651,-79173.36,4530.1606
22825146,1772045100,BTC,2500,2500,0.4722,-9.2067,0.0221,0.0000,-158446.6875,21775268,0.4651,-79173.34,4530.1606
22825147,1772045160,BTC,2500,2500,0.4722,-9.2067,0.0221,0.0000,-158446.6562,21775269,0.4651,-79173.33,4530.1606
22825148,1772045220,BTC,2500,2500,0.4722,-9.2067,0.0221,0.0000,-158446.6875,21775270,0.4651,-79173.34,4530.1606
22825149,1772045280,BTC,2500,2500,0.4722,-9.2067,0.0221,0.0000,-158446.6562,21775271,0.4651,-79173.33,4530.1606
22825150,1772045340,BTC,2500,2500,0.4722,-9.2067,0.0221,0.0000,-158446.6250,21775272,0.4651,-79173.31,4530.1606
22825151,1772045400,BTC,2500,2500,0.4722,-9.2067,0.0221,0.0000,-158446.6562,21775273,0.4651,-79173.33,4530.1606
22825152,1772045460,BTC,2500,2500,0.4722,-9.2067,0.0221,0.0000,-158446.6250,21775274,0.4651,-79173.31,4530.1606
22825153,1772045520,BTC,2500,2500,0.4722,-9.2067,0.0221,0.0000,-158446.6562,21775275,0.4651,-79173.33,4530.1606
22825154,1772045580,BTC,2500,2500,0.4722,-9.2067,0.0221,0.0000,-158446.6250,21775276,0.4651,-79173.31,4530.1606
22825155,1772045640,BTC,2500,2500,0.4722,-9.2067,0.0221,0.0000,-158446.5938,21775277,0.4651,-79173.30,4530.1606
22825156,1772045700,BTC,2500,2500,0.4722,-9.2067,0.0221,0.0000,-158446.6250,21775278,0.4651,-79173.31,4530.1606
22825157,1772045760,BTC,2500,2500,0.4722,-9.2067,0.0221,0.0000,-158446.6562,21775279,0.4651,-79173.33,4530.1606
22825158,1772045820,BTC,2500,2500,0.4722,-9.2067,0.0221,0.0000,-158446.6250,21775280,0.4651,-79173.31,4530.1606
22825159,1772045880,BTC,2500,2500,0.4722,-9.2067,0.0221,0.0000,-158446.5938,21775281,0.4651,-79173.30,4530.1606
22825160,1772045940,BTC,2500,2500,0.4722,-9.2067,0.0221,0.0000,-158446.5625,21775282,0.4651,-79173.28,4530.1606
22825161,1772046000,BTC,2500,2500,0.4722,-9.2067,0.0221,0.0000,-158446.5312,21775283,0.4651,-79173.27,4530.1606
22825162,1772046060,BTC,2500,2500,0.4722,-9.2067,0.0221,0.0000,-158446.5000,21775284,0.4651,-79173.25,4530.1606
22825163,1772046120,BTC,2500,2500,0.4722,-9.2067,0.0221,0.0000,-158446.5312,21775285,0.4651,-79173.27,4530.1606
22825164,1772046180,BTC,2500,2500,0.4722,-9.2067,0.0221,0.0000,-158446.5000,21775286,0.4651,-79173.25,4530.1606
22825165,1772046240,BTC,2500,2500,0.4722,-9.2067,0.0221,0.0200,-158446.5312,21775287,0.4651,-79173.27,4530.1606
22825166,1772046300,BTC,2500,2500,0.4722,-9.2067,0.0221,0.0200,-158446.5000,21775288,0.4651,-79173.25,4530.1606
22825167,1772046360,BTC,2500,2500,0.4722,-9.2067,0.0221,0.0200,-158446.5312,21775289,0.4651,-79173.27,4530.1606
22825168,1772046420,BTC,2500,2500,0.4722,-9.2067,0.0221,0.0000,-158446.5625,21775290,0.4651,-79173.28,4530.1606
22825169,1772046480,BTC,2500,2500,0.4722,-9.2067,0.0221,0.0000,-158446.5938,21775291,0.4651,-79173.30,4530.1606
22825170,1772046540,BTC,2500,2500,0.4722,-9.2067,0.0221,0.0000,-158446.5625,21775292,0.4651,-79173.28,4530.1606
22825171,1772046600,BTC,2500,2500,0.4722,-9.2067,0.0221,0.0000,-158446.5312,21775293,0.4651,-79173.27,4530.1606
22825172,1772046660,BTC,2500,2500,0.4722,-9.2067,0.0221,0.0200,-158446.5625,21775294,0.4651,-79173.28,4530.1606
22825173,1772046720,BTC,2500,2500,0.4722,-9.2067,0.0221,0.0000,-158446.5938,21775295,0.4651,-79173.30,4530.1606
22825174,1772046780,BTC,2500,2500,0.4722,-9.2067,0.0221,0.0000,-158446.5625,21775296,0.4651,-79173.28,4530.1606
22825175,1772046840,BTC,2500,2500,0.4722,-9.2067,0.0221,0.0000,-158446.5938,21775297,0.4651,-79173.30,4530.1606
22825176,1772046900,BTC,2500,2500,0.4722,-9.2067,0.0221,0.0000,-158446.6250,21775298,0.4651,-79173.31,4530.1606
22825177,1772046960,BTC,2500,2500,0.4722,-9.2067,0.0221,0.0000,-158446.5938,21775299,0.4651,-79173.30,4530.1606
22825178,1772047020,BTC,2500,2500,0.4722,-9.2067,0.0221,0.0000,-158446.5625,21775300,0.4651,-79173.28,4530.1606
22825179,1772047080,BTC,2500,2500,0.4722,-9.2067,0.0221,0.0000,-158446.5312,21775301,0.4651,-79173.27,4530.1606
22825180,1772047140,BTC,2500,2500,0.4722,-9.2067,0.0221,0.0000,-158446.5000,21775302,0.4651,-79173.25,4530.1606
22825181,1772047200,BTC,2500,2500,0.4722,-9.2067,0.0221,0.0000,-158446.5312,21775303,0.4651,-79173.27,4530.1606
22825182,1772047260,BTC,2500,2500,0.4722,-9.2067,0.0221,0.0000,-158446.5625,21775304,0.4651,-79173.28,4530.1606
22825183,1772047320,BTC,2500,2500,0.4722,-9.2067,0.0221,0.0000,-158446.5938,21775305,0.4651,-79173.30,4530.1606
22825184,1772047380,BTC,2500,2500,0.4722,-9.2067,0.0221,0.0000,-158446.6250,21775306,0.4651,-79173.31,4530.1606
22825185,1772047440,BTC,2500,2500,0.4722,-9.2067,0.0221,0.0000,-158446.6562,21775307,0.4651,-79173.33,4530.1606
22825186,1772047500,BTC,2500,2500,0.4722,-9.2067,0.0221,0.0000,-158446.6250,21775308,0.4651,-79173.31,4530.1606
22825187,1772047560,BTC,2500,2500,0.4722,-9.2067,0.0221,0.0000,-158446.5938,21775309,0.4651,-79173.30,4530.1606
22825188,1772047620,BTC,2500,2500,0.4722,-9.2067,0.0221,0.0000,-158446.5625,21775310,0.4651,-79173.28,4530.1606
22825189,1772047680,BTC,2500,2500,0.4722,-9.2067,0.0221,0.0000,-158446.5938,21775311,0.4651,-79173.30,4530.1606
22825190,1772047740,BTC,2500,2500,0.4722,-9.2067,0.0221,0.0000,-158446.5625,21775312,0.4651,-79173.28,4530.1606
22825191,1772047800,BTC,2500,2500,0.4722,-9.2067,0.0221,0.0000,-158446.5312,21775313,0.4651,-79173.27,4530.1606
22825192,1772047860,BTC,2500,2500,0.4722,-9.2067,0.0221,0.0000,-158446.5000,21775314,0.4651,-79173.25,4530.1606
22825193,1772047920,BTC,2500,2500,0.4722,-9.2067,0.0221,0.0000,-158446.4688,21775315,0.4651,-79173.23,4530.1606
22825194,1772047980,BTC,2500,2500,0.4722,-9.2067,0.0221,0.0200,-158446.4375,21775316,0.4651,-79173.22,4530.1606
22825195,1772048040,BTC,2500,2500,0.4722,-9.2067,0.0221,0.0200,-158446.4688,21775317,0.4651,-79173.23,4530.1606
22825196,1772048100,BTC,2500,2500,0.4722,-9.2067,0.0221,0.0000,-158446.5000,21775318,0.4651,-79173.25,4530.1606
22825197,1772048160,BTC,2500,2500,0.4722,-9.2067,0.0221,0.0000,-158446.5312,21775319,0.4651,-79173.27,4530.1606
22825198,1772048220,BTC,2500,2500,0.4722,-9.2067,0.0221,0.0000,-158446.5000,21775320,0.4651,-79173.25,4530.1606
22825199,1772048280,BTC,2500,2500,0.4722,-9.2067,0.0221,0.0000,-158446.5312,21775321,0.4651,-79173.27,4530.1606
22825200,1772048340,BTC,2500,2500,0.4722,-9.2067,0.0221,0.0000,-158446.5000,21775322,0.4651,-79173.25,4530.1606
22825201,1772048400,BTC,2500,2500,0.4722,-9.2067,0.0221,0.0000,-158446.5312,21775323,0.4651,-79173.27,4530.1606
22825202,1772048460,BTC,2500,2500,0.4722,-9.2067,0.0221,0.0000,-158446.5625,21775324,0.4651,-79173.28,4530.1606
22825203,1772048520,BTC,2500,2500,0.4722,-9.2067,0.0221,0.0000,-158446.5312,21775325,0.4651,-79173.27,4530.1606
22825204,1772048580,BTC,2500,2500,0.4722,-9.2067,0.0221,0.0000,-158446.5625,21775326,0.4651,-79173.28,4530.1606
22825205,1772048640,BTC,2500,2500,0.4722,-9.2067,0.0221,0.0000,-158446.5938,21775327,0.4651,-79173.30,4530.1606
22825206,1772048700,BTC,2500,2500,0.4722,-9.2067,0.0221,0.0000,-158446.5625,21775328,0.4651,-79173.28,4530.1606
22825207,1772048760,BTC,2500,2500,0.4722,-9.2067,0.0221,0.0000,-158446.5938,21775329,0.4651,-79173.30,4530.1606
22825208,1772048820,BTC,2500,2500,0.4722,-9.2067,0.0221,0.0000,-158446.6250,21775330,0.4651,-79173.31,4530.1606
22825209,1772048880,BTC,2500,2500,0.4722,-9.2067,0.0221,0.0000,-158446.5938,21775331,0.4651,-79173.30,4530.1606
22825210,1772048940,BTC,2500,2500,0.4722,-9.2067,0.0221,0.0200,-158446.5625,21775332,0.4651,-79173.28,4530.1606
22825211,1772049000,BTC,2500,2500,0.4722,-9.2067,0.0221,0.0200,-158446.5312,21775333,0.4651,-79173.27,4530.1606
22825212,1772049060,BTC,2500,2500,0.4722,-9.2067,0.0221,0.0000,-158446.5000,21775334,0.4651,-79173.25,4530.1606
22825213,1772049120,BTC,2500,2500,0.4722,-9.2067,0.0221,0.0000,-158446.4688,21775335,0.4651,-79173.23,4530.1606
22825214,1772049180,BTC,2500,2500,0.4722,-9.2067,0.0221,0.0000,-158446.5000,21775336,0.4651,-79173.25,4530.1606
22825215,1772049240,BTC,2500,2500,0.4722,-9.2067,0.0221,0.0000,-158446.4688,21775337,0.4651,-79173.23,4530.1606
22825216,1772049300,BTC,2500,2500,0.4722,-9.2067,0.0221,0.0000,-158446.4375,21775338,0.4651,-79173.22,4530.1606
22825217,1772049360,BTC,2500,2500,0.4722,-9.2067,0.0221,0.0000,-158446.4688,21775339,0.4651,-79173.23,4530.1606
22825218,1772049420,BTC,2500,2500,0.4722,-9.2067,0.0221,0.0000,-158446.5000,21775340,0.4651,-79173.25,4530.1606
22825219,1772049480,BTC,2500,2500,0.4722,-9.2067,0.0221,0.0000,-158446.5312,21775341,0.4651,-79173.27,4530.1606
22825220,1772049540,BTC,2500,2500,0.4722,-9.2067,0.0221,0.0000,-158446.5000,21775342,0.4651,-79173.25,4530.1606
22825221,1772049600,BTC,2500,2500,0.4722,-9.2067,0.0221,0.0000,-158446.5312,21775343,0.4651,-79173.27,4530.1606
22825222,1772049660,BTC,2500,2500,0.4722,-9.2067,0.0221,0.0000,-158446.5625,21775344,0.4651,-79173.28,4530.1606
22825223,1772049720,BTC,2500,2500,0.4722,-9.2067,0.0221,0.0000,-158446.5938,21775345,0.4651,-79173.30,4530.1606
22825224,1772049780,BTC,2500,2500,0.4722,-9.2067,0.0221,0.0000,-158446.5625,21775346,0.4651,-79173.28,4530.1606
22825225,1772049840,BTC,2500,2500,0.4722,-9.2067,0.0221,0.0000,-158446.5312,21775347,0.4651,-79173.27,4530.1606
22825226,1772049900,BTC,2500,2500,0.4722,-9.2067,0.0221,0.0000,-158446.5625,21775348,0.4651,-79173.28,4530.1606
22825227,1772049960,BTC,2500,2500,0.4722,-9.2067,0.0221,0.0200,-158446.5938,21775349,0.4651,-79173.30,4530.1606
22825228,1772050020,BTC,2500,2500,0.4722,-9.2067,0.0221,0.0200,-158446.5625,21775350,0.4651,-79173.28,4530.1606
22825229,1772050080,BTC,2500,2500,0.4722,-9.2067,0.0221,0.0000,-158446.5312,21775351,0.4651,-79173.27,4530.1606
22825230,1772050140,BTC,2500,2500,0.4722,-9.2067,0.0221,0.0200,-158446.5000,21775352,0.4651,-79173.25,4530.1606
22825231,1772050200,BTC,2500,2500,0.4722,-9.2067,0.0221,0.0200,-158446.5312,21775353,0.4651,-79173.27,4530.1606
22825232,1772050260,BTC,2500,2500,0.4722,-9.2067,0.0221,0.0200,-158446.5625,21775354,0.4651,-79173.28,4530.1606
22825233,1772050320,BTC,2500,2500,0.4722,-9.2067,0.0221,0.0200,-158446.5938,21775355,0.4651,-79173.30,4530.1606
22825234,1772050380,BTC,2500,2500,0.4722,-9.2067,0.0221,0.0200,-158446.6250,21775356,0.4651,-79173.31,4530.1606
22825235,1772050440,BTC,2500,2500,0.4722,-9.2067,0.0221,0.0200,-158446.6562,21775357,0.4651,-79173.33,4530.1606
22825236,1772050500,BTC,2500,2500,0.4722,-9.2067,0.0221,0.0200,-158446.6250,21775358,0.4651,-79173.31,4530.1606
22825237,1772050560,BTC,2500,2500,0.4722,-9.2067,0.0221,0.0000,-158446.6562,21775359,0.4651,-79173.33,4530.1606
22825238,1772050620,BTC,2500,2500,0.4722,-9.2067,0.0221,0.0000,-158446.6250,21775360,0.4651,-79173.31,4530.1606
22825239,1772050680,BTC,2500,2500,0.4722,-9.2067,0.0221,0.0000,-158446.5938,21775361,0.4651,-79173.30,4530.1606
22825240,1772050740,BTC,2500,2500,0.4722,-9.2067,0.0221,0.0000,-158446.6250,21775362,0.4651,-79173.31,4530.1606
22825241,1772050800,BTC,2500,2500,0.4722,-9.2067,0.0221,0.0000,-158446.5938,21775363,0.4651,-79173.30,4530.1606
22825242,1772050860,BTC,2500,2500,0.4722,-9.2067,0.0221,0.0000,-158446.6250,21775364,0.4651,-79173.31,4530.1606
22825243,1772050920,BTC,2500,2500,0.4722,-9.2067,0.0221,0.0000,-158446.5938,21775365,0.4651,-79173.30,4530.1606
22825244,1772050980,BTC,2500,2500,0.4722,-9.2067,0.0221,0.0200,-158446.6250,21775366,0.4651,-79173.31,4530.1606
22825245,1772051040,BTC,2500,2500,0.4722,-9.2067,0.0221,0.0200,-158446.5938,21775367,0.4651,-79173.30,4530.1606
22825246,1772051100,BTC,2500,2500,0.4722,-9.2067,0.0221,0.0200,-158446.5625,21775368,0.4651,-79173.28,4530.1606
22825247,1772051160,BTC,2500,2500,0.4722,-9.2067,0.0221,0.0200,-158446.5312,21775369,0.4651,-79173.27,4530.1606
22825248,1772051220,BTC,2500,2500,0.4722,-9.2067,0.0221,0.0000,-158446.5000,21775370,0.4651,-79173.25,4530.1606
22825249,1772051280,BTC,2500,2500,0.4722,-9.2067,0.0221,0.0000,-158446.5312,21775371,0.4651,-79173.27,4530.1606
22825250,1772051340,BTC,2500,2500,0.4722,-9.2067,0.0221,0.0000,-158446.5625,21775372,0.4651,-79173.28,4530.1606
22825251,1772051400,BTC,2500,2500,0.4722,-9.2067,0.0221,0.0000,-158446.5312,21775373,0.4651,-79173.27,4530.1606
22825252,1772051460,BTC,2500,2500,0.4722,-9.2067,0.0221,0.0200,-158446.5000,21775374,0.4651,-79173.25,4530.1606
22825253,1772051520,BTC,2500,2500,0.4722,-9.2067,0.0221,0.0200,-158446.4688,21775375,0.4651,-79173.23,4530.1606
22825254,1772051580,BTC,2500,2500,0.4722,-9.2067,0.0221,0.0200,-158446.5000,21775376,0.4651,-79173.25,4530.1606
22825255,1772051640,BTC,2500,2500,0.4722,-9.2067,0.0221,0.0200,-158446.4688,21775377,0.4651,-79173.23,4530.1606
22825256,1772051700,BTC,2500,2500,0.4722,-9.2067,0.0221,0.0000,-158446.4375,21775378,0.4651,-79173.22,4530.1606
22825257,1772051760,BTC,2500,2500,0.4722,-9.2067,0.0221,0.0000,-158446.4062,21775379,0.4651,-79173.20,4530.1606
22825258,1772051820,BTC,2500,2500,0.4722,-9.2067,0.0221,0.0000,-158446.3750,21775380,0.4651,-79173.19,4530.1606
22825259,1772051880,BTC,2500,2500,0.4722,-9.2067,0.0221,0.0000,-158446.4062,21775381,0.4651,-79173.20,4530.1606
22825260,1772051940,BTC,2500,2500,0.4722,-9.2067,0.0221,0.0000,-158446.3750,21775382,0.4651,-79173.19,4530.1606
22825261,1772052000,BTC,2500,2500,0.4722,-9.2067,0.0221,0.0000,-158446.4062,21775383,0.4651,-79173.20,4530.1606
22825262,1772052060,BTC,2500,2500,0.4722,-9.2067,0.0221,0.0000,-158446.4375,21775384,0.4651,-79173.22,4530.1606
22825263,1772052120,BTC,2500,2500,0.4722,-9.2067,0.0221,0.0000,-158446.4688,21775385,0.4651,-79173.23,4530.1606
22825264,1772052180,BTC,2500,2500,0.4722,-9.2067,0.0221,0.0000,-158446.5000,21775386,0.4651,-79173.25,4530.1606
22825265,1772052240,BTC,2500,2500,0.4722,-9.2067,0.0221,0.0000,-158446.4688,21775387,0.4651,-79173.23,4530.1606
22825266,1772052300,BTC,2500,2500,0.4722,-9.2067,0.0221,0.0200,-158446.4375,21775388,0.4651,-79173.22,4530.1606
22825267,1772052360,BTC,2500,2500,0.4722,-9.2067,0.0221,0.0200,-158446.4062,21775389,0.4651,-79173.20,4530.1606
22825268,1772052420,BTC,2500,2500,0.4722,-9.2067,0.0221,0.0200,-158446.3750,21775390,0.4651,-79173.19,4530.1606
22825269,1772052480,BTC,2500,2500,0.4722,-9.2067,0.0221,0.0200,-158446.3438,21775391,0.4651,-79173.17,4530.1606
22825270,1772052540,BTC,2500,2500,0.4722,-9.2067,0.0221,0.0000,-158446.3125,21775392,0.4651,-79173.16,4530.1606
22825271,1772052600,BTC,2500,2500,0.4722,-9.2067,0.0221,0.0000,-158446.2812,21775393,0.4651,-79173.14,4530.1606
22825272,1772052660,BTC,2500,2500,0.4722,-9.2067,0.0221,0.0000,-158446.2500,21775394,0.4651,-79173.12,4530.1606
22825273,1772052720,BTC,2500,2500,0.4722,-9.2067,0.0221,0.0000,-158446.2188,21775395,0.4651,-79173.11,4530.1606
22825274,1772052780,BTC,2500,2500,0.4722,-9.2067,0.0221,0.0000,-158446.2500,21775396,0.4651,-79173.12,4530.1606
22825275,1772052840,BTC,2500,2500,0.4722,-9.2067,0.0221,0.0000,-158446.2812,21775397,0.4651,-79173.14,4530.1606
22825276,1772052900,BTC,2500,2500,0.4722,-9.2067,0.0221,0.0000,-158446.3125,21775398,0.4651,-79173.16,4530.1606
22825277,1772052960,BTC,2500,2500,0.4722,-9.2067,0.0221,0.0000,-158446.3438,21775399,0.4651,-79173.17,4530.1606
22825278,1772053020,BTC,2500,2500,0.4722,-9.2067,0.0221,0.0200,-158446.3750,21775400,0.4651,-79173.19,4530.1606
22825279,1772053080,BTC,2500,2500,0.4722,-9.2067,0.0221,0.0000,-158446.3438,21775401,0.4651,-79173.17,4530.1606
22825280,1772053140,BTC,2500,2500,0.4722,-9.2067,0.0221,0.0000,-158446.3125,21775402,0.4651,-79173.16,4530.1606
22825281,1772053200,BTC,2500,2500,0.4722,-9.2067,0.0221,0.0000,-158446.2812,21775403,0.4651,-79173.14,4530.1606
22825282,1772053260,BTC,2500,2500,0.4722,-9.2067,0.0221,0.0000,-158446.3125,21775404,0.4651,-79173.16,4530.1606
22825283,1772053320,BTC,2500,2500,0.4722,-9.2067,0.0221,0.0000,-158446.3438,21775405,0.4651,-79173.17,4530.1606
22825284,1772053380,BTC,2500,2500,0.4722,-9.2067,0.0221,0.0000,-158446.3750,21775406,0.4651,-79173.19,4530.1606
22825285,1772053440,BTC,2500,2500,0.4722,-9.2067,0.0221,0.0000,-158446.3438,21775407,0.4651,-79173.17,4530.1606
22825286,1772053500,BTC,2500,2500,0.4722,-9.2067,0.0221,0.0000,-158446.3750,21775408,0.4651,-79173.19,4530.1606
22825287,1772053560,BTC,2500,2500,0.4722,-9.2067,0.0221,0.0000,-158446.3438,21775409,0.4651,-79173.17,4530.1606
22825288,1772053620,BTC,2500,2500,0.4722,-9.2067,0.0221,0.0000,-158446.3750,21775410,0.4651,-79173.19,4530.1606
22825289,1772053680,BTC,2500,2500,0.4722,-9.2067,0.0221,0.0000,-158446.4062,21775411,0.4651,-79173.20,4530.1606
22825290,1772053740,BTC,2500,2500,0.4722,-9.2067,0.0221,0.0000,-158446.3750,21775412,0.4651,-79173.19,4530.1606
22825291,1772053800,BTC,2500,2500,0.4722,-9.2067,0.0221,0.0000,-158446.3438,21775413,0.4651,-79173.17,4530.1606
22825292,1772053860,BTC,2500,2500,0.4722,-9.2067,0.0221,0.0000,-158446.3750,21775414,0.4651,-79173.19,4530.1606
22825293,1772053920,BTC,2500,2500,0.4722,-9.2067,0.0221,0.0000,-158446.4062,21775415,0.4651,-79173.20,4530.1606
22825294,1772053980,BTC,2500,2500,0.4722,-9.2067,0.0221,0.0000,-158446.3750,21775416,0.4651,-79173.19,4530.1606
22825295,1772054040,BTC,2500,2500,0.4722,-9.2067,0.0221,0.0000,-158446.3438,21775417,0.4651,-79173.17,4530.1606
22825296,1772054100,BTC,2500,2500,0.4722,-9.2067,0.0221,0.0000,-158446.3125,21775418,0.4651,-79173.16,4530.1606
22825297,1772054160,BTC,2500,2500,0.4722,-9.2067,0.0221,0.0000,-158446.3438,21775419,0.4651,-79173.17,4530.1606
22825298,1772054220,BTC,2500,2500,0.4722,-9.2067,0.0221,0.0000,-158446.3125,21775420,0.4651,-79173.16,4530.1606
22825299,1772054280,BTC,2500,2500,0.4722,-9.2067,0.0221,0.0000,-158446.2812,21775421,0.4651,-79173.14,4530.1606
22825300,1772054340,BTC,2500,2500,0.4722,-9.2067,0.0221,0.0000,-158446.3125,21775422,0.4651,-79173.16,4530.1606
22825301,1772054400,BTC,2500,2500,0.4722,-9.2067,0.0221,0.0000,-158446.2812,21775423,0.4651,-79173.14,4530.1606
22825302,1772054460,BTC,2500,2500,0.4722,-9.2067,0.0221,0.0000,-158446.3125,21775424,0.4651,-79173.16,4530.1606
22825303,1772054520,BTC,2500,2500,0.4722,-9.2067,0.0221,0.0000,-158446.3438,21775425,0.4651,-79173.17,4530.1606
22825304,1772054580,BTC,2500,2500,0.4722,-9.2067,0.0221,0.0000,-158446.3125,21775426,0.4651,-79173.16,4530.1606
22825305,1772054640,BTC,2500,2500,0.4722,-9.2067,0.0221,0.0000,-158446.2812,21775427,0.4651,-79173.14,4530.1606
22825306,1772054700,BTC,2500,2500,0.4722,-9.2067,0.0221,0.0000,-158446.2500,21775428,0.4651,-79173.12,4530.1606
22825307,1772054760,BTC,2500,2500,0.4722,-9.2067,0.0221,0.0000,-158446.2812,21775429,0.4651,-79173.14,4530.1606
22825308,1772054820,BTC,2500,2500,0.4722,-9.2067,0.0221,0.0000,-158446.3125,21775430,0.4651,-79173.16,4530.1606
22825309,1772054880,BTC,2500,2500,0.4722,-9.2067,0.0221,0.0000,-158446.3438,21775431,0.4651,-79173.17,4530.1606
22825310,1772054940,BTC,2500,2500,0.4722,-9.2067,0.0221,0.0000,-158446.3750,21775432,0.4651,-79173.19,4530.1606
22825311,1772055000,BTC,2500,2500,0.4722,-9.2067,0.0221,0.0000,-158446.3438,21775433,0.4651,-79173.17,4530.1606
22825312,1772055060,BTC,2500,2500,0.4722,-9.2067,0.0221,0.0200,-158446.3125,21775434,0.4651,-79173.16,4530.1606
22825313,1772055120,BTC,2500,2500,0.4722,-9.2067,0.0221,0.0200,-158446.3438,21775435,0.4651,-79173.17,4530.1606
22825314,1772055180,BTC,2500,2500,0.4722,-9.2067,0.0221,0.0000,-158446.3750,21775436,0.4651,-79173.19,4530.1606
22825315,1772055240,BTC,2500,2500,0.4722,-9.2067,0.0221,0.0000,-158446.4062,21775437,0.4651,-79173.20,4530.1606
22825316,1772055300,BTC,2500,2500,0.4722,-9.2067,0.0221,0.0000,-158446.4375,21775438,0.4651,-79173.22,4530.1606
22825317,1772055360,BTC,2500,2500,0.4722,-9.2067,0.0221,0.0200,-158446.4062,21775439,0.4651,-79173.20,4530.1606
22825318,1772055420,BTC,2500,2500,0.4722,-9.2067,0.0221,0.0200,-158446.4375,21775440,0.4651,-79173.22,4530.1606
22825319,1772055480,BTC,2500,2500,0.4722,-9.2067,0.0221,0.0200,-158446.4688,21775441,0.4651,-79173.23,4530.1606
22825320,1772055540,BTC,2500,2500,0.4722,-9.2067,0.0221,0.0200,-158446.5000,21775442,0.4651,-79173.25,4530.1606
22825321,1772055600,BTC,2500,2500,0.4722,-9.2067,0.0221,0.0000,-158446.5312,21775443,0.4651,-79173.27,4530.1606
22825322,1772055660,BTC,2500,2500,0.4722,-9.2067,0.0221,0.0000,-158446.5000,21775444,0.4651,-79173.25,4530.1606
22825323,1772055720,BTC,2500,2500,0.4722,-9.2067,0.0221,0.0000,-158446.4688,21775445,0.4651,-79173.23,4530.1606
22825324,1772055780,BTC,2500,2500,0.4722,-9.2067,0.0221,0.0000,-158446.4375,21775446,0.4651,-79173.22,4530.1606
22825325,1772055840,BTC,2500,2500,0.4722,-9.2067,0.0221,0.0000,-158446.4688,21775447,0.4651,-79173.23,4530.1606
22825326,1772055900,BTC,2500,2500,0.4722,-9.2067,0.0221,0.0200,-158446.5000,21775448,0.4651,-79173.25,4530.1606
22825327,1772055960,BTC,2500,2500,0.4722,-9.2067,0.0221,0.0200,-158446.5312,21775449,0.4651,-79173.27,4530.1606
22825328,1772056020,BTC,2500,2500,0.4722,-9.2067,0.0221,0.0200,-158446.5625,21775450,0.4651,-79173.28,4530.1606
22825329,1772056080,BTC,2500,2500,0.4722,-9.2067,0.0221,0.0000,-158446.5938,21775451,0.4651,-79173.30,4530.1606
22825330,1772056140,BTC,2500,2500,0.4722,-9.2067,0.0221,0.0000,-158446.6250,21775452,0.4651,-79173.31,4530.1606
22825331,1772056200,BTC,2500,2500,0.4722,-9.2067,0.0221,0.0000,-158446.5938,21775453,0.4651,-79173.30,4530.1606
22825332,1772056260,BTC,2500,2500,0.4722,-9.2067,0.0221,0.0000,-158446.6250,21775454,0.4651,-79173.31,4530.1606
22825333,1772056320,BTC,2500,2500,0.4722,-9.2067,0.0221,0.0000,-158446.5938,21775455,0.4651,-79173.30,4530.1606
22825334,1772056380,BTC,2500,2500,0.4722,-9.2067,0.0221,0.0000,-158446.5625,21775456,0.4651,-79173.28,4530.1606
22825335,1772056440,BTC,2500,2500,0.4722,-9.2067,0.0221,0.0000,-158446.5938,21775457,0.4651,-79173.30,4530.1606
22825336,1772056500,BTC,2500,2500,0.4722,-9.2067,0.0221,0.0000,-158446.5625,21775458,0.4651,-79173.28,4530.1606
22825337,1772056560,BTC,2500,2500,0.4722,-9.2067,0.0221,0.0000,-158446.5938,21775459,0.4651,-79173.30,4530.1606
22825338,1772056620,BTC,2500,2500,0.4722,-9.2067,0.0221,0.0000,-158446.6250,21775460,0.4651,-79173.31,4530.1606
22825339,1772056680,BTC,2500,2500,0.4722,-9.2067,0.0221,0.0000,-158446.6562,21775461,0.4651,-79173.33,4530.1606
22825340,1772056740,BTC,2500,2500,0.4722,-9.2067,0.0221,0.0000,-158446.6875,21775462,0.4651,-79173.34,4530.1606
22825341,1772056800,BTC,2500,2500,0.4722,-9.2067,0.0221,0.0000,-158446.7188,21775463,0.4651,-79173.36,4530.1606
22825342,1772056860,BTC,2500,2500,0.4722,-9.2067,0.0221,0.0000,-158446.6875,21775464,0.4651,-79173.34,4530.1606
22825343,1772056920,BTC,2500,2500,0.4722,-9.2067,0.0221,0.0000,-158446.6562,21775465,0.4651,-79173.33,4530.1606
22825344,1772056980,BTC,2500,2500,0.4722,-9.2067,0.0221,0.0000,-158446.6875,21775466,0.4651,-79173.34,4530.1606
22825345,1772057040,BTC,2500,2500,0.4722,-9.2067,0.0221,0.0000,-158446.7188,21775467,0.4651,-79173.36,4530.1606
22825346,1772057100,BTC,2500,2500,0.4722,-9.2067,0.0221,0.0000,-158446.6875,21775468,0.4651,-79173.34,4530.1606
22825347,1772057160,BTC,2500,2500,0.4722,-9.2067,0.0221,0.0000,-158446.7188,21775469,0.4651,-79173.36,4530.1606
22825348,1772057220,BTC,2500,2500,0.4722,-9.2067,0.0221,0.0000,-158446.6875,21775470,0.4651,-79173.34,4530.1606
22825349,1772057280,BTC,2500,2500,0.4722,-9.2067,0.0221,0.0000,-158446.7188,21775471,0.4651,-79173.36,4530.1606
22825350,1772057340,BTC,2500,2500,0.4722,-9.2067,0.0221,0.0000,-158446.7500,21775472,0.4651,-79173.38,4530.1606
22825351,1772057400,BTC,2500,2500,0.4722,-9.2067,0.0221,0.0000,-158446.7812,21775473,0.4651,-79173.39,4530.1606
22825352,1772057460,BTC,2500,2500,0.4722,-9.2067,0.0221,0.0000,-158446.8125,21775474,0.4651,-79173.41,4530.1606
22825353,1772057520,BTC,2500,2500,0.4722,-9.2067,0.0221,0.0000,-158446.7812,21775475,0.4651,-79173.39,4530.1606
22825354,1772057580,BTC,2500,2500,0.4722,-9.2067,0.0221,0.0000,-158446.7500,21775476,0.4651,-79173.38,4530.1606
22825355,1772057640,BTC,2500,2500,0.4722,-9.2067,0.0221,0.0000,-158446.7188,21775477,0.4651,-79173.36,4530.1606
22825356,1772057700,BTC,2500,2500,0.4722,-9.2067,0.0221,0.0000,-158446.6875,21775478,0.4651,-79173.34,4530.1606
22825357,1772057760,BTC,2500,2500,0.4722,-9.2067,0.0221,0.0000,-158446.6562,21775479,0.4651,-79173.33,4530.1606
22825358,1772057820,BTC,2500,2500,0.4722,-9.2067,0.0221,0.0000,-158446.6250,21775480,0.4651,-79173.31,4530.1606
22825359,1772057880,BTC,2500,2500,0.4722,-9.2067,0.0221,0.0000,-158446.6562,21775481,0.4651,-79173.33,4530.1606
22825360,1772057940,BTC,2500,2500,0.4722,-9.2067,0.0221,0.0000,-158446.6875,21775482,0.4651,-79173.34,4530.1606
22825361,1772058000,BTC,2500,2500,0.4722,-9.2067,0.0221,0.0200,-158446.7188,21775483,0.4651,-79173.36,4530.1606
22825362,1772058060,BTC,2500,2500,0.4722,-9.2067,0.0221,0.0000,-158446.7500,21775484,0.4651,-79173.38,4530.1606
22825363,1772058120,BTC,2500,2500,0.4722,-9.2067,0.0221,0.0000,-158446.7188,21775485,0.4651,-79173.36,4530.1606
22825364,1772058180,BTC,2500,2500,0.4722,-9.2067,0.0221,0.0000,-158446.6875,21775486,0.4651,-79173.34,4530.1606
22825365,1772058240,BTC,2500,2500,0.4722,-9.2067,0.0221,0.0000,-158446.7188,21775487,0.4651,-79173.36,4530.1606
22825366,1772058300,BTC,2500,2500,0.4722,-9.2067,0.0221,0.0000,-158446.6875,21775488,0.4651,-79173.34,4530.1606
22825367,1772058360,BTC,2500,2500,0.4722,-9.2067,0.0221,0.0000,-158446.7188,21775489,0.4651,-79173.36,4530.1606
22825368,1772058420,BTC,2500,2500,0.4722,-9.2067,0.0221,0.0000,-158446.7500,21775490,0.4651,-79173.38,4530.1606
22825369,1772058480,BTC,2500,2500,0.4722,-9.2067,0.0221,0.0000,-158446.7188,21775491,0.4651,-79173.36,4530.1606
22825370,1772058540,BTC,2500,2500,0.4722,-9.2067,0.0221,0.0000,-158446.6875,21775492,0.4651,-79173.34,4530.1606
22825371,1772058600,BTC,2500,2500,0.4722,-9.2067,0.0221,0.0000,-158446.6562,21775493,0.4651,-79173.33,4530.1606
22825372,1772058660,BTC,2500,2500,0.4722,-9.2067,0.0221,0.0000,-158446.6250,21775494,0.4651,-79173.31,4530.1606
22825373,1772058720,BTC,2500,2500,0.4722,-9.2067,0.0221,0.0000,-158446.6562,21775495,0.4651,-79173.33,4530.1606
22825374,1772058780,BTC,2500,2500,0.4722,-9.2067,0.0221,0.0000,-158446.6250,21775496,0.4651,-79173.31,4530.1606
22825375,1772058840,BTC,2500,2500,0.4722,-9.2067,0.0221,0.0000,-158446.6562,21775497,0.4651,-79173.33,4530.1606
22825376,1772058900,BTC,2500,2500,0.4722,-9.2067,0.0221,0.0000,-158446.6875,21775498,0.4651,-79173.34,4530.1606
22825377,1772058960,BTC,2500,2500,0.4722,-9.2067,0.0221,0.0000,-158446.6562,21775499,0.4651,-79173.33,4530.1606
22825378,1772059020,BTC,2500,2500,0.4722,-9.2067,0.0221,0.0000,-158446.6250,21775500,0.4651,-79173.31,4530.1606
22825379,1772059080,BTC,2500,2500,0.4722,-9.2067,0.0221,0.0000,-158446.6562,21775501,0.4651,-79173.33,4530.1606
22825380,1772059140,BTC,2500,2500,0.4722,-9.2067,0.0221,0.0000,-158446.6875,21775502,0.4651,-79173.34,4530.1606
22825381,1772059200,BTC,2500,2500,0.4722,-9.2067,0.0221,0.0200,-158446.7188,21775503,0.4651,-79173.36,4530.1606
22825382,1772059260,BTC,2500,2500,0.4722,-9.2067,0.0221,0.0000,-158446.7500,21775504,0.4651,-79173.38,4530.1606
22825383,1772059320,BTC,2500,2500,0.4722,-9.2067,0.0221,0.0000,-158446.7188,21775505,0.4651,-79173.36,4530.1606
22825384,1772059380,BTC,2500,2500,0.4722,-9.2067,0.0221,0.0000,-158446.7500,21775506,0.4651,-79173.38,4530.1606
22825385,1772059440,BTC,2500,2500,0.4722,-9.2067,0.0221,0.0000,-158446.7188,21775507,0.4651,-79173.36,4530.1606
22825386,1772059500,BTC,2500,2500,0.4722,-9.2067,0.0221,0.0000,-158446.7500,21775508,0.4651,-79173.38,4530.1606
22825387,1772059560,BTC,2500,2500,0.4722,-9.2067,0.0221,0.0000,-158446.7812,21775509,0.4651,-79173.39,4530.1606
22825388,1772059620,BTC,2500,2500,0.4722,-9.2067,0.0221,0.0000,-158446.8125,21775510,0.4651,-79173.41,4530.1606
22825389,1772059680,BTC,2500,2500,0.4722,-9.2067,0.0221,0.0000,-158446.7812,21775511,0.4651,-79173.39,4530.1606
22825390,1772059740,BTC,2500,2500,0.4722,-9.2067,0.0221,0.0000,-158446.7500,21775512,0.4651,-79173.38,4530.1606
22825391,1772059800,BTC,2500,2500,0.4722,-9.2067,0.0221,0.0200,-158446.7812,21775513,0.4651,-79173.39,4530.1606
22825392,1772059860,BTC,2500,2500,0.4722,-9.2067,0.0221,0.0000,-158446.8125,21775514,0.4651,-79173.41,4530.1606
22825393,1772059920,BTC,2500,2500,0.4722,-9.2067,0.0221,0.0200,-158446.8438,21775515,0.4651,-79173.42,4530.1606
22825394,1772059980,BTC,2500,2500,0.4722,-9.2067,0.0221,0.0000,-158446.8125,21775516,0.4651,-79173.41,4530.1606
22825395,1772060040,BTC,2500,2500,0.4722,-9.2067,0.0221,0.0200,-158446.7812,21775517,0.4651,-79173.39,4530.1606
22825396,1772060100,BTC,2500,2500,0.4722,-9.2067,0.0221,0.0000,-158446.8125,21775518,0.4651,-79173.41,4530.1606
22825397,1772060160,BTC,2500,2500,0.4722,-9.2067,0.0221,0.0000,-158446.7812,21775519,0.4651,-79173.39,4530.1606
22825398,1772060220,BTC,2500,2500,0.4722,-9.2067,0.0221,0.0000,-158446.8125,21775520,0.4651,-79173.41,4530.1606
22825399,1772060280,BTC,2500,2500,0.4722,-9.2067,0.0221,0.0000,-158446.8438,21775521,0.4651,-79173.42,4530.1606
22825400,1772060340,BTC,2500,2500,0.4722,-9.2067,0.0221,0.0200,-158446.8125,21775522,0.4651,-79173.41,4530.1606
22825401,1772060400,BTC,2500,2500,0.4722,-9.2067,0.0221,0.0000,-158446.7812,21775523,0.4651,-79173.39,4530.1606
22825402,1772060460,BTC,2500,2500,0.4722,-9.2067,0.0221,0.0000,-158446.7500,21775524,0.4651,-79173.38,4530.1606
22825403,1772060520,BTC,2500,2500,0.4722,-9.2067,0.0221,0.0000,-158446.7188,21775525,0.4651,-79173.36,4530.1606
22825404,1772060580,BTC,2500,2500,0.4722,-9.2067,0.0221,0.0000,-158446.7500,21775526,0.4651,-79173.38,4530.1606
22825405,1772060640,BTC,2500,2500,0.4722,-9.2067,0.0221,0.0000,-158446.7812,21775527,0.4651,-79173.39,4530.1606
22825406,1772060700,BTC,2500,2500,0.4722,-9.2067,0.0221,0.0000,-158446.8125,21775528,0.4651,-79173.41,4530.1606
22825407,1772060760,BTC,2500,2500,0.4722,-9.2067,0.0221,0.0000,-158446.8438,21775529,0.4651,-79173.42,4530.1606
22825408,1772060820,BTC,2500,2500,0.4722,-9.2067,0.0221,0.0000,-158446.8750,21775530,0.4651,-79173.44,4530.1606
22825409,1772060880,BTC,2500,2500,0.4722,-9.2067,0.0221,0.0000,-158446.9062,21775531,0.4651,-79173.45,4530.1606
22825410,1772060940,BTC,2500,2500,0.4722,-9.2067,0.0221,0.0000,-158446.8750,21775532,0.4651,-79173.44,4530.1606
22825411,1772061000,BTC,2500,2500,0.4722,-9.2067,0.0221,0.0000,-158446.8438,21775533,0.4651,-79173.42,4530.1606
22825412,1772061060,BTC,2500,2500,0.4722,-9.2067,0.0221,0.0000,-158446.8125,21775534,0.4651,-79173.41,4530.1606
22825413,1772061120,BTC,2500,2500,0.4722,-9.2067,0.0221,0.0000,-158446.8438,21775535,0.4651,-79173.42,4530.1606
22825414,1772061180,BTC,2500,2500,0.4722,-9.2067,0.0221,0.0000,-158446.8125,21775536,0.4651,-79173.41,4530.1606
22825415,1772061240,BTC,2500,2500,0.4722,-9.2067,0.0221,0.0000,-158446.8438,21775537,0.4651,-79173.42,4530.1606
22825416,1772061300,BTC,2500,2500,0.4722,-9.2067,0.0221,0.0000,-158446.8750,21775538,0.4651,-79173.44,4530.1606
22825417,1772061360,BTC,2500,2500,0.4722,-9.2067,0.0221,0.0000,-158446.8438,21775539,0.4651,-79173.42,4530.1606
22825418,1772061420,BTC,2500,2500,0.4722,-9.2067,0.0221,0.0000,-158446.8750,21775540,0.4651,-79173.44,4530.1606
22825419,1772061480,BTC,2500,2500,0.4722,-9.2067,0.0221,0.0000,-158446.9062,21775541,0.4651,-79173.45,4530.1606
22825420,1772061540,BTC,2500,2500,0.4722,-9.2067,0.0221,0.0200,-158446.9375,21775542,0.4651,-79173.47,4530.1606
22825421,1772061600,BTC,2500,2500,0.4722,-9.2067,0.0221,0.0000,-158446.9688,21775543,0.4651,-79173.48,4530.1606
22825422,1772061660,BTC,2500,2500,0.4722,-9.2067,0.0221,0.0200,-158447.0000,21775544,0.4651,-79173.50,4530.1606
22825423,1772061720,BTC,2500,2500,0.4722,-9.2067,0.0221,0.0200,-158447.0312,21775545,0.4651,-79173.52,4530.1606
22825424,1772061780,BTC,2500,2500,0.4722,-9.2067,0.0221,0.0200,-158447.0000,21775546,0.4651,-79173.50,4530.1606
22825425,1772061840,BTC,2500,2500,0.4722,-9.2067,0.0221,0.0000,-158447.0312,21775547,0.4651,-79173.52,4530.1606
22825426,1772061900,BTC,2500,2500,0.4722,-9.2067,0.0221,0.0000,-158447.0625,21775548,0.4651,-79173.53,4530.1606
22825427,1772061960,BTC,2500,2500,0.4722,-9.2067,0.0221,0.0200,-158447.0312,21775549,0.4651,-79173.52,4530.1606
22825428,1772062020,BTC,2500,2500,0.4722,-9.2067,0.0221,0.0000,-158447.0625,21775550,0.4651,-79173.53,4530.1606
22825429,1772062080,BTC,2500,2500,0.4722,-9.2067,0.0221,0.0000,-158447.0938,21775551,0.4651,-79173.55,4530.1606
22825430,1772062140,BTC,2500,2500,0.4722,-9.2067,0.0221,0.0000,-158447.0625,21775552,0.4651,-79173.53,4530.1606
22825431,1772062200,BTC,2500,2500,0.4722,-9.2067,0.0221,0.0000,-158447.0938,21775553,0.4651,-79173.55,4530.1606
22825432,1772062260,BTC,2500,2500,0.4722,-9.2067,0.0221,0.0000,-158447.0625,21775554,0.4651,-79173.53,4530.1606
22825433,1772062320,BTC,2500,2500,0.4722,-9.2067,0.0221,0.0200,-158447.0938,21775555,0.4651,-79173.55,4530.1606
22825434,1772062380,BTC,2500,2500,0.4722,-9.2067,0.0221,0.0200,-158447.0625,21775556,0.4651,-79173.53,4530.1606
22825435,1772062440,BTC,2500,2500,0.4722,-9.2067,0.0221,0.0200,-158447.0312,21775557,0.4651,-79173.52,4530.1606
22825436,1772062500,BTC,2500,2500,0.4722,-9.2067,0.0221,0.0000,-158447.0625,21775558,0.4651,-79173.53,4530.1606
22825437,1772062560,BTC,2500,2500,0.4722,-9.2067,0.0221,0.0000,-158447.0938,21775559,0.4651,-79173.55,4530.1606
22825438,1772062620,BTC,2500,2500,0.4722,-9.2067,0.0221,0.0200,-158447.1250,21775560,0.4651,-79173.56,4530.1606
22825439,1772062680,BTC,2500,2500,0.4722,-9.2067,0.0221,0.0000,-158447.1562,21775561,0.4651,-79173.58,4530.1606
22825440,1772062740,BTC,2500,2500,0.4722,-9.2067,0.0221,0.0000,-158447.1250,21775562,0.4651,-79173.56,4530.1606
22825441,1772062800,BTC,2500,2500,0.4722,-9.2067,0.0221,0.0000,-158447.0938,21775563,0.4651,-79173.55,4530.1606
22825442,1772062860,BTC,2500,2500,0.4722,-9.2067,0.0221,0.0000,-158447.0625,21775564,0.4651,-79173.53,4530.1606
22825443,1772062920,BTC,2500,2500,0.4722,-9.2067,0.0221,0.0200,-158447.0938,21775565,0.4651,-79173.55,4530.1606
22825444,1772062980,BTC,2500,2500,0.4722,-9.2067,0.0221,0.0200,-158447.0625,21775566,0.4651,-79173.53,4530.1606
22825445,1772063040,BTC,2500,2500,0.4722,-9.2067,0.0221,0.0200,-158447.0312,21775567,0.4651,-79173.52,4530.1606
22825446,1772063100,BTC,2500,2500,0.4722,-9.2067,0.0221,0.0000,-158447.0625,21775568,0.4651,-79173.53,4530.1606
22825447,1772063160,BTC,2500,2500,0.4722,-9.2067,0.0221,0.0000,-158447.0938,21775569,0.4651,-79173.55,4530.1606
22825448,1772063220,BTC,2500,2500,0.4722,-9.2067,0.0221,0.0000,-158447.1250,21775570,0.4651,-79173.56,4530.1606
22825449,1772063280,BTC,2500,2500,0.4722,-9.2067,0.0221,0.0000,-158447.0938,21775571,0.4651,-79173.55,4530.1606
22825450,1772063340,BTC,2500,2500,0.4722,-9.2067,0.0221,0.0000,-158447.0625,21775572,0.4651,-79173.53,4530.1606
22825451,1772063400,BTC,2500,2500,0.4722,-9.2067,0.0221,0.0000,-158447.0938,21775573,0.4651,-79173.55,4530.1606
22825452,1772063460,BTC,2500,2500,0.4722,-9.2067,0.0221,0.0000,-158447.1250,21775574,0.4651,-79173.56,4530.1606
22825453,1772063520,BTC,2500,2500,0.4722,-9.2067,0.0221,0.0200,-158447.0938,21775575,0.4651,-79173.55,4530.1606
22825454,1772063580,BTC,2500,2500,0.4722,-9.2067,0.0221,0.0200,-158447.0625,21775576,0.4651,-79173.53,4530.1606
22825455,1772063640,BTC,2500,2500,0.4722,-9.2067,0.0221,0.0000,-158447.0312,21775577,0.4651,-79173.52,4530.1606
22825456,1772063700,BTC,2500,2500,0.4722,-9.2067,0.0221,0.0000,-158447.0000,21775578,0.4651,-79173.50,4530.1606
22825457,1772063760,BTC,2500,2500,0.4722,-9.2067,0.0221,0.0000,-158447.0312,21775579,0.4651,-79173.52,4530.1606
22825458,1772063820,BTC,2500,2500,0.4722,-9.2067,0.0221,0.0000,-158447.0625,21775580,0.4651,-79173.53,4530.1606
22825459,1772063880,BTC,2500,2500,0.4722,-9.2067,0.0221,0.0000,-158447.0312,21775581,0.4651,-79173.52,4530.1606
22825460,1772063940,BTC,2500,2500,0.4722,-9.2067,0.0221,0.0000,-158447.0625,21775582,0.4651,-79173.53,4530.1606
22825461,1772064000,BTC,2500,2500,0.4722,-9.2067,0.0221,0.0000,-158447.0312,21775583,0.4651,-79173.52,4530.1606
22825462,1772064060,BTC,2500,2500,0.4722,-9.2067,0.0221,0.0000,-158447.0000,21775584,0.4651,-79173.50,4530.1606
22825463,1772064120,BTC,2500,2500,0.4722,-9.2067,0.0221,0.0200,-158447.0312,21775585,0.4651,-79173.52,4530.1606
22825464,1772064180,BTC,2500,2500,0.4722,-9.2067,0.0221,0.0000,-158447.0625,21775586,0.4651,-79173.53,4530.1606
22825465,1772064240,BTC,2500,2500,0.4722,-9.2067,0.0221,0.0000,-158447.0312,21775587,0.4651,-79173.52,4530.1606
22825466,1772064300,BTC,2500,2500,0.4722,-9.2067,0.0221,0.0000,-158447.0625,21775588,0.4651,-79173.53,4530.1606
22825467,1772064360,BTC,2500,2500,0.4722,-9.2067,0.0221,0.0000,-158447.0938,21775589,0.4651,-79173.55,4530.1606
22825468,1772064420,BTC,2500,2500,0.4722,-9.2067,0.0221,0.0000,-158447.1250,21775590,0.4651,-79173.56,4530.1606
22825469,1772064480,BTC,2500,2500,0.4722,-9.2067,0.0221,0.0000,-158447.0938,21775591,0.4651,-79173.55,4530.1606
22825470,1772064540,BTC,2500,2500,0.4722,-9.2067,0.0221,0.0000,-158447.1250,21775592,0.4651,-79173.56,4530.1606
22825471,1772064600,BTC,2500,2500,0.4722,-9.2067,0.0221,0.0000,-158447.0938,21775593,0.4651,-79173.55,4530.1606
22825472,1772064660,BTC,2500,2500,0.4722,-9.2067,0.0221,0.0000,-158447.1250,21775594,0.4651,-79173.56,4530.1606
22825473,1772064720,BTC,2500,2500,0.4722,-9.2067,0.0221,0.0000,-158447.1562,21775595,0.4651,-79173.58,4530.1606
22825474,1772064780,BTC,2500,2500,0.4722,-9.2067,0.0221,0.0200,-158447.1875,21775596,0.4651,-79173.59,4530.1606
22825475,1772064840,BTC,2500,2500,0.4722,-9.2067,0.0221,0.0000,-158447.1562,21775597,0.4651,-79173.58,4530.1606
22825476,1772064900,BTC,2500,2500,0.4722,-9.2067,0.0221,0.0000,-158447.1875,21775598,0.4651,-79173.59,4530.1606
22825477,1772064960,BTC,2500,2500,0.4722,-9.2067,0.0221,0.0000,-158447.1562,21775599,0.4651,-79173.58,4530.1606
22825478,1772065020,BTC,2500,2500,0.4722,-9.2067,0.0221,0.0200,-158447.1250,21775600,0.4651,-79173.56,4530.1606
22825479,1772065080,BTC,2500,2500,0.4722,-9.2067,0.0221,0.0000,-158447.1562,21775601,0.4651,-79173.58,4530.1606
22825480,1772065140,BTC,2500,2500,0.4722,-9.2067,0.0221,0.0000,-158447.1250,21775602,0.4651,-79173.56,4530.1606
22825481,1772065200,BTC,2500,2500,0.4722,-9.2067,0.0221,0.0000,-158447.1562,21775603,0.4651,-79173.58,4530.1606
22825482,1772065260,BTC,2500,2500,0.4722,-9.2067,0.0221,0.0000,-158447.1250,21775604,0.4651,-79173.56,4530.1606
22825483,1772065320,BTC,2500,2500,0.4722,-9.2067,0.0221,0.0000,-158447.1562,21775605,0.4651,-79173.58,4530.1606
22825484,1772065380,BTC,2500,2500,0.4722,-9.2067,0.0221,0.0000,-158447.1250,21775606,0.4651,-79173.56,4530.1606
22825485,1772065440,BTC,2500,2500,0.4722,-9.2067,0.0221,0.0000,-158447.1562,21775607,0.4651,-79173.58,4530.1606
22825486,1772065500,BTC,2500,2500,0.4722,-9.2067,0.0221,0.0000,-158447.1250,21775608,0.4651,-79173.56,4530.1606
22825487,1772065560,BTC,2500,2500,0.4722,-9.2067,0.0221,0.0000,-158447.1562,21775609,0.4651,-79173.58,4530.1606
22825488,1772065620,BTC,2500,2500,0.4722,-9.2067,0.0221,0.0000,-158447.1250,21775610,0.4651,-79173.56,4530.1606
22825489,1772065680,BTC,2500,2500,0.4722,-9.2067,0.0221,0.0000,-158447.1562,21775611,0.4651,-79173.58,4530.1606
22825490,1772065740,BTC,2500,2500,0.4722,-9.2067,0.0221,0.0000,-158447.1250,21775612,0.4651,-79173.56,4530.1606
22825491,1772065800,BTC,2500,2500,0.4722,-9.2067,0.0221,0.0000,-158447.1562,21775613,0.4651,-79173.58,4530.1606
22825492,1772065860,BTC,2500,2500,0.4722,-9.2067,0.0221,0.0000,-158447.1875,21775614,0.4651,-79173.59,4530.1606
22825493,1772065920,BTC,2500,2500,0.4722,-9.2067,0.0221,0.0000,-158447.2188,21775615,0.4651,-79173.61,4530.1606
22825494,1772065980,BTC,2500,2500,0.4722,-9.2067,0.0221,0.0000,-158447.1875,21775616,0.4651,-79173.59,4530.1606
22825495,1772066040,BTC,2500,2500,0.4722,-9.2067,0.0221,0.0000,-158447.2188,21775617,0.4651,-79173.61,4530.1606
22825496,1772066100,BTC,2500,2500,0.4722,-9.2067,0.0221,0.0000,-158447.2500,21775618,0.4651,-79173.62,4530.1606
22825497,1772066160,BTC,2500,2500,0.4722,-9.2067,0.0221,0.0000,-158447.2188,21775619,0.4651,-79173.61,4530.1606
22825498,1772066220,BTC,2500,2500,0.4722,-9.2067,0.0221,0.0000,-158447.1875,21775620,0.4651,-79173.59,4530.1606
22825499,1772066280,BTC,2500,2500,0.4722,-9.2067,0.0221,0.0000,-158447.1562,21775621,0.4651,-79173.58,4530.1606
22825500,1772066340,BTC,2500,2500,0.4722,-9.2067,0.0221,0.0000,-158447.1250,21775622,0.4651,-79173.56,4530.1606
22825501,1772066400,BTC,2500,2500,0.4722,-9.2067,0.0221,0.0000,-158447.0938,21775623,0.4651,-79173.55,4530.1606
22825502,1772066460,BTC,2500,2500,0.4722,-9.2067,0.0221,0.0200,-158447.0625,21775624,0.4651,-79173.53,4530.1606
22825503,1772066520,BTC,2500,2500,0.4722,-9.2067,0.0221,0.0000,-158447.0938,21775625,0.4651,-79173.55,4530.1606
22825504,1772066580,BTC,2500,2500,0.4722,-9.2067,0.0221,0.0000,-158447.1250,21775626,0.4651,-79173.56,4530.1606
22825505,1772066640,BTC,2500,2500,0.4722,-9.2067,0.0221,0.0000,-158447.1562,21775627,0.4651,-79173.58,4530.1606
22825506,1772066700,BTC,2500,2500,0.4722,-9.2067,0.0221,0.0000,-158447.1250,21775628,0.4651,-79173.56,4530.1606
22825507,1772066760,BTC,2500,2500,0.4722,-9.2067,0.0221,0.0000,-158447.1562,21775629,0.4651,-79173.58,4530.1606
22825508,1772066820,BTC,2500,2500,0.4722,-9.2067,0.0221,nan,-158447.1875,21775630,0.4651,-79173.59,4530.1606
22825509,1772066880,BTC,2500,2500,0.4722,-9.2067,0.0221,nan,-158447.1562,21775631,0.4651,-79173.58,4530.1606
22825510,1772066940,BTC,2500,2500,0.4722,-9.2067,0.0221,nan,-158447.1875,21775632,0.4651,-79173.59,4530.1606
22825511,1772067000,BTC,2500,2500,0.4722,-9.2067,0.0221,nan,-158447.1562,21775633,0.4651,-79173.58,4530.1606
22825512,1772067060,BTC,2500,2500,0.4722,-9.2067,0.0221,nan,-158447.1250,21775634,0.4651,-79173.56,4530.1606
22825513,1772067120,BTC,2500,2500,0.4722,-9.2067,0.0221,nan,-158447.1562,21775635,0.4651,-79173.58,4530.1606
22825514,1772067180,BTC,2500,2500,0.4722,-9.2067,0.0221,nan,-158447.1250,21775636,0.4651,-79173.56,4530.1606
22825515,1772067240,BTC,2500,2500,0.4722,-9.2067,0.0221,nan,-158447.1562,21775637,0.4651,-79173.58,4530.1606
22825516,1772067300,BTC,2500,2500,0.4722,-9.2067,0.0221,nan,-158447.1875,21775638,0.4651,-79173.59,4530.1606
22825517,1772067360,BTC,2500,2500,0.4722,-9.2067,0.0221,nan,-158447.2188,21775639,0.4651,-79173.61,4530.1606
22825518,1772067420,BTC,2500,2500,0.4722,-9.2067,0.0221,nan,-158447.1875,21775640,0.4651,-79173.59,4530.1606
22825519,1772067480,BTC,2500,2500,0.4722,-9.2067,0.0221,nan,-158447.2188,21775641,0.4651,-79173.61,4530.1606
22825520,1772067540,BTC,2500,2500,0.4722,-9.2067,0.0221,nan,-158447.2500,21775642,0.4651,-79173.62,4530.1606
22825521,1772067600,BTC,2500,2500,0.4722,-9.2067,0.0221,nan,-158447.2188,21775643,0.4651,-79173.61,4530.1606
22825522,1772067660,BTC,2500,2500,0.4722,-9.2067,0.0221,nan,-158447.1875,21775644,0.4651,-79173.59,4530.1606
22825523,1772067720,BTC,2500,2500,0.4722,-9.2067,0.0221,nan,-158447.2188,21775645,0.4651,-79173.61,4530.1606
22825524,1772067780,BTC,2500,2500,0.4722,-9.2067,0.0221,nan,-158447.2500,21775646,0.4651,-79173.62,4530.1606
22825525,1772067840,BTC,2500,2500,0.4722,-9.2067,0.0221,nan,-158447.2812,21775647,0.4651,-79173.64,4530.1606
22825526,1772067900,BTC,2500,2500,0.4722,-9.2067,0.0221,nan,-158447.2500,21775648,0.4651,-79173.62,4530.1606
22825527,1772067960,BTC,2500,2500,0.4722,-9.2067,0.0221,nan,-158447.2812,21775649,0.4651,-79173.64,4530.1606
22825528,1772068020,BTC,2500,2500,0.4722,-9.2067,0.0221,nan,-158447.3125,21775650,0.4651,-79173.66,4530.1606
22825529,1772068080,BTC,2500,2500,0.4722,-9.2067,0.0221,nan,-158447.2812,21775651,0.4651,-79173.64,4530.1606
22825530,1772068140,BTC,2500,2500,0.4722,-9.2067,0.0221,nan,-158447.2500,21775652,0.4651,-79173.62,4530.1606
22825531,1772068200,BTC,2500,2500,0.4722,-9.2067,0.0221,nan,-158447.2188,21775653,0.4651,-79173.61,4530.1606
22825532,1772068260,BTC,2500,2500,0.4722,-9.2067,0.0221,nan,-158447.1875,21775654,0.4651,-79173.59,4530.1606
22825533,1772068320,BTC,2500,2500,0.4722,-9.2067,0.0221,nan,-158447.2188,21775655,0.4651,-79173.61,4530.1606
22825534,1772068380,BTC,2500,2500,0.4722,-9.2067,0.0221,nan,-158447.1875,21775656,0.4651,-79173.59,4530.1606
22825535,1772068440,BTC,2500,2500,0.4722,-9.2067,0.0221,nan,-158447.2188,21775657,0.4651,-79173.61,4530.1606
22825536,1772068500,BTC,2500,2500,0.4722,-9.2067,0.0221,nan,-158447.1875,21775658,0.4651,-79173.59,4530.1606
22825537,1772068560,BTC,2500,2500,0.4722,-9.2067,0.0221,nan,-158447.1562,21775659,0.4651,-79173.58,4530.1606
22825538,1772068620,BTC,2500,2500,0.4722,-9.2067,0.0221,nan,-158447.1250,21775660,0.4651,-79173.56,4530.1606
22825539,1772068680,BTC,2500,2500,0.4722,-9.2067,0.0221,nan,-158447.1562,21775661,0.4651,-79173.58,4530.1606
22825540,1772068740,BTC,2500,2500,0.4722,-9.2067,0.0221,nan,-158447.1875,21775662,0.4651,-79173.59,4530.1606
22825541,1772068800,BTC,2500,2500,0.4722,-9.2067,0.0221,nan,-158447.1562,21775663,0.4651,-79173.58,4530.1606
22825542,1772068860,BTC,2500,2500,0.4722,-9.2067,0.0221,nan,-158447.1875,21775664,0.4651,-79173.59,4530.1606
22825543,1772068920,BTC,2500,2500,0.4722,-9.2067,0.0221,nan,-158447.1562,21775665,0.4651,-79173.58,4530.1606
22825544,1772068980,BTC,2500,2500,0.4722,-9.2067,0.0221,nan,-158447.1250,21775666,0.4651,-79173.56,4530.1606
22825545,1772069040,BTC,2500,2500,0.4722,-9.2067,0.0221,nan,-158447.1562,21775667,0.4651,-79173.58,4530.1606
22825546,1772069100,BTC,2500,2500,0.4722,-9.2067,0.0221,nan,-158447.1250,21775668,0.4651,-79173.56,4530.1606
22825547,1772069160,BTC,2500,2500,0.4722,-9.2067,0.0221,nan,-158447.0938,21775669,0.4651,-79173.55,4530.1606
22825548,1772069220,BTC,2500,2500,0.4722,-9.2067,0.0221,nan,-158447.0625,21775670,0.4651,-79173.53,4530.1606
22825549,1772069280,BTC,2500,2500,0.4722,-9.2067,0.0221,nan,-158447.0938,21775671,0.4651,-79173.55,4530.1606
22825550,1772069340,BTC,2500,2500,0.4722,-9.2067,0.0221,nan,-158447.0625,21775672,0.4651,-79173.53,4530.1606
22825551,1772069400,BTC,2500,2500,0.4722,-9.2067,0.0221,nan,-158447.0312,21775673,0.4651,-79173.52,4530.1606
22825552,1772069460,BTC,2500,2500,0.4722,-9.2067,0.0221,nan,-158447.0000,21775674,0.4651,-79173.50,4530.1606
22825553,1772069520,BTC,2500,2500,0.4722,-9.2067,0.0221,nan,-158447.0312,21775675,0.4651,-79173.52,4530.1606
22825554,1772069580,BTC,2500,2500,0.4722,-9.2067,0.0221,nan,-158447.0000,21775676,0.4651,-79173.50,4530.1606
22825555,1772069640,BTC,2500,2500,0.4722,-9.2067,0.0221,nan,-158447.0312,21775677,0.4651,-79173.52,4530.1606
22825556,1772069700,BTC,2500,2500,0.4722,-9.2067,0.0221,nan,-158447.0625,21775678,0.4651,-79173.53,4530.1606
22825557,1772069760,BTC,2500,2500,0.4722,-9.2067,0.0221,nan,-158447.0938,21775679,0.4651,-79173.55,4530.1606
22825558,1772069820,BTC,2500,2500,0.4722,-9.2067,0.0221,nan,-158447.1250,21775680,0.4651,-79173.56,4530.1606
22825559,1772069880,BTC,2500,2500,0.4722,-9.2067,0.0221,nan,-158447.0938,21775681,0.4651,-79173.55,4530.1606
22825560,1772069940,BTC,2500,2500,0.4722,-9.2067,0.0221,nan,-158447.1250,21775682,0.4651,-79173.56,4530.1606
22825561,1772070000,BTC,2500,2500,0.4722,-9.2067,0.0221,nan,-158447.1562,21775683,0.4651,-79173.58,4530.1606
22825562,1772070060,BTC,2500,2500,0.4722,-9.2067,0.0221,nan,-158447.1875,21775684,0.4651,-79173.59,4530.1606
22825563,1772070120,BTC,2500,2500,0.4722,-9.2067,0.0221,nan,-158447.1562,21775685,0.4651,-79173.58,4530.1606
22825564,1772070180,BTC,2500,2500,0.4722,-9.2067,0.0221,nan,-158447.1250,21775686,0.4651,-79173.56,4530.1606
22825565,1772070240,BTC,2500,2500,0.4722,-9.2067,0.0221,nan,-158447.0938,21775687,0.4651,-79173.55,4530.1606
22825566,1772070300,BTC,2500,2500,0.4722,-9.2067,0.0221,nan,-158447.0625,21775688,0.4651,-79173.53,4530.1606
22825567,1772070360,BTC,2500,2500,0.4722,-9.2067,0.0221,nan,-158447.0938,21775689,0.4651,-79173.55,4530.1606
22825568,1772070420,BTC,2500,2500,0.4722,-9.2067,0.0221,nan,-158447.1250,21775690,0.4651,-79173.56,4530.1606
22825569,1772070480,BTC,2500,2500,0.4722,-9.2067,0.0221,nan,-158447.0938,21775691,0.4651,-79173.55,4530.1606
22825570,1772070540,BTC,2500,2500,0.4722,-9.2067,0.0221,nan,-158447.1250,21775692,0.4651,-79173.56,4530.1606
22825571,1772070600,BTC,2500,2500,0.4722,-9.2067,0.0221,nan,-158447.0938,21775693,0.4651,-79173.55,4530.1606
22825572,1772070660,BTC,2500,2500,0.4722,-9.2067,0.0221,nan,-158447.1250,21775694,0.4651,-79173.56,4530.1606
22825573,1772070720,BTC,2500,2500,0.4722,-9.2067,0.0221,nan,-158447.0938,21775695,0.4651,-79173.55,4530.1606
22825574,1772070780,BTC,2500,2500,0.4722,-9.2067,0.0221,nan,-158447.1250,21775696,0.4651,-79173.56,4530.1606
22825575,1772070840,BTC,2500,2500,0.4722,-9.2067,0.0221,nan,-158447.0938,21775697,0.4651,-79173.55,4530.1606
22825576,1772070900,BTC,2500,2500,0.4722,-9.2067,0.0221,nan,-158447.1250,21775698,0.4651,-79173.56,4530.1606
22825577,1772070960,BTC,2500,2500,0.4722,-9.2067,0.0221,nan,-158447.1562,21775699,0.4651,-79173.58,4530.1606
22825578,1772071020,BTC,2500,2500,0.4722,-9.2067,0.0221,nan,-158447.1250,21775700,0.4651,-79173.56,4530.1606
22825579,1772071080,BTC,2500,2500,0.4722,-9.2067,0.0221,nan,-158447.1562,21775701,0.4651,-79173.58,4530.1606
22825580,1772071140,BTC,2500,2500,0.4722,-9.2067,0.0221,nan,-158447.1250,21775702,0.4651,-79173.56,4530.1606
22825581,1772071200,BTC,2500,2500,0.4722,-9.2067,0.0221,nan,-158447.1562,21775703,0.4651,-79173.58,4530.1606
22825582,1772071260,BTC,2500,2500,0.4722,-9.2067,0.0221,nan,-158447.1250,21775704,0.4651,-79173.56,4530.1606
22825583,1772071320,BTC,2500,2500,0.4722,-9.2067,0.0221,nan,-158447.0938,21775705,0.4651,-79173.55,4530.1606
22825584,1772071380,BTC,2500,2500,0.4722,-9.2067,0.0221,nan,-158447.0625,21775706,0.4651,-79173.53,4530.1606
22825585,1772071440,BTC,2500,2500,0.4722,-9.2067,0.0221,nan,-158447.0938,21775707,0.4651,-79173.55,4530.1606
22825586,1772071500,BTC,2500,2500,0.4722,-9.2067,0.0221,nan,-158447.1250,21775708,0.4651,-79173.56,4530.1606
22825587,1772071560,BTC,2500,2500,0.4722,-9.2067,0.0221,nan,-158447.1562,21775709,0.4651,-79173.58,4530.1606
22825588,1772071620,BTC,2500,2500,0.4722,-9.2067,0.0221,nan,-158447.1250,21775710,0.4651,-79173.56,4530.1606
22825589,1772071680,BTC,2500,2500,0.4722,-9.2067,0.0221,nan,-158447.1562,21775711,0.4651,-79173.58,4530.1606
22825590,1772071740,BTC,2500,2500,0.4722,-9.2067,0.0221,nan,-158447.1875,21775712,0.4651,-79173.59,4530.1606
22825591,1772071800,BTC,2500,2500,0.4722,-9.2067,0.0221,nan,-158447.1562,21775713,0.4651,-79173.58,4530.1606
22825592,1772071860,BTC,2500,2500,0.4722,-9.2067,0.0221,nan,-158447.1875,21775714,0.4651,-79173.59,4530.1606
22825593,1772071920,BTC,2500,2500,0.4722,-9.2067,0.0221,nan,-158447.1562,21775715,0.4651,-79173.58,4530.1606
22825594,1772071980,BTC,2500,2500,0.4722,-9.2067,0.0221,nan,-158447.1250,21775716,0.4651,-79173.56,4530.1606
22825595,1772072040,BTC,2500,2500,0.4722,-9.2067,0.0221,nan,-158447.1562,21775717,0.4651,-79173.58,4530.1606
22825596,1772072100,BTC,2500,2500,0.4722,-9.2067,0.0221,nan,-158447.1875,21775718,0.4651,-79173.59,4530.1606
22825597,1772072160,BTC,2500,2500,0.4722,-9.2067,0.0221,nan,-158447.2188,21775719,0.4651,-79173.61,4530.1606
22825598,1772072220,BTC,2500,2500,0.4722,-9.2067,0.0221,nan,-158447.1875,21775720,0.4651,-79173.59,4530.1606
22825599,1772072280,BTC,2500,2500,0.4722,-9.2067,0.0221,nan,-158447.1562,21775721,0.4651,-79173.58,4530.1606
22825600,1772072340,BTC,2500,2500,0.4722,-9.2067,0.0221,nan,-158447.1250,21775722,0.4651,-79173.56,4530.1606
22825601,1772072400,BTC,2500,2500,0.4722,-9.2067,0.0221,nan,-158447.0938,21775723,0.4651,-79173.55,4530.1606
22825602,1772072460,BTC,2500,2500,0.4722,-9.2067,0.0221,nan,-158447.1250,21775724,0.4651,-79173.56,4530.1606
22825603,1772072520,BTC,2500,2500,0.4722,-9.2067,0.0221,nan,-158447.0938,21775725,0.4651,-79173.55,4530.1606
22825604,1772072580,BTC,2500,2500,0.4722,-9.2067,0.0221,nan,-158447.0625,21775726,0.4651,-79173.53,4530.1606
22825605,1772072640,BTC,2500,2500,0.4722,-9.2067,0.0221,nan,-158447.0938,21775727,0.4651,-79173.55,4530.1606
22825606,1772072700,BTC,2500,2500,0.4722,-9.2067,0.0221,nan,-158447.0625,21775728,0.4651,-79173.53,4530.1606
22825607,1772072760,BTC,2500,2500,0.4722,-9.2067,0.0221,nan,-158447.0938,21775729,0.4651,-79173.55,4530.1606
22825608,1772072820,BTC,2500,2500,0.4722,-9.2067,0.0221,nan,-158447.1250,21775730,0.4651,-79173.56,4530.1606
22825609,1772072880,BTC,2500,2500,0.4722,-9.2067,0.0221,nan,-158447.0938,21775731,0.4651,-79173.55,4530.1606
22825610,1772072940,BTC,2500,2500,0.4722,-9.2067,0.0221,nan,-158447.1250,21775732,0.4651,-79173.56,4530.1606
22825611,1772073000,BTC,2500,2500,0.4722,-9.2067,0.0221,nan,-158447.1562,21775733,0.4651,-79173.58,4530.1606
22825612,1772073060,BTC,2500,2500,0.4722,-9.2067,0.0221,nan,-158447.1875,21775734,0.4651,-79173.59,4530.1606
22825613,1772073120,BTC,2500,2500,0.4722,-9.2067,0.0221,nan,-158447.2188,21775735,0.4651,-79173.61,4530.1606
22825614,1772073180,BTC,2500,2500,0.4722,-9.2067,0.0221,nan,-158447.1875,21775736,0.4651,-79173.59,4530.1606
22825615,1772073240,BTC,2500,2500,0.4722,-9.2067,0.0221,nan,-158447.1562,21775737,0.4651,-79173.58,4530.1606
22825616,1772073300,BTC,2500,2500,0.4722,-9.2067,0.0221,nan,-158447.1250,21775738,0.4651,-79173.56,4530.1606
22825617,1772073360,BTC,2500,2500,0.4722,-9.2067,0.0221,nan,-158447.1562,21775739,0.4651,-79173.58,4530.1606
22825618,1772073420,BTC,2500,2500,0.4722,-9.2067,0.0221,nan,-158447.1250,21775740,0.4651,-79173.56,4530.1606
22825619,1772073480,BTC,2500,2500,0.4722,-9.2067,0.0221,nan,-158447.0938,21775741,0.4651,-79173.55,4530.1606
22825620,1772073540,BTC,2500,2500,0.4722,-9.2067,0.0221,nan,-158447.0625,21775742,0.4651,-79173.53,4530.1606
22825621,1772073600,BTC,2500,2500,0.4722,-9.2067,0.0221,nan,-158447.0938,21775743,0.4651,-79173.55,4530.1606
22825622,1772073660,BTC,2500,2500,0.4722,-9.2067,0.0221,nan,-158447.1250,21775744,0.4651,-79173.56,4530.1606
22825623,1772073720,BTC,2500,2500,0.4722,-9.2067,0.0221,nan,-158447.1562,21775745,0.4651,-79173.58,4530.1606
22825624,1772073780,BTC,2500,2500,0.4722,-9.2067,0.0221,nan,-158447.1875,21775746,0.4651,-79173.59,4530.1606
22825625,1772073840,BTC,2500,2500,0.4722,-9.2067,0.0221,nan,-158447.2188,21775747,0.4651,-79173.61,4530.1606
22825626,1772073900,BTC,2500,2500,0.4722,-9.2067,0.0221,nan,-158447.1875,21775748,0.4651,-79173.59,4530.1606
22825627,1772073960,BTC,2500,2500,0.4722,-9.2067,0.0221,nan,-158447.2188,21775749,0.4651,-79173.61,4530.1606
22825628,1772074020,BTC,2500,2500,0.4722,-9.2067,0.0221,nan,-158447.1875,21775750,0.4651,-79173.59,4530.1606
22825629,1772074080,BTC,2500,2500,0.4722,-9.2067,0.0221,nan,-158447.1562,21775751,0.4651,-79173.58,4530.1606
22825630,1772074140,BTC,2500,2500,0.4722,-9.2067,0.0221,nan,-158447.1875,21775752,0.4651,-79173.59,4530.1606
22825631,1772074200,BTC,2500,2500,0.4722,-9.2067,0.0221,nan,-158447.2188,21775753,0.4651,-79173.61,4530.1606
22825632,1772074260,BTC,2500,2500,0.4722,-9.2067,0.0221,nan,-158447.2500,21775754,0.4651,-79173.62,4530.1606
22825633,1772074320,BTC,2500,2500,0.4722,-9.2067,0.0221,nan,-158447.2188,21775755,0.4651,-79173.61,4530.1606
22825634,1772074380,BTC,2500,2500,0.4722,-9.2067,0.0221,nan,-158447.2500,21775756,0.4651,-79173.62,4530.1606
22825635,1772074440,BTC,2500,2500,0.4722,-9.2067,0.0221,nan,-158447.2188,21775757,0.4651,-79173.61,4530.1606
22825636,1772074500,BTC,2500,2500,0.4722,-9.2067,0.0221,nan,-158447.1875,21775758,0.4651,-79173.59,4530.1606
22825637,1772074560,BTC,2500,2500,0.4722,-9.2067,0.0221,nan,-158447.2188,21775759,0.4651,-79173.61,4530.1606
22825638,1772074620,BTC,2500,2500,0.4722,-9.2067,0.0221,nan,-158447.1875,21775760,0.4651,-79173.59,4530.1606
22825639,1772074680,BTC,2500,2500,0.4722,-9.2067,0.0221,nan,-158447.2188,21775761,0.4651,-79173.61,4530.1606
22825640,1772074740,BTC,2500,2500,0.4722,-9.2067,0.0221,nan,-158447.2500,21775762,0.4651,-79173.62,4530.1606
22825641,1772074800,BTC,2500,2500,0.4722,-9.2067,0.0221,nan,-158447.2188,21775763,0.4651,-79173.61,4530.1606
22825642,1772074860,BTC,2500,2500,0.4722,-9.2067,0.0221,nan,-158447.2500,21775764,0.4651,-79173.62,4530.1606
22825643,1772074920,BTC,2500,2500,0.4722,-9.2067,0.0221,nan,-158447.2188,21775765,0.4651,-79173.61,4530.1606
22825644,1772074980,BTC,2500,2500,0.4722,-9.2067,0.0221,nan,-158447.2500,21775766,0.4651,-79173.62,4530.1606
22825645,1772075040,BTC,2500,2500,0.4722,-9.2067,0.0221,nan,-158447.2188,21775767,0.4651,-79173.61,4530.1606
22825646,1772075100,BTC,2500,2500,0.4722,-9.2067,0.0221,nan,-158447.1875,21775768,0.4651,-79173.59,4530.1606
22825647,1772075160,BTC,2500,2500,0.4722,-9.2067,0.0221,nan,-158447.1562,21775769,0.4651,-79173.58,4530.1606
22825648,1772075220,BTC,2500,2500,0.4722,-9.2067,0.0221,nan,-158447.1250,21775770,0.4651,-79173.56,4530.1606
22825649,1772075280,BTC,2500,2500,0.4722,-9.2067,0.0221,nan,-158447.1562,21775771,0.4651,-79173.58,4530.1606
22825650,1772075340,BTC,2500,2500,0.4722,-9.2067,0.0221,nan,-158447.1250,21775772,0.4651,-79173.56,4530.1606
22825651,1772075400,BTC,2500,2500,0.4722,-9.2067,0.0221,nan,-158447.1562,21775773,0.4651,-79173.58,4530.1606
22825652,1772075460,BTC,2500,2500,0.4722,-9.2067,0.0221,nan,-158447.1875,21775774,0.4651,-79173.59,4530.1606
22825653,1772075520,BTC,2500,2500,0.4722,-9.2067,0.0221,nan,-158447.1562,21775775,0.4651,-79173.58,4530.1606
22825654,1772075580,BTC,2500,2500,0.4722,-9.2067,0.0221,nan,-158447.1875,21775776,0.4651,-79173.59,4530.1606
22825655,1772075640,BTC,2500,2500,0.4722,-9.2067,0.0221,nan,-158447.2188,21775777,0.4651,-79173.61,4530.1606
22825656,1772075700,BTC,2500,2500,0.4722,-9.2067,0.0221,nan,-158447.2500,21775778,0.4651,-79173.62,4530.1606
22825657,1772075760,BTC,2500,2500,0.4722,-9.2067,0.0221,nan,-158447.2188,21775779,0.4651,-79173.61,4530.1606
22825658,1772075820,BTC,2500,2500,0.4722,-9.2067,0.0221,nan,-158447.2500,21775780,0.4651,-79173.62,4530.1606
22825659,1772075880,BTC,2500,2500,0.4722,-9.2067,0.0221,nan,-158447.2812,21775781,0.4651,-79173.64,4530.1606
22825660,1772075940,BTC,2500,2500,0.4722,-9.2067,0.0221,nan,-158447.2500,21775782,0.4651,-79173.62,4530.1606
22825661,1772076000,BTC,2500,2500,0.4722,-9.2067,0.0221,nan,-158447.2188,21775783,0.4651,-79173.61,4530.1606
22825662,1772076060,BTC,2500,2500,0.4722,-9.2067,0.0221,nan,-158447.2500,21775784,0.4651,-79173.62,4530.1606
22825663,1772076120,BTC,2500,2500,0.4722,-9.2067,0.0221,nan,-158447.2188,21775785,0.4651,-79173.61,4530.1606
22825664,1772076180,BTC,2500,2500,0.4722,-9.2067,0.0221,nan,-158447.2500,21775786,0.4651,-79173.62,4530.1606
22825665,1772076240,BTC,2500,2500,0.4722,-9.2067,0.0221,nan,-158447.2188,21775787,0.4651,-79173.61,4530.1606
22825666,1772076300,BTC,2500,2500,0.4722,-9.2067,0.0221,nan,-158447.2500,21775788,0.4651,-79173.62,4530.1606
22825667,1772076360,BTC,2500,2500,0.4722,-9.2067,0.0221,nan,-158447.2812,21775789,0.4651,-79173.64,4530.1606
22825668,1772076420,BTC,2500,2500,0.4722,-9.2067,0.0221,nan,-158447.3125,21775790,0.4651,-79173.66,4530.1606
22825669,1772076480,BTC,2500,2500,0.4722,-9.2067,0.0221,nan,-158447.2812,21775791,0.4651,-79173.64,4530.1606
22825670,1772076540,BTC,2500,2500,0.4722,-9.2067,0.0221,nan,-158447.2500,21775792,0.4651,-79173.62,4530.1606
22825671,1772076600,BTC,2500,2500,0.4722,-9.2067,0.0221,nan,-158447.2188,21775793,0.4651,-79173.61,4530.1606
22825672,1772076660,BTC,2500,2500,0.4722,-9.2067,0.0221,nan,-158447.2500,21775794,0.4651,-79173.62,4530.1606
22825673,1772076720,BTC,2500,2500,0.4722,-9.2067,0.0221,nan,-158447.2812,21775795,0.4651,-79173.64,4530.1606
22825674,1772076780,BTC,2500,2500,0.4722,-9.2067,0.0221,nan,-158447.3125,21775796,0.4651,-79173.66,4530.1606
22825675,1772076840,BTC,2500,2500,0.4722,-9.2067,0.0221,nan,-158447.3438,21775797,0.4651,-79173.67,4530.1606
22825676,1772076900,BTC,2500,2500,0.4722,-9.2067,0.0221,nan,-158447.3750,21775798,0.4651,-79173.69,4530.1606
22825677,1772076960,BTC,2500,2500,0.4722,-9.2067,0.0221,nan,-158447.3438,21775799,0.4651,-79173.67,4530.1606
22825678,1772077020,BTC,2500,2500,0.4722,-9.2067,0.0221,nan,-158447.3125,21775800,0.4651,-79173.66,4530.1606
cycle,window_ts,asset,votes,active,win_rate,sharpe,dd_pct,consensus_spread,room_pnl_pct,room_trades,room_wr,room_cap,slippage$
22825679,1772077080,BTC,2500,2500,0.4722,-9.2067,0.0221,nan,-158447.3438,21775801,0.4651,-79173.67,4530.1606
22825680,1772077140,BTC,2500,2500,0.4722,-9.2067,0.0221,nan,-158447.3125,21775802,0.4651,-79173.66,4530.1606
22825681,1772077200,BTC,2500,2500,0.4722,-9.2067,0.0221,nan,-158447.3438,21775803,0.4651,-79173.67,4530.1606
22825682,1772077260,BTC,2500,2500,0.4722,-9.2067,0.0221,nan,-158447.3750,21775804,0.4651,-79173.69,4530.1606
22825683,1772077320,BTC,2500,2500,0.4722,-9.2067,0.0221,nan,-158447.4062,21775805,0.4651,-79173.70,4530.1606
22825684,1772077380,BTC,2500,2500,0.4722,-9.2067,0.0221,nan,-158447.4375,21775806,0.4651,-79173.72,4530.1606
22825685,1772077440,BTC,2500,2500,0.4722,-9.2067,0.0221,nan,-158447.4062,21775807,0.4651,-79173.70,4530.1606
22825686,1772077500,BTC,2500,2500,0.4722,-9.2067,0.0221,nan,-158447.4375,21775808,0.4651,-79173.72,4530.1606
22825687,1772077560,BTC,2500,2500,0.4722,-9.2067,0.0221,nan,-158447.4688,21775809,0.4651,-79173.73,4530.1606
22825688,1772077620,BTC,2500,2500,0.4722,-9.2067,0.0221,nan,-158447.5000,21775810,0.4651,-79173.75,4530.1606
1,1780736100,BTCUSDT,9500,10000,0.9583,0.0000,0.0081,0.4403,88.0408,23,1.0000,94.02,59.3885
22825689,1772077680,BTC,2500,2500,0.4722,-9.2067,0.0221,nan,-158447.5312,21775811,0.4651,-79173.77,4530.1606
22825690,1772077740,BTC,2500,2500,0.4722,-9.2067,0.0221,nan,-158447.5625,21775812,0.4651,-79173.78,4530.1606
22825691,1772077800,BTC,2500,2500,0.4722,-9.2067,0.0221,nan,-158447.5938,21775813,0.4651,-79173.80,4530.1606
22825692,1772077860,BTC,2500,2500,0.4722,-9.2067,0.0221,nan,-158447.6250,21775814,0.4651,-79173.81,4530.1606
22825693,1772077920,BTC,2500,2500,0.4722,-9.2067,0.0221,nan,-158447.6562,21775815,0.4651,-79173.83,4530.1606
22825694,1772077980,BTC,2500,2500,0.4722,-9.2067,0.0221,nan,-158447.6250,21775816,0.4651,-79173.81,4530.1606
22825695,1772078040,BTC,2500,2500,0.4722,-9.2067,0.0221,nan,-158447.5938,21775817,0.4651,-79173.80,4530.1606
22825696,1772078100,BTC,2500,2500,0.4722,-9.2067,0.0221,nan,-158447.5625,21775818,0.4651,-79173.78,4530.1606
22825697,1772078160,BTC,2500,2500,0.4722,-9.2067,0.0221,nan,-158447.5938,21775819,0.4651,-79173.80,4530.1606
22825698,1772078220,BTC,2500,2500,0.4722,-9.2067,0.0221,nan,-158447.5625,21775820,0.4651,-79173.78,4530.1606
22825699,1772078280,BTC,2500,2500,0.4722,-9.2067,0.0221,nan,-158447.5938,21775821,0.4651,-79173.80,4530.1606
22825700,1772078340,BTC,2500,2500,0.4722,-9.2067,0.0221,nan,-158447.5625,21775822,0.4651,-79173.78,4530.1606
22825701,1772078400,BTC,2500,2500,0.4722,-9.2067,0.0221,nan,-158447.5938,21775823,0.4651,-79173.80,4530.1606
22825702,1772078460,BTC,2500,2500,0.4722,-9.2067,0.0221,nan,-158447.6250,21775824,0.4651,-79173.81,4530.1606
22825703,1772078520,BTC,2500,2500,0.4722,-9.2067,0.0221,nan,-158447.5938,21775825,0.4651,-79173.80,4530.1606
22825704,1772078580,BTC,2500,2500,0.4722,-9.2067,0.0221,nan,-158447.6250,21775826,0.4651,-79173.81,4530.1606
22825705,1772078640,BTC,2500,2500,0.4722,-9.2067,0.0221,nan,-158447.6562,21775827,0.4651,-79173.83,4530.1606
22825706,1772078700,BTC,2500,2500,0.4722,-9.2067,0.0221,nan,-158447.6875,21775828,0.4651,-79173.84,4530.1606
22825707,1772078760,BTC,2500,2500,0.4722,-9.2067,0.0221,nan,-158447.7188,21775829,0.4651,-79173.86,4530.1606
22825708,1772078820,BTC,2500,2500,0.4722,-9.2067,0.0221,nan,-158447.6875,21775830,0.4651,-79173.84,4530.1606
22825709,1772078880,BTC,2500,2500,0.4722,-9.2067,0.0221,nan,-158447.7188,21775831,0.4651,-79173.86,4530.1606
22825710,1772078940,BTC,2500,2500,0.4722,-9.2067,0.0221,nan,-158447.6875,21775832,0.4651,-79173.84,4530.1606
22825711,1772079000,BTC,2500,2500,0.4722,-9.2067,0.0221,nan,-158447.6562,21775833,0.4651,-79173.83,4530.1606
22825712,1772079060,BTC,2500,2500,0.4722,-9.2067,0.0221,nan,-158447.6250,21775834,0.4651,-79173.81,4530.1606
22825713,1772079120,BTC,2500,2500,0.4722,-9.2067,0.0221,nan,-158447.6562,21775835,0.4651,-79173.83,4530.1606
22825714,1772079180,BTC,2500,2500,0.4722,-9.2067,0.0221,nan,-158447.6250,21775836,0.4651,-79173.81,4530.1606
22825715,1772079240,BTC,2500,2500,0.4722,-9.2067,0.0221,nan,-158447.5938,21775837,0.4651,-79173.80,4530.1606
22825716,1772079300,BTC,2500,2500,0.4722,-9.2067,0.0221,nan,-158447.6250,21775838,0.4651,-79173.81,4530.1606
22825717,1772079360,BTC,2500,2500,0.4722,-9.2067,0.0221,nan,-158447.6562,21775839,0.4651,-79173.83,4530.1606
22825718,1772079420,BTC,2500,2500,0.4722,-9.2067,0.0221,nan,-158447.6250,21775840,0.4651,-79173.81,4530.1606
22825719,1772079480,BTC,2500,2500,0.4722,-9.2067,0.0221,nan,-158447.5938,21775841,0.4651,-79173.80,4530.1606
22825720,1772079540,BTC,2500,2500,0.4722,-9.2067,0.0221,nan,-158447.5625,21775842,0.4651,-79173.78,4530.1606
22825721,1772079600,BTC,2500,2500,0.4722,-9.2067,0.0221,nan,-158447.5312,21775843,0.4651,-79173.77,4530.1606
22825722,1772079660,BTC,2500,2500,0.4722,-9.2067,0.0221,nan,-158447.5625,21775844,0.4651,-79173.78,4530.1606
22825723,1772079720,BTC,2500,2500,0.4722,-9.2067,0.0221,nan,-158447.5938,21775845,0.4651,-79173.80,4530.1606
22825724,1772079780,BTC,2500,2500,0.4722,-9.2067,0.0221,nan,-158447.6250,21775846,0.4651,-79173.81,4530.1606
22825725,1772079840,BTC,2500,2500,0.4722,-9.2067,0.0221,nan,-158447.6562,21775847,0.4651,-79173.83,4530.1606
22825726,1772079900,BTC,2500,2500,0.4722,-9.2067,0.0221,nan,-158447.6875,21775848,0.4651,-79173.84,4530.1606
22825727,1772079960,BTC,2500,2500,0.4722,-9.2067,0.0221,nan,-158447.7188,21775849,0.4651,-79173.86,4530.1606
22825728,1772080020,BTC,2500,2500,0.4722,-9.2067,0.0221,nan,-158447.6875,21775850,0.4651,-79173.84,4530.1606
22825729,1772080080,BTC,2500,2500,0.4722,-9.2067,0.0221,nan,-158447.7188,21775851,0.4651,-79173.86,4530.1606
22825730,1772080140,BTC,2500,2500,0.4722,-9.2067,0.0221,nan,-158447.7500,21775852,0.4651,-79173.88,4530.1606
22825731,1772080200,BTC,2500,2500,0.4722,-9.2067,0.0221,nan,-158447.7812,21775853,0.4651,-79173.89,4530.1606
22825732,1772080260,BTC,2500,2500,0.4722,-9.2067,0.0221,nan,-158447.8125,21775854,0.4651,-79173.91,4530.1606
22825733,1772080320,BTC,2500,2500,0.4722,-9.2067,0.0221,nan,-158447.7812,21775855,0.4651,-79173.89,4530.1606
22825734,1772080380,BTC,2500,2500,0.4722,-9.2067,0.0221,nan,-158447.8125,21775856,0.4651,-79173.91,4530.1606
22825735,1772080440,BTC,2500,2500,0.4722,-9.2067,0.0221,nan,-158447.7812,21775857,0.4651,-79173.89,4530.1606
22825736,1772080500,BTC,2500,2500,0.4722,-9.2067,0.0221,nan,-158447.7500,21775858,0.4651,-79173.88,4530.1606
22825737,1772080560,BTC,2500,2500,0.4722,-9.2067,0.0221,nan,-158447.7812,21775859,0.4651,-79173.89,4530.1606
22825738,1772080620,BTC,2500,2500,0.4722,-9.2067,0.0221,nan,-158447.7500,21775860,0.4651,-79173.88,4530.1606
22825739,1772080680,BTC,2500,2500,0.4722,-9.2067,0.0221,nan,-158447.7188,21775861,0.4651,-79173.86,4530.1606
22825740,1772080740,BTC,2500,2500,0.4722,-9.2067,0.0221,nan,-158447.7500,21775862,0.4651,-79173.88,4530.1606
22825741,1772080800,BTC,2500,2500,0.4722,-9.2067,0.0221,nan,-158447.7812,21775863,0.4651,-79173.89,4530.1606
22825742,1772080860,BTC,2500,2500,0.4722,-9.2067,0.0221,nan,-158447.7500,21775864,0.4651,-79173.88,4530.1606
22825743,1772080920,BTC,2500,2500,0.4722,-9.2067,0.0221,nan,-158447.7188,21775865,0.4651,-79173.86,4530.1606
