27958637,1778918400,BTC,2500,2500,0.4722,-9.2067,0.0266,0.0000,-169070.4375,26675332,0.4651,-84485.22,5494.5078
27958638,1778918460,BTC,2500,2500,0.4722,-9.2067,0.0266,0.0000,-169070.4062,26675333,0.4651,-84485.20,5494.5078
27958639,1778918520,BTC,2500,2500,0.4722,-9.2067,0.0266,0.0000,-169070.4375,26675334,0.4651,-84485.22,5494.5078
27958640,1778918580,BTC,2500,2500,0.4722,-9.2067,0.0266,0.0000,-169070.4688,26675335,0.4651,-84485.23,5494.5078
27958641,1778918640,BTC,2500,2500,0.4722,-9.2067,0.0266,0.0000,-169070.5000,26675336,0.4651,-84485.25,5494.5078
27958642,1778918700,BTC,2500,2500,0.4722,-9.2067,0.0266,0.0000,-169070.4688,26675337,0.4651,-84485.23,5494.5078
27958643,1778918760,BTC,2500,2500,0.4722,-9.2067,0.0266,0.0000,-169070.5000,26675338,0.4651,-84485.25,5494.5078
27958644,1778918820,BTC,2500,2500,0.4722,-9.2067,0.0266,0.0000,-169070.4688,26675339,0.4651,-84485.23,5494.5078
27958645,1778918880,BTC,2500,2500,0.4722,-9.2067,0.0266,0.0000,-169070.5000,26675340,0.4651,-84485.25,5494.5078
27958646,1778918940,BTC,2500,2500,0.4722,-9.2067,0.0266,0.0000,-169070.4688,26675341,0.4651,-84485.23,5494.5078
27958647,1778919000,BTC,2500,2500,0.4722,-9.2067,0.0266,0.0000,-169070.4375,26675342,0.4651,-84485.22,5494.5078
27958648,1778919060,BTC,2500,2500,0.4722,-9.2067,0.0266,0.0200,-169070.4688,26675343,0.4651,-84485.23,5494.5078
27958649,1778919120,BTC,2500,2500,0.4722,-9.2067,0.0266,0.0200,-169070.4375,26675344,0.4651,-84485.22,5494.5078
27958650,1778919180,BTC,2500,2500,0.4722,-9.2067,0.0266,0.0000,-169070.4062,26675345,0.4651,-84485.20,5494.5078
27958651,1778919240,BTC,2500,2500,0.4722,-9.2067,0.0266,0.0000,-169070.3750,26675346,0.4651,-84485.19,5494.5078
27958652,1778919300,BTC,2500,2500,0.4722,-9.2067,0.0266,0.0000,-169070.3438,26675347,0.4651,-84485.17,5494.5078
27958653,1778919360,BTC,2500,2500,0.4722,-9.2067,0.0266,0.0000,-169070.3750,26675348,0.4651,-84485.19,5494.5078
27958654,1778919420,BTC,2500,2500,0.4722,-9.2067,0.0266,0.0000,-169070.4062,26675349,0.4651,-84485.20,5494.5078
27958655,1778919480,BTC,2500,2500,0.4722,-9.2067,0.0266,0.0000,-169070.3750,26675350,0.4651,-84485.19,5494.5078
27958656,1778919540,BTC,2500,2500,0.4722,-9.2067,0.0266,0.0000,-169070.3438,26675351,0.4651,-84485.17,5494.5078
27958657,1778919600,BTC,2500,2500,0.4722,-9.2067,0.0266,0.0000,-169070.3125,26675352,0.4651,-84485.16,5494.5078
27958658,1778919660,BTC,2500,2500,0.4722,-9.2067,0.0266,0.0200,-169070.3438,26675353,0.4651,-84485.17,5494.5078
27958659,1778919720,BTC,2500,2500,0.4722,-9.2067,0.0266,0.0000,-169070.3750,26675354,0.4651,-84485.19,5494.5078
27958660,1778919780,BTC,2500,2500,0.4722,-9.2067,0.0266,0.0000,-169070.3438,26675355,0.4651,-84485.17,5494.5078
27958661,1778919840,BTC,2500,2500,0.4722,-9.2067,0.0266,0.0000,-169070.3750,26675356,0.4651,-84485.19,5494.5078
27958662,1778919900,BTC,2500,2500,0.4722,-9.2067,0.0266,0.0000,-169070.3438,26675357,0.4651,-84485.17,5494.5078
27958663,1778919960,BTC,2500,2500,0.4722,-9.2067,0.0266,0.0000,-169070.3125,26675358,0.4651,-84485.16,5494.5078
27958664,1778920020,BTC,2500,2500,0.4722,-9.2067,0.0266,0.0000,-169070.3438,26675359,0.4651,-84485.17,5494.5078
27958665,1778920080,BTC,2500,2500,0.4722,-9.2067,0.0266,0.0000,-169070.3125,26675360,0.4651,-84485.16,5494.5078
27958666,1778920140,BTC,2500,2500,0.4722,-9.2067,0.0266,0.0000,-169070.3438,26675361,0.4651,-84485.17,5494.5078
27958667,1778920200,BTC,2500,2500,0.4722,-9.2067,0.0266,0.0000,-169070.3750,26675362,0.4651,-84485.19,5494.5078
27958668,1778920260,BTC,2500,2500,0.4722,-9.2067,0.0266,0.0000,-169070.4062,26675363,0.4651,-84485.20,5494.5078
27958669,1778920320,BTC,2500,2500,0.4722,-9.2067,0.0266,0.0200,-169070.3750,26675364,0.4651,-84485.19,5494.5078
27958670,1778920380,BTC,2500,2500,0.4722,-9.2067,0.0266,0.0000,-169070.3438,26675365,0.4651,-84485.17,5494.5078
27958671,1778920440,BTC,2500,2500,0.4722,-9.2067,0.0266,0.0000,-169070.3750,26675366,0.4651,-84485.19,5494.5078
27958672,1778920500,BTC,2500,2500,0.4722,-9.2067,0.0266,0.0000,-169070.3438,26675367,0.4651,-84485.17,5494.5078
27958673,1778920620,BTC,2500,2500,0.4722,-9.2067,0.0266,0.0000,-169070.3750,26675368,0.4651,-84485.19,5494.5078
27958674,1778920680,BTC,2500,2500,0.4722,-9.2067,0.0266,0.0000,-169070.3438,26675369,0.4651,-84485.17,5494.5078
27958675,1778920740,BTC,2500,2500,0.4722,-9.2067,0.0266,0.0000,-169070.3750,26675370,0.4651,-84485.19,5494.5078
27958676,1778920800,BTC,2500,2500,0.4722,-9.2067,0.0266,0.0000,-169070.4062,26675371,0.4651,-84485.20,5494.5078
27958677,1778920860,BTC,2500,2500,0.4722,-9.2067,0.0266,0.0000,-169070.4375,26675372,0.4651,-84485.22,5494.5078
27958678,1778920920,BTC,2500,2500,0.4722,-9.2067,0.0266,0.0000,-169070.4688,26675373,0.4651,-84485.23,5494.5078
27958679,1778920980,BTC,2500,2500,0.4722,-9.2067,0.0266,0.0000,-169070.5000,26675374,0.4651,-84485.25,5494.5078
27958680,1778921040,BTC,2500,2500,0.4722,-9.2067,0.0266,0.0000,-169070.5312,26675375,0.4651,-84485.27,5494.5078
27958681,1778921100,BTC,2500,2500,0.4722,-9.2067,0.0266,0.0000,-169070.5000,26675376,0.4651,-84485.25,5494.5078
27958682,1778921160,BTC,2500,2500,0.4722,-9.2067,0.0266,0.0000,-169070.5312,26675377,0.4651,-84485.27,5494.5078
27958683,1778921220,BTC,2500,2500,0.4722,-9.2067,0.0266,0.0000,-169070.5625,26675378,0.4651,-84485.28,5494.5078
27958684,1778921280,BTC,2500,2500,0.4722,-9.2067,0.0266,0.0200,-169070.5938,26675379,0.4651,-84485.30,5494.5078
27958685,1778921340,BTC,2500,2500,0.4722,-9.2067,0.0266,0.0200,-169070.6250,26675380,0.4651,-84485.31,5494.5078
27958686,1778921400,BTC,2500,2500,0.4722,-9.2067,0.0266,0.0200,-169070.6562,26675381,0.4651,-84485.33,5494.5078
27958687,1778921460,BTC,2500,2500,0.4722,-9.2067,0.0266,0.0200,-169070.6875,26675382,0.4651,-84485.34,5494.5078
27958688,1778921520,BTC,2500,2500,0.4722,-9.2067,0.0266,0.0000,-169070.6562,26675383,0.4651,-84485.33,5494.5078
27958689,1778921580,BTC,2500,2500,0.4722,-9.2067,0.0266,0.0000,-169070.6250,26675384,0.4651,-84485.31,5494.5078
27958690,1778921640,BTC,2500,2500,0.4722,-9.2067,0.0266,0.0000,-169070.5938,26675385,0.4651,-84485.30,5494.5078
27958691,1778921700,BTC,2500,2500,0.4722,-9.2067,0.0266,0.0000,-169070.6250,26675386,0.4651,-84485.31,5494.5078
27958692,1778921760,BTC,2500,2500,0.4722,-9.2067,0.0266,0.0000,-169070.6562,26675387,0.4651,-84485.33,5494.5078
27958693,1778921820,BTC,2500,2500,0.4722,-9.2067,0.0266,0.0000,-169070.6250,26675388,0.4651,-84485.31,5494.5078
27958694,1778921880,BTC,2500,2500,0.4722,-9.2067,0.0266,0.0000,-169070.6562,26675389,0.4651,-84485.33,5494.5078
27958695,1778921940,BTC,2500,2500,0.4722,-9.2067,0.0266,0.0000,-169070.6875,26675390,0.4651,-84485.34,5494.5078
27958696,1778922000,BTC,2500,2500,0.4722,-9.2067,0.0266,0.0000,-169070.7188,26675391,0.4651,-84485.36,5494.5078
27958697,1778922060,BTC,2500,2500,0.4722,-9.2067,0.0266,0.0000,-169070.6875,26675392,0.4651,-84485.34,5494.5078
27958698,1778922120,BTC,2500,2500,0.4722,-9.2067,0.0266,0.0000,-169070.6562,26675393,0.4651,-84485.33,5494.5078
27958699,1778922180,BTC,2500,2500,0.4722,-9.2067,0.0266,0.0000,-169070.6250,26675394,0.4651,-84485.31,5494.5078
27958700,1778922240,BTC,2500,2500,0.4722,-9.2067,0.0266,0.0000,-169070.6562,26675395,0.4651,-84485.33,5494.5078
27958701,1778922300,BTC,2500,2500,0.4722,-9.2067,0.0266,0.0000,-169070.6250,26675396,0.4651,-84485.31,5494.5078
27958702,1778922360,BTC,2500,2500,0.4722,-9.2067,0.0266,0.0000,-169070.5938,26675397,0.4651,-84485.30,5494.5078
27958703,1778922420,BTC,2500,2500,0.4722,-9.2067,0.0266,0.0000,-169070.6250,26675398,0.4651,-84485.31,5494.5078
27958704,1778922480,BTC,2500,2500,0.4722,-9.2067,0.0266,0.0000,-169070.6562,26675399,0.4651,-84485.33,5494.5078
27958705,1778922540,BTC,2500,2500,0.4722,-9.2067,0.0266,0.0000,-169070.6875,26675400,0.4651,-84485.34,5494.5078
27958706,1778922600,BTC,2500,2500,0.4722,-9.2067,0.0266,0.0000,-169070.6562,26675401,0.4651,-84485.33,5494.5078
27958707,1778922660,BTC,2500,2500,0.4722,-9.2067,0.0266,0.0000,-169070.6250,26675402,0.4651,-84485.31,5494.5078
27958708,1778922720,BTC,2500,2500,0.4722,-9.2067,0.0266,0.0000,-169070.5938,26675403,0.4651,-84485.30,5494.5078
27958709,1778922780,BTC,2500,2500,0.4722,-9.2067,0.0266,0.0200,-169070.6250,26675404,0.4651,-84485.31,5494.5078
27958710,1778922840,BTC,2500,2500,0.4722,-9.2067,0.0266,0.0200,-169070.6562,26675405,0.4651,-84485.33,5494.5078
27958711,1778922900,BTC,2500,2500,0.4722,-9.2067,0.0266,0.0200,-169070.6875,26675406,0.4651,-84485.34,5494.5078
27958712,1778922960,BTC,2500,2500,0.4722,-9.2067,0.0266,0.0200,-169070.7188,26675407,0.4651,-84485.36,5494.5078
27958713,1778923020,BTC,2500,2500,0.4722,-9.2067,0.0266,0.0200,-169070.7500,26675408,0.4651,-84485.38,5494.5078
27958714,1778923080,BTC,2500,2500,0.4722,-9.2067,0.0266,0.0200,-169070.7812,26675409,0.4651,-84485.39,5494.5078
27958715,1778923140,BTC,2500,2500,0.4722,-9.2067,0.0266,0.0200,-169070.8125,26675410,0.4651,-84485.41,5494.5078
27958716,1778923200,BTC,2500,2500,0.4722,-9.2067,0.0266,0.0200,-169070.7812,26675411,0.4651,-84485.39,5494.5078
27958717,1778923260,BTC,2500,2500,0.4722,-9.2067,0.0266,0.0200,-169070.7500,26675412,0.4651,-84485.38,5494.5078
27958718,1778923320,BTC,2500,2500,0.4722,-9.2067,0.0266,0.0200,-169070.7812,26675413,0.4651,-84485.39,5494.5078
27958719,1778923380,BTC,2500,2500,0.4722,-9.2067,0.0266,0.0000,-169070.8125,26675414,0.4651,-84485.41,5494.5078
27958720,1778923440,BTC,2500,2500,0.4722,-9.2067,0.0266,0.0000,-169070.7812,26675415,0.4651,-84485.39,5494.5078
27958721,1778923500,BTC,2500,2500,0.4722,-9.2067,0.0266,0.0000,-169070.8125,26675416,0.4651,-84485.41,5494.5078
27958722,1778923560,BTC,2500,2500,0.4722,-9.2067,0.0266,0.0000,-169070.7812,26675417,0.4651,-84485.39,5494.5078
27958723,1778923620,BTC,2500,2500,0.4722,-9.2067,0.0266,0.0000,-169070.8125,26675418,0.4651,-84485.41,5494.5078
27958724,1778923680,BTC,2500,2500,0.4722,-9.2067,0.0266,0.0000,-169070.7812,26675419,0.4651,-84485.39,5494.5078
27958725,1778923740,BTC,2500,2500,0.4722,-9.2067,0.0266,0.0000,-169070.8125,26675420,0.4651,-84485.41,5494.5078
27958726,1778923800,BTC,2500,2500,0.4722,-9.2067,0.0266,0.0000,-169070.8438,26675421,0.4651,-84485.42,5494.5078
27958727,1778923860,BTC,2500,2500,0.4722,-9.2067,0.0266,0.0000,-169070.8750,26675422,0.4651,-84485.44,5494.5078
27958728,1778923920,BTC,2500,2500,0.4722,-9.2067,0.0266,0.0000,-169070.9062,26675423,0.4651,-84485.45,5494.5078
27958729,1778923980,BTC,2500,2500,0.4722,-9.2067,0.0266,0.0000,-169070.9375,26675424,0.4651,-84485.47,5494.5078
27958730,1778924040,BTC,2500,2500,0.4722,-9.2067,0.0266,0.0000,-169070.9062,26675425,0.4651,-84485.45,5494.5078
27958731,1778924100,BTC,2500,2500,0.4722,-9.2067,0.0266,0.0000,-169070.9375,26675426,0.4651,-84485.47,5494.5078
27958732,1778924160,BTC,2500,2500,0.4722,-9.2067,0.0266,0.0000,-169070.9062,26675427,0.4651,-84485.45,5494.5078
27958733,1778924220,BTC,2500,2500,0.4722,-9.2067,0.0266,0.0200,-169070.9375,26675428,0.4651,-84485.47,5494.5078
27958734,1778924280,BTC,2500,2500,0.4722,-9.2067,0.0266,0.0000,-169070.9062,26675429,0.4651,-84485.45,5494.5078
27958735,1778924340,BTC,2500,2500,0.4722,-9.2067,0.0266,0.0000,-169070.8750,26675430,0.4651,-84485.44,5494.5078
27958736,1778924400,BTC,2500,2500,0.4722,-9.2067,0.0266,0.0000,-169070.9062,26675431,0.4651,-84485.45,5494.5078
27958737,1778924460,BTC,2500,2500,0.4722,-9.2067,0.0266,0.0000,-169070.8750,26675432,0.4651,-84485.44,5494.5078
27958738,1778924520,BTC,2500,2500,0.4722,-9.2067,0.0266,0.0000,-169070.8438,26675433,0.4651,-84485.42,5494.5078
27958739,1778924580,BTC,2500,2500,0.4722,-9.2067,0.0266,0.0000,-169070.8750,26675434,0.4651,-84485.44,5494.5078
27958740,1778924640,BTC,2500,2500,0.4722,-9.2067,0.0266,0.0200,-169070.8438,26675435,0.4651,-84485.42,5494.5078
27958741,1778924700,BTC,2500,2500,0.4722,-9.2067,0.0266,0.0000,-169070.8125,26675436,0.4651,-84485.41,5494.5078
27958742,1778924760,BTC,2500,2500,0.4722,-9.2067,0.0266,0.0000,-169070.8438,26675437,0.4651,-84485.42,5494.5078
27958743,1778924820,BTC,2500,2500,0.4722,-9.2067,0.0266,0.0000,-169070.8125,26675438,0.4651,-84485.41,5494.5078
27958744,1778924880,BTC,2500,2500,0.4722,-9.2067,0.0266,0.0000,-169070.7812,26675439,0.4651,-84485.39,5494.5078
27958745,1778924940,BTC,2500,2500,0.4722,-9.2067,0.0266,0.0000,-169070.7500,26675440,0.4651,-84485.38,5494.5078
27958746,1778925000,BTC,2500,2500,0.4722,-9.2067,0.0266,0.0000,-169070.7812,26675441,0.4651,-84485.39,5494.5078
27958747,1778925060,BTC,2500,2500,0.4722,-9.2067,0.0266,0.0000,-169070.8125,26675442,0.4651,-84485.41,5494.5078
27958748,1778925120,BTC,2500,2500,0.4722,-9.2067,0.0266,0.0000,-169070.7812,26675443,0.4651,-84485.39,5494.5078
27958749,1778925180,BTC,2500,2500,0.4722,-9.2067,0.0266,0.0000,-169070.8125,26675444,0.4651,-84485.41,5494.5078
27958750,1778925240,BTC,2500,2500,0.4722,-9.2067,0.0266,0.0000,-169070.8438,26675445,0.4651,-84485.42,5494.5078
27958751,1778925360,BTC,2500,2500,0.4722,-9.2067,0.0266,0.0000,-169070.8125,26675446,0.4651,-84485.41,5494.5078
27958752,1778925420,BTC,2500,2500,0.4722,-9.2067,0.0266,0.0000,-169070.7812,26675447,0.4651,-84485.39,5494.5078
27958753,1778925480,BTC,2500,2500,0.4722,-9.2067,0.0266,0.0000,-169070.8125,26675448,0.4651,-84485.41,5494.5078
27958754,1778925540,BTC,2500,2500,0.4722,-9.2067,0.0266,0.0000,-169070.8438,26675449,0.4651,-84485.42,5494.5078
27958755,1778925600,BTC,2500,2500,0.4722,-9.2067,0.0266,0.0000,-169070.8125,26675450,0.4651,-84485.41,5494.5078
27958756,1778925660,BTC,2500,2500,0.4722,-9.2067,0.0266,0.0000,-169070.7812,26675451,0.4651,-84485.39,5494.5078
27958757,1778925720,BTC,2500,2500,0.4722,-9.2067,0.0266,0.0000,-169070.7500,26675452,0.4651,-84485.38,5494.5078
27958758,1778925780,BTC,2500,2500,0.4722,-9.2067,0.0266,0.0200,-169070.7188,26675453,0.4651,-84485.36,5494.5078
27958759,1778925840,BTC,2500,2500,0.4722,-9.2067,0.0266,0.0200,-169070.7500,26675454,0.4651,-84485.38,5494.5078
27958760,1778925900,BTC,2500,2500,0.4722,-9.2067,0.0266,0.0000,-169070.7812,26675455,0.4651,-84485.39,5494.5078
27958761,1778925960,BTC,2500,2500,0.4722,-9.2067,0.0266,0.0000,-169070.7500,26675456,0.4651,-84485.38,5494.5078
27958762,1778926020,BTC,2500,2500,0.4722,-9.2067,0.0266,0.0200,-169070.7812,26675457,0.4651,-84485.39,5494.5078
27958763,1778926080,BTC,2500,2500,0.4722,-9.2067,0.0266,0.0200,-169070.8125,26675458,0.4651,-84485.41,5494.5078
27958764,1778926140,BTC,2500,2500,0.4722,-9.2067,0.0266,0.0200,-169070.8438,26675459,0.4651,-84485.42,5494.5078
27958765,1778926200,BTC,2500,2500,0.4722,-9.2067,0.0266,0.0000,-169070.8750,26675460,0.4651,-84485.44,5494.5078
27958766,1778926260,BTC,2500,2500,0.4722,-9.2067,0.0266,0.0200,-169070.9062,26675461,0.4651,-84485.45,5494.5078
27958767,1778926320,BTC,2500,2500,0.4722,-9.2067,0.0266,0.0200,-169070.9375,26675462,0.4651,-84485.47,5494.5078
27958768,1778926380,BTC,2500,2500,0.4722,-9.2067,0.0266,0.0000,-169070.9688,26675463,0.4651,-84485.48,5494.5078
27958769,1778926440,BTC,2500,2500,0.4722,-9.2067,0.0266,0.0000,-169071.0000,26675464,0.4651,-84485.50,5494.5078
27958770,1778926500,BTC,2500,2500,0.4722,-9.2067,0.0266,0.0000,-169071.0312,26675465,0.4651,-84485.52,5494.5078
27958771,1778926560,BTC,2500,2500,0.4722,-9.2067,0.0266,0.0000,-169071.0000,26675466,0.4651,-84485.50,5494.5078
27958772,1778926620,BTC,2500,2500,0.4722,-9.2067,0.0266,0.0000,-169070.9688,26675467,0.4651,-84485.48,5494.5078
27958773,1778926680,BTC,2500,2500,0.4722,-9.2067,0.0266,0.0000,-169071.0000,26675468,0.4651,-84485.50,5494.5078
27958774,1778926740,BTC,2500,2500,0.4722,-9.2067,0.0266,0.0000,-169071.0312,26675469,0.4651,-84485.52,5494.5078
27958775,1778926800,BTC,2500,2500,0.4722,-9.2067,0.0266,0.0000,-169071.0000,26675470,0.4651,-84485.50,5494.5078
27958776,1778926860,BTC,2500,2500,0.4722,-9.2067,0.0266,0.0000,-169070.9688,26675471,0.4651,-84485.48,5494.5078
27958777,1778926920,BTC,2500,2500,0.4722,-9.2067,0.0266,0.0000,-169070.9375,26675472,0.4651,-84485.47,5494.5078
27958778,1778926980,BTC,2500,2500,0.4722,-9.2067,0.0266,0.0000,-169070.9688,26675473,0.4651,-84485.48,5494.5078
27958779,1778927040,BTC,2500,2500,0.4722,-9.2067,0.0266,0.0000,-169071.0000,26675474,0.4651,-84485.50,5494.5078
27958780,1778927100,BTC,2500,2500,0.4722,-9.2067,0.0266,0.0000,-169071.0312,26675475,0.4651,-84485.52,5494.5078
27958781,1778927160,BTC,2500,2500,0.4722,-9.2067,0.0266,0.0000,-169071.0625,26675476,0.4651,-84485.53,5494.5078
27958782,1778927220,BTC,2500,2500,0.4722,-9.2067,0.0266,0.0000,-169071.0312,26675477,0.4651,-84485.52,5494.5078
27958783,1778927280,BTC,2500,2500,0.4722,-9.2067,0.0266,0.0200,-169071.0625,26675478,0.4651,-84485.53,5494.5078
27958784,1778927340,BTC,2500,2500,0.4722,-9.2067,0.0266,0.0000,-169071.0938,26675479,0.4651,-84485.55,5494.5078
27958785,1778927400,BTC,2500,2500,0.4722,-9.2067,0.0266,0.0000,-169071.1250,26675480,0.4651,-84485.56,5494.5078
27958786,1778927460,BTC,2500,2500,0.4722,-9.2067,0.0266,0.0000,-169071.0938,26675481,0.4651,-84485.55,5494.5078
27958787,1778927520,BTC,2500,2500,0.4722,-9.2067,0.0266,0.0000,-169071.1250,26675482,0.4651,-84485.56,5494.5078
27958788,1778927580,BTC,2500,2500,0.4722,-9.2067,0.0266,0.0000,-169071.1562,26675483,0.4651,-84485.58,5494.5078
27958789,1778927640,BTC,2500,2500,0.4722,-9.2067,0.0266,0.0000,-169071.1250,26675484,0.4651,-84485.56,5494.5078
27958790,1778927700,BTC,2500,2500,0.4722,-9.2067,0.0266,0.0000,-169071.1562,26675485,0.4651,-84485.58,5494.5078
27958791,1778927760,BTC,2500,2500,0.4722,-9.2067,0.0266,0.0000,-169071.1250,26675486,0.4651,-84485.56,5494.5078
27958792,1778927820,BTC,2500,2500,0.4722,-9.2067,0.0266,0.0000,-169071.0938,26675487,0.4651,-84485.55,5494.5078
27958793,1778927880,BTC,2500,2500,0.4722,-9.2067,0.0266,0.0000,-169071.0625,26675488,0.4651,-84485.53,5494.5078
27958794,1778927940,BTC,2500,2500,0.4722,-9.2067,0.0266,0.0000,-169071.0938,26675489,0.4651,-84485.55,5494.5078
27958795,1778928000,BTC,2500,2500,0.4722,-9.2067,0.0266,0.0000,-169071.0625,26675490,0.4651,-84485.53,5494.5078
27958796,1778928060,BTC,2500,2500,0.4722,-9.2067,0.0266,0.0000,-169071.0938,26675491,0.4651,-84485.55,5494.5078
27958797,1778928120,BTC,2500,2500,0.4722,-9.2067,0.0266,0.0000,-169071.1250,26675492,0.4651,-84485.56,5494.5078
27958798,1778928180,BTC,2500,2500,0.4722,-9.2067,0.0266,0.0000,-169071.0938,26675493,0.4651,-84485.55,5494.5078
27958799,1778928240,BTC,2500,2500,0.4722,-9.2067,0.0266,0.0000,-169071.0625,26675494,0.4651,-84485.53,5494.5078
27958800,1778928300,BTC,2500,2500,0.4722,-9.2067,0.0266,0.0000,-169071.0312,26675495,0.4651,-84485.52,5494.5078
27958801,1778928360,BTC,2500,2500,0.4722,-9.2067,0.0266,0.0000,-169071.0000,26675496,0.4651,-84485.50,5494.5078
27958802,1778928420,BTC,2500,2500,0.4722,-9.2067,0.0266,0.0200,-169070.9688,26675497,0.4651,-84485.48,5494.5078
27958803,1778928480,BTC,2500,2500,0.4722,-9.2067,0.0266,0.0200,-169070.9375,26675498,0.4651,-84485.47,5494.5078
27958804,1778928540,BTC,2500,2500,0.4722,-9.2067,0.0266,0.0000,-169070.9062,26675499,0.4651,-84485.45,5494.5078
27958805,1778928600,BTC,2500,2500,0.4722,-9.2067,0.0266,0.0000,-169070.9375,26675500,0.4651,-84485.47,5494.5078
27958806,1778928660,BTC,2500,2500,0.4722,-9.2067,0.0266,0.0000,-169070.9062,26675501,0.4651,-84485.45,5494.5078
27958807,1778928720,BTC,2500,2500,0.4722,-9.2067,0.0266,0.0000,-169070.9375,26675502,0.4651,-84485.47,5494.5078
27958808,1778928780,BTC,2500,2500,0.4722,-9.2067,0.0266,0.0000,-169070.9062,26675503,0.4651,-84485.45,5494.5078
27958809,1778928840,BTC,2500,2500,0.4722,-9.2067,0.0266,0.0000,-169070.9375,26675504,0.4651,-84485.47,5494.5078
27958810,1778928900,BTC,2500,2500,0.4722,-9.2067,0.0266,0.0000,-169070.9688,26675505,0.4651,-84485.48,5494.5078
27958811,1778928960,BTC,2500,2500,0.4722,-9.2067,0.0266,0.0000,-169071.0000,26675506,0.4651,-84485.50,5494.5078
27958812,1778929020,BTC,2500,2500,0.4722,-9.2067,0.0266,0.0000,-169071.0312,26675507,0.4651,-84485.52,5494.5078
27958813,1778929080,BTC,2500,2500,0.4722,-9.2067,0.0266,0.0000,-169071.0000,26675508,0.4651,-84485.50,5494.5078
27958814,1778929140,BTC,2500,2500,0.4722,-9.2067,0.0266,0.0000,-169071.0312,26675509,0.4651,-84485.52,5494.5078
27958815,1778929200,BTC,2500,2500,0.4722,-9.2067,0.0266,0.0200,-169071.0000,26675510,0.4651,-84485.50,5494.5078
27958816,1778929260,BTC,2500,2500,0.4722,-9.2067,0.0266,0.0000,-169070.9688,26675511,0.4651,-84485.48,5494.5078
27958817,1778929320,BTC,2500,2500,0.4722,-9.2067,0.0266,0.0000,-169071.0000,26675512,0.4651,-84485.50,5494.5078
27958818,1778929380,BTC,2500,2500,0.4722,-9.2067,0.0266,0.0000,-169070.9688,26675513,0.4651,-84485.48,5494.5078
27958819,1778929440,BTC,2500,2500,0.4722,-9.2067,0.0266,0.0000,-169070.9375,26675514,0.4651,-84485.47,5494.5078
27958820,1778929500,BTC,2500,2500,0.4722,-9.2067,0.0266,0.0000,-169070.9688,26675515,0.4651,-84485.48,5494.5078
27958821,1778929560,BTC,2500,2500,0.4722,-9.2067,0.0266,0.0000,-169071.0000,26675516,0.4651,-84485.50,5494.5078
27958822,1778929620,BTC,2500,2500,0.4722,-9.2067,0.0266,0.0000,-169071.0312,26675517,0.4651,-84485.52,5494.5078
27958823,1778929680,BTC,2500,2500,0.4722,-9.2067,0.0266,0.0000,-169071.0625,26675518,0.4651,-84485.53,5494.5078
27958824,1778929740,BTC,2500,2500,0.4722,-9.2067,0.0266,0.0000,-169071.0938,26675519,0.4651,-84485.55,5494.5078
27958825,1778929800,BTC,2500,2500,0.4722,-9.2067,0.0266,0.0000,-169071.1250,26675520,0.4651,-84485.56,5494.5078
27958826,1778929860,BTC,2500,2500,0.4722,-9.2067,0.0266,0.0000,-169071.0938,26675521,0.4651,-84485.55,5494.5078
27958827,1778929920,BTC,2500,2500,0.4722,-9.2067,0.0266,0.0000,-169071.0625,26675522,0.4651,-84485.53,5494.5078
27958828,1778929980,BTC,2500,2500,0.4722,-9.2067,0.0266,0.0000,-169071.0938,26675523,0.4651,-84485.55,5494.5078
27958829,1778930040,BTC,2500,2500,0.4722,-9.2067,0.0266,0.0000,-169071.1250,26675524,0.4651,-84485.56,5494.5078
27958830,1778930100,BTC,2500,2500,0.4722,-9.2067,0.0266,0.0200,-169071.1562,26675525,0.4651,-84485.58,5494.5078
27958831,1778930160,BTC,2500,2500,0.4722,-9.2067,0.0266,0.0200,-169071.1250,26675526,0.4651,-84485.56,5494.5078
27958832,1778930220,BTC,2500,2500,0.4722,-9.2067,0.0266,0.0000,-169071.0938,26675527,0.4651,-84485.55,5494.5078
27958833,1778930280,BTC,2500,2500,0.4722,-9.2067,0.0266,0.0200,-169071.0625,26675528,0.4651,-84485.53,5494.5078
27958834,1778930340,BTC,2500,2500,0.4722,-9.2067,0.0266,0.0000,-169071.0312,26675529,0.4651,-84485.52,5494.5078
27958835,1778930400,BTC,2500,2500,0.4722,-9.2067,0.0266,0.0000,-169071.0625,26675530,0.4651,-84485.53,5494.5078
27958836,1778930460,BTC,2500,2500,0.4722,-9.2067,0.0266,0.0000,-169071.0312,26675531,0.4651,-84485.52,5494.5078
27958837,1778930520,BTC,2500,2500,0.4722,-9.2067,0.0266,0.0000,-169071.0000,26675532,0.4651,-84485.50,5494.5078
27958838,1778930580,BTC,2500,2500,0.4722,-9.2067,0.0266,0.0000,-169071.0312,26675533,0.4651,-84485.52,5494.5078
27958839,1778930640,BTC,2500,2500,0.4722,-9.2067,0.0266,0.0000,-169071.0000,26675534,0.4651,-84485.50,5494.5078
27958840,1778930700,BTC,2500,2500,0.4722,-9.2067,0.0266,0.0000,-169070.9688,26675535,0.4651,-84485.48,5494.5078
27958841,1778930760,BTC,2500,2500,0.4722,-9.2067,0.0266,0.0000,-169071.0000,26675536,0.4651,-84485.50,5494.5078
27958842,1778930820,BTC,2500,2500,0.4722,-9.2067,0.0266,0.0000,-169071.0312,26675537,0.4651,-84485.52,5494.5078
27958843,1778930880,BTC,2500,2500,0.4722,-9.2067,0.0266,0.0000,-169071.0625,26675538,0.4651,-84485.53,5494.5078
27958844,1778930940,BTC,2500,2500,0.4722,-9.2067,0.0266,0.0000,-169071.0938,26675539,0.4651,-84485.55,5494.5078
27958845,1778931000,BTC,2500,2500,0.4722,-9.2067,0.0266,0.0000,-169071.0625,26675540,0.4651,-84485.53,5494.5078
27958846,1778931060,BTC,2500,2500,0.4722,-9.2067,0.0266,0.0000,-169071.0312,26675541,0.4651,-84485.52,5494.5078
27958847,1778931120,BTC,2500,2500,0.4722,-9.2067,0.0266,0.0000,-169071.0000,26675542,0.4651,-84485.50,5494.5078
27958848,1778931180,BTC,2500,2500,0.4722,-9.2067,0.0266,0.0000,-169071.0312,26675543,0.4651,-84485.52,5494.5078
27958849,1778931240,BTC,2500,2500,0.4722,-9.2067,0.0266,0.0000,-169071.0625,26675544,0.4651,-84485.53,5494.5078
27958850,1778931300,BTC,2500,2500,0.4722,-9.2067,0.0266,0.0200,-169071.0312,26675545,0.4651,-84485.52,5494.5078
27958851,1778931360,BTC,2500,2500,0.4722,-9.2067,0.0266,0.0200,-169071.0000,26675546,0.4651,-84485.50,5494.5078
27958852,1778931420,BTC,2500,2500,0.4722,-9.2067,0.0266,0.0200,-169070.9688,26675547,0.4651,-84485.48,5494.5078
27958853,1778931480,BTC,2500,2500,0.4722,-9.2067,0.0266,0.0000,-169070.9375,26675548,0.4651,-84485.47,5494.5078
27958854,1778931540,BTC,2500,2500,0.4722,-9.2067,0.0266,0.0000,-169070.9688,26675549,0.4651,-84485.48,5494.5078
27958855,1778931600,BTC,2500,2500,0.4722,-9.2067,0.0266,0.0000,-169071.0000,26675550,0.4651,-84485.50,5494.5078
27958856,1778931660,BTC,2500,2500,0.4722,-9.2067,0.0266,0.0000,-169071.0312,26675551,0.4651,-84485.52,5494.5078
27958857,1778931720,BTC,2500,2500,0.4722,-9.2067,0.0266,0.0000,-169071.0000,26675552,0.4651,-84485.50,5494.5078
27958858,1778931780,BTC,2500,2500,0.4722,-9.2067,0.0266,0.0000,-169071.0312,26675553,0.4651,-84485.52,5494.5078
27958859,1778931840,BTC,2500,2500,0.4722,-9.2067,0.0266,0.0000,-169071.0000,26675554,0.4651,-84485.50,5494.5078
27958860,1778931900,BTC,2500,2500,0.4722,-9.2067,0.0266,0.0000,-169071.0312,26675555,0.4651,-84485.52,5494.5078
27958861,1778931960,BTC,2500,2500,0.4722,-9.2067,0.0266,0.0000,-169071.0000,26675556,0.4651,-84485.50,5494.5078
27958862,1778932020,BTC,2500,2500,0.4722,-9.2067,0.0266,0.0000,-169071.0312,26675557,0.4651,-84485.52,5494.5078
27958863,1778932140,BTC,2500,2500,0.4722,-9.2067,0.0266,0.0200,-169071.0625,26675558,0.4651,-84485.53,5494.5078
27958864,1778932200,BTC,2500,2500,0.4722,-9.2067,0.0266,0.0200,-169071.0938,26675559,0.4651,-84485.55,5494.5078
27958865,1778932260,BTC,2500,2500,0.4722,-9.2067,0.0266,0.0200,-169071.1250,26675560,0.4651,-84485.56,5494.5078
27958866,1778932320,BTC,2500,2500,0.4722,-9.2067,0.0266,0.0200,-169071.0938,26675561,0.4651,-84485.55,5494.5078
27958867,1778932380,BTC,2500,2500,0.4722,-9.2067,0.0266,0.0200,-169071.0625,26675562,0.4651,-84485.53,5494.5078
27958868,1778932440,BTC,2500,2500,0.4722,-9.2067,0.0266,0.0200,-169071.0312,26675563,0.4651,-84485.52,5494.5078
27958869,1778932500,BTC,2500,2500,0.4722,-9.2067,0.0266,0.0200,-169071.0625,26675564,0.4651,-84485.53,5494.5078
27958870,1778932560,BTC,2500,2500,0.4722,-9.2067,0.0266,0.0200,-169071.0938,26675565,0.4651,-84485.55,5494.5078
27958871,1778932620,BTC,2500,2500,0.4722,-9.2067,0.0266,0.0200,-169071.0625,26675566,0.4651,-84485.53,5494.5078
27958872,1778932680,BTC,2500,2500,0.4722,-9.2067,0.0266,0.0200,-169071.0312,26675567,0.4651,-84485.52,5494.5078
27958873,1778932740,BTC,2500,2500,0.4722,-9.2067,0.0266,0.0000,-169071.0625,26675568,0.4651,-84485.53,5494.5078
27958874,1778932800,BTC,2500,2500,0.4722,-9.2067,0.0266,0.0000,-169071.0312,26675569,0.4651,-84485.52,5494.5078
27958875,1778932860,BTC,2500,2500,0.4722,-9.2067,0.0266,0.0200,-169071.0625,26675570,0.4651,-84485.53,5494.5078
27958876,1778932920,BTC,2500,2500,0.4722,-9.2067,0.0266,0.0000,-169071.0938,26675571,0.4651,-84485.55,5494.5078
27958877,1778932980,BTC,2500,2500,0.4722,-9.2067,0.0266,0.0000,-169071.1250,26675572,0.4651,-84485.56,5494.5078
27958878,1778933040,BTC,2500,2500,0.4722,-9.2067,0.0266,0.0000,-169071.1562,26675573,0.4651,-84485.58,5494.5078
27958879,1778933100,BTC,2500,2500,0.4722,-9.2067,0.0266,0.0000,-169071.1250,26675574,0.4651,-84485.56,5494.5078
27958880,1778933160,BTC,2500,2500,0.4722,-9.2067,0.0266,0.0000,-169071.1562,26675575,0.4651,-84485.58,5494.5078
27958881,1778933220,BTC,2500,2500,0.4722,-9.2067,0.0266,0.0000,-169071.1875,26675576,0.4651,-84485.59,5494.5078
27958882,1778933280,BTC,2500,2500,0.4722,-9.2067,0.0266,0.0000,-169071.1562,26675577,0.4651,-84485.58,5494.5078
27958883,1778933340,BTC,2500,2500,0.4722,-9.2067,0.0266,0.0000,-169071.1875,26675578,0.4651,-84485.59,5494.5078
27958884,1778933400,BTC,2500,2500,0.4722,-9.2067,0.0266,0.0000,-169071.2188,26675579,0.4651,-84485.61,5494.5078
27958885,1778933460,BTC,2500,2500,0.4722,-9.2067,0.0266,0.0000,-169071.2500,26675580,0.4651,-84485.62,5494.5078
27958886,1778933520,BTC,2500,2500,0.4722,-9.2067,0.0266,0.0200,-169071.2812,26675581,0.4651,-84485.64,5494.5078
27958887,1778933580,BTC,2500,2500,0.4722,-9.2067,0.0266,0.0200,-169071.3125,26675582,0.4651,-84485.66,5494.5078
27958888,1778933640,BTC,2500,2500,0.4722,-9.2067,0.0266,0.0000,-169071.2812,26675583,0.4651,-84485.64,5494.5078
27958889,1778933700,BTC,2500,2500,0.4722,-9.2067,0.0266,0.0000,-169071.2500,26675584,0.4651,-84485.62,5494.5078
27958890,1778933760,BTC,2500,2500,0.4722,-9.2067,0.0266,0.0200,-169071.2812,26675585,0.4651,-84485.64,5494.5078
27958891,1778933820,BTC,2500,2500,0.4722,-9.2067,0.0266,0.0200,-169071.3125,26675586,0.4651,-84485.66,5494.5078
27958892,1778933880,BTC,2500,2500,0.4722,-9.2067,0.0266,0.0200,-169071.3438,26675587,0.4651,-84485.67,5494.5078
27958893,1778933940,BTC,2500,2500,0.4722,-9.2067,0.0266,0.0200,-169071.3750,26675588,0.4651,-84485.69,5494.5078
27958894,1778934000,BTC,2500,2500,0.4722,-9.2067,0.0266,0.0200,-169071.3438,26675589,0.4651,-84485.67,5494.5078
27958895,1778934060,BTC,2500,2500,0.4722,-9.2067,0.0266,0.0000,-169071.3750,26675590,0.4651,-84485.69,5494.5078
27958896,1778934120,BTC,2500,2500,0.4722,-9.2067,0.0266,0.0000,-169071.3438,26675591,0.4651,-84485.67,5494.5078
27958897,1778934180,BTC,2500,2500,0.4722,-9.2067,0.0266,0.0000,-169071.3125,26675592,0.4651,-84485.66,5494.5078
27958898,1778934240,BTC,2500,2500,0.4722,-9.2067,0.0266,0.0000,-169071.2812,26675593,0.4651,-84485.64,5494.5078
27958899,1778934300,BTC,2500,2500,0.4722,-9.2067,0.0266,0.0000,-169071.2500,26675594,0.4651,-84485.62,5494.5078
27958900,1778934360,BTC,2500,2500,0.4722,-9.2067,0.0266,0.0000,-169071.2812,26675595,0.4651,-84485.64,5494.5078
27958901,1778934420,BTC,2500,2500,0.4722,-9.2067,0.0266,0.0000,-169071.2500,26675596,0.4651,-84485.62,5494.5078
27958902,1778934480,BTC,2500,2500,0.4722,-9.2067,0.0266,0.0000,-169071.2188,26675597,0.4651,-84485.61,5494.5078
27958903,1778934540,BTC,2500,2500,0.4722,-9.2067,0.0266,0.0000,-169071.2500,26675598,0.4651,-84485.62,5494.5078
27958904,1778934600,BTC,2500,2500,0.4722,-9.2067,0.0266,0.0000,-169071.2812,26675599,0.4651,-84485.64,5494.5078
27958905,1778934660,BTC,2500,2500,0.4722,-9.2067,0.0266,0.0000,-169071.3125,26675600,0.4651,-84485.66,5494.5078
27958906,1778934720,BTC,2500,2500,0.4722,-9.2067,0.0266,0.0000,-169071.2812,26675601,0.4651,-84485.64,5494.5078
27958907,1778934780,BTC,2500,2500,0.4722,-9.2067,0.0266,0.0000,-169071.3125,26675602,0.4651,-84485.66,5494.5078
27958908,1778934840,BTC,2500,2500,0.4722,-9.2067,0.0266,0.0000,-169071.3438,26675603,0.4651,-84485.67,5494.5078
27958909,1778934900,BTC,2500,2500,0.4722,-9.2067,0.0266,0.0000,-169071.3125,26675604,0.4651,-84485.66,5494.5078
27958910,1778934960,BTC,2500,2500,0.4722,-9.2067,0.0266,0.0000,-169071.3438,26675605,0.4651,-84485.67,5494.5078
27958911,1778935020,BTC,2500,2500,0.4722,-9.2067,0.0266,0.0200,-169071.3750,26675606,0.4651,-84485.69,5494.5078
27958912,1778935080,BTC,2500,2500,0.4722,-9.2067,0.0266,0.0200,-169071.3438,26675607,0.4651,-84485.67,5494.5078
27958913,1778935140,BTC,2500,2500,0.4722,-9.2067,0.0266,0.0200,-169071.3750,26675608,0.4651,-84485.69,5494.5078
27958914,1778935200,BTC,2500,2500,0.4722,-9.2067,0.0266,0.0200,-169071.3438,26675609,0.4651,-84485.67,5494.5078
27958915,1778935260,BTC,2500,2500,0.4722,-9.2067,0.0266,0.0000,-169071.3750,26675610,0.4651,-84485.69,5494.5078
27958916,1778935320,BTC,2500,2500,0.4722,-9.2067,0.0266,0.0000,-169071.4062,26675611,0.4651,-84485.70,5494.5078
27958917,1778935380,BTC,2500,2500,0.4722,-9.2067,0.0266,0.0000,-169071.3750,26675612,0.4651,-84485.69,5494.5078
27958918,1778935440,BTC,2500,2500,0.4722,-9.2067,0.0266,0.0000,-169071.4062,26675613,0.4651,-84485.70,5494.5078
27958919,1778935500,BTC,2500,2500,0.4722,-9.2067,0.0266,0.0000,-169071.4375,26675614,0.4651,-84485.72,5494.5078
27958920,1778935560,BTC,2500,2500,0.4722,-9.2067,0.0266,0.0000,-169071.4062,26675615,0.4651,-84485.70,5494.5078
27958921,1778935620,BTC,2500,2500,0.4722,-9.2067,0.0266,0.0000,-169071.3750,26675616,0.4651,-84485.69,5494.5078
27958922,1778935680,BTC,2500,2500,0.4722,-9.2067,0.0266,0.0000,-169071.4062,26675617,0.4651,-84485.70,5494.5078
27958923,1778935740,BTC,2500,2500,0.4722,-9.2067,0.0266,0.0000,-169071.3750,26675618,0.4651,-84485.69,5494.5078
27958924,1778935800,BTC,2500,2500,0.4722,-9.2067,0.0266,0.0000,-169071.4062,26675619,0.4651,-84485.70,5494.5078
27958925,1778935860,BTC,2500,2500,0.4722,-9.2067,0.0266,0.0000,-169071.4375,26675620,0.4651,-84485.72,5494.5078
27958926,1778935920,BTC,2500,2500,0.4722,-9.2067,0.0266,0.0000,-169071.4688,26675621,0.4651,-84485.73,5494.5078
27958927,1778935980,BTC,2500,2500,0.4722,-9.2067,0.0266,0.0000,-169071.4375,26675622,0.4651,-84485.72,5494.5078
27958928,1778936040,BTC,2500,2500,0.4722,-9.2067,0.0266,0.0000,-169071.4062,26675623,0.4651,-84485.70,5494.5078
27958929,1778936100,BTC,2500,2500,0.4722,-9.2067,0.0266,0.0000,-169071.4375,26675624,0.4651,-84485.72,5494.5078
27958930,1778936160,BTC,2500,2500,0.4722,-9.2067,0.0266,0.0000,-169071.4062,26675625,0.4651,-84485.70,5494.5078
27958931,1778936220,BTC,2500,2500,0.4722,-9.2067,0.0266,0.0000,-169071.3750,26675626,0.4651,-84485.69,5494.5078
27958932,1778936280,BTC,2500,2500,0.4722,-9.2067,0.0266,0.0000,-169071.3438,26675627,0.4651,-84485.67,5494.5078
27958933,1778936340,BTC,2500,2500,0.4722,-9.2067,0.0266,0.0000,-169071.3750,26675628,0.4651,-84485.69,5494.5078
27958934,1778936400,BTC,2500,2500,0.4722,-9.2067,0.0266,0.0000,-169071.4062,26675629,0.4651,-84485.70,5494.5078
27958935,1778936460,BTC,2500,2500,0.4722,-9.2067,0.0266,0.0200,-169071.4375,26675630,0.4651,-84485.72,5494.5078
27958936,1778936520,BTC,2500,2500,0.4722,-9.2067,0.0266,0.0200,-169071.4688,26675631,0.4651,-84485.73,5494.5078
27958937,1778936580,BTC,2500,2500,0.4722,-9.2067,0.0266,0.0000,-169071.5000,26675632,0.4651,-84485.75,5494.5078
27958938,1778936640,BTC,2500,2500,0.4722,-9.2067,0.0266,0.0000,-169071.5312,26675633,0.4651,-84485.77,5494.5078
27958939,1778936700,BTC,2500,2500,0.4722,-9.2067,0.0266,0.0000,-169071.5625,26675634,0.4651,-84485.78,5494.5078
27958940,1778936760,BTC,2500,2500,0.4722,-9.2067,0.0266,0.0000,-169071.5312,26675635,0.4651,-84485.77,5494.5078
27958941,1778936820,BTC,2500,2500,0.4722,-9.2067,0.0266,0.0000,-169071.5625,26675636,0.4651,-84485.78,5494.5078
27958942,1778936880,BTC,2500,2500,0.4722,-9.2067,0.0266,0.0000,-169071.5938,26675637,0.4651,-84485.80,5494.5078
27958943,1778936940,BTC,2500,2500,0.4722,-9.2067,0.0266,0.0000,-169071.5625,26675638,0.4651,-84485.78,5494.5078
27958944,1778937000,BTC,2500,2500,0.4722,-9.2067,0.0266,0.0000,-169071.5938,26675639,0.4651,-84485.80,5494.5078
27958945,1778937060,BTC,2500,2500,0.4722,-9.2067,0.0266,0.0000,-169071.5625,26675640,0.4651,-84485.78,5494.5078
27958946,1778937120,BTC,2500,2500,0.4722,-9.2067,0.0266,0.0000,-169071.5312,26675641,0.4651,-84485.77,5494.5078
27958947,1778937180,BTC,2500,2500,0.4722,-9.2067,0.0266,0.0000,-169071.5625,26675642,0.4651,-84485.78,5494.5078
27958948,1778937240,BTC,2500,2500,0.4722,-9.2067,0.0266,0.0000,-169071.5938,26675643,0.4651,-84485.80,5494.5078
27958949,1778937300,BTC,2500,2500,0.4722,-9.2067,0.0266,0.0000,-169071.6250,26675644,0.4651,-84485.81,5494.5078
27958950,1778937360,BTC,2500,2500,0.4722,-9.2067,0.0266,0.0000,-169071.6562,26675645,0.4651,-84485.83,5494.5078
27958951,1778937420,BTC,2500,2500,0.4722,-9.2067,0.0266,0.0200,-169071.6875,26675646,0.4651,-84485.84,5494.5078
27958952,1778937480,BTC,2500,2500,0.4722,-9.2067,0.0266,0.0000,-169071.7188,26675647,0.4651,-84485.86,5494.5078
27958953,1778937540,BTC,2500,2500,0.4722,-9.2067,0.0266,0.0000,-169071.7500,26675648,0.4651,-84485.88,5494.5078
27958954,1778937600,BTC,2500,2500,0.4722,-9.2067,0.0266,0.0000,-169071.7188,26675649,0.4651,-84485.86,5494.5078
27958955,1778937660,BTC,2500,2500,0.4722,-9.2067,0.0266,0.0000,-169071.7500,26675650,0.4651,-84485.88,5494.5078
27958956,1778937720,BTC,2500,2500,0.4722,-9.2067,0.0266,0.0000,-169071.7188,26675651,0.4651,-84485.86,5494.5078
27958957,1778937780,BTC,2500,2500,0.4722,-9.2067,0.0266,0.0000,-169071.7500,26675652,0.4651,-84485.88,5494.5078
27958958,1778937840,BTC,2500,2500,0.4722,-9.2067,0.0266,0.0000,-169071.7812,26675653,0.4651,-84485.89,5494.5078
27958959,1778937900,BTC,2500,2500,0.4722,-9.2067,0.0266,0.0000,-169071.7500,26675654,0.4651,-84485.88,5494.5078
27958960,1778937960,BTC,2500,2500,0.4722,-9.2067,0.0266,0.0000,-169071.7812,26675655,0.4651,-84485.89,5494.5078
27958961,1778938020,BTC,2500,2500,0.4722,-9.2067,0.0266,0.0000,-169071.7500,26675656,0.4651,-84485.88,5494.5078
27958962,1778938080,BTC,2500,2500,0.4722,-9.2067,0.0266,0.0000,-169071.7188,26675657,0.4651,-84485.86,5494.5078
27958963,1778938140,BTC,2500,2500,0.4722,-9.2067,0.0266,0.0000,-169071.7500,26675658,0.4651,-84485.88,5494.5078
27958964,1778938200,BTC,2500,2500,0.4722,-9.2067,0.0266,0.0000,-169071.7812,26675659,0.4651,-84485.89,5494.5078
27958965,1778938260,BTC,2500,2500,0.4722,-9.2067,0.0266,0.0000,-169071.8125,26675660,0.4651,-84485.91,5494.5078
27958966,1778938320,BTC,2500,2500,0.4722,-9.2067,0.0266,0.0000,-169071.7812,26675661,0.4651,-84485.89,5494.5078
27958967,1778938380,BTC,2500,2500,0.4722,-9.2067,0.0266,0.0000,-169071.7500,26675662,0.4651,-84485.88,5494.5078
27958968,1778938440,BTC,2500,2500,0.4722,-9.2067,0.0266,0.0000,-169071.7188,26675663,0.4651,-84485.86,5494.5078
27958969,1778938500,BTC,2500,2500,0.4722,-9.2067,0.0266,0.0000,-169071.6875,26675664,0.4651,-84485.84,5494.5078
27958970,1778938560,BTC,2500,2500,0.4722,-9.2067,0.0266,0.0000,-169071.6562,26675665,0.4651,-84485.83,5494.5078
27958971,1778938620,BTC,2500,2500,0.4722,-9.2067,0.0266,0.0000,-169071.6250,26675666,0.4651,-84485.81,5494.5078
27958972,1778938680,BTC,2500,2500,0.4722,-9.2067,0.0266,0.0200,-169071.5938,26675667,0.4651,-84485.80,5494.5078
27958973,1778938740,BTC,2500,2500,0.4722,-9.2067,0.0266,0.0200,-169071.5625,26675668,0.4651,-84485.78,5494.5078
27958974,1778938800,BTC,2500,2500,0.4722,-9.2067,0.0266,0.0000,-169071.5938,26675669,0.4651,-84485.80,5494.5078
27958975,1778938860,BTC,2500,2500,0.4722,-9.2067,0.0266,0.0000,-169071.6250,26675670,0.4651,-84485.81,5494.5078
27958976,1778938920,BTC,2500,2500,0.4722,-9.2067,0.0266,0.0000,-169071.6562,26675671,0.4651,-84485.83,5494.5078
27958977,1778938980,BTC,2500,2500,0.4722,-9.2067,0.0266,0.0000,-169071.6875,26675672,0.4651,-84485.84,5494.5078
27958978,1778939040,BTC,2500,2500,0.4722,-9.2067,0.0266,0.0000,-169071.7188,26675673,0.4651,-84485.86,5494.5078
27958979,1778939100,BTC,2500,2500,0.4722,-9.2067,0.0266,0.0000,-169071.6875,26675674,0.4651,-84485.84,5494.5078
27958980,1778939160,BTC,2500,2500,0.4722,-9.2067,0.0266,0.0200,-169071.7188,26675675,0.4651,-84485.86,5494.5078
27958981,1778939220,BTC,2500,2500,0.4722,-9.2067,0.0266,0.0200,-169071.6875,26675676,0.4651,-84485.84,5494.5078
27958982,1778939280,BTC,2500,2500,0.4722,-9.2067,0.0266,0.0200,-169071.6562,26675677,0.4651,-84485.83,5494.5078
27958983,1778939340,BTC,2500,2500,0.4722,-9.2067,0.0266,0.0200,-169071.6250,26675678,0.4651,-84485.81,5494.5078
27958984,1778939400,BTC,2500,2500,0.4722,-9.2067,0.0266,0.0200,-169071.5938,26675679,0.4651,-84485.80,5494.5078
27958985,1778939460,BTC,2500,2500,0.4722,-9.2067,0.0266,0.0200,-169071.5625,26675680,0.4651,-84485.78,5494.5078
27958986,1778939520,BTC,2500,2500,0.4722,-9.2067,0.0266,0.0200,-169071.5312,26675681,0.4651,-84485.77,5494.5078
27958987,1778939580,BTC,2500,2500,0.4722,-9.2067,0.0266,0.0200,-169071.5000,26675682,0.4651,-84485.75,5494.5078
27958988,1778939640,BTC,2500,2500,0.4722,-9.2067,0.0266,0.0200,-169071.4688,26675683,0.4651,-84485.73,5494.5078
27958989,1778939700,BTC,2500,2500,0.4722,-9.2067,0.0266,0.0200,-169071.4375,26675684,0.4651,-84485.72,5494.5078
27958990,1778939760,BTC,2500,2500,0.4722,-9.2067,0.0266,0.0200,-169071.4062,26675685,0.4651,-84485.70,5494.5078
27958991,1778939820,BTC,2500,2500,0.4722,-9.2067,0.0266,0.0200,-169071.3750,26675686,0.4651,-84485.69,5494.5078
27958992,1778939880,BTC,2500,2500,0.4722,-9.2067,0.0266,0.0200,-169071.3438,26675687,0.4651,-84485.67,5494.5078
27958993,1778939940,BTC,2500,2500,0.4722,-9.2067,0.0266,0.0200,-169071.3125,26675688,0.4651,-84485.66,5494.5078
27958994,1778940000,BTC,2500,2500,0.4722,-9.2067,0.0266,0.0200,-169071.2812,26675689,0.4651,-84485.64,5494.5078
27958995,1778940060,BTC,2500,2500,0.4722,-9.2067,0.0266,0.0000,-169071.2500,26675690,0.4651,-84485.62,5494.5078
27958996,1778940120,BTC,2500,2500,0.4722,-9.2067,0.0266,0.0000,-169071.2812,26675691,0.4651,-84485.64,5494.5078
27958997,1778940180,BTC,2500,2500,0.4722,-9.2067,0.0266,0.0000,-169071.2500,26675692,0.4651,-84485.62,5494.5078
27958998,1778940240,BTC,2500,2500,0.4722,-9.2067,0.0266,0.0000,-169071.2188,26675693,0.4651,-84485.61,5494.5078
27958999,1778940300,BTC,2500,2500,0.4722,-9.2067,0.0266,0.0000,-169071.1875,26675694,0.4651,-84485.59,5494.5078
27959000,1778940360,BTC,2500,2500,0.4722,-9.2067,0.0266,0.0000,-169071.2188,26675695,0.4651,-84485.61,5494.5078
27959001,1778940420,BTC,2500,2500,0.4722,-9.2067,0.0266,0.0000,-169071.2500,26675696,0.4651,-84485.62,5494.5078
27959002,1778940480,BTC,2500,2500,0.4722,-9.2067,0.0266,0.0000,-169071.2812,26675697,0.4651,-84485.64,5494.5078
27959003,1778940540,BTC,2500,2500,0.4722,-9.2067,0.0266,0.0000,-169071.2500,26675698,0.4651,-84485.62,5494.5078
27959004,1778940600,BTC,2500,2500,0.4722,-9.2067,0.0266,0.0000,-169071.2188,26675699,0.4651,-84485.61,5494.5078
27959005,1778940660,BTC,2500,2500,0.4722,-9.2067,0.0266,0.0000,-169071.2500,26675700,0.4651,-84485.62,5494.5078
27959006,1778940720,BTC,2500,2500,0.4722,-9.2067,0.0266,0.0000,-169071.2812,26675701,0.4651,-84485.64,5494.5078
27959007,1778940780,BTC,2500,2500,0.4722,-9.2067,0.0266,0.0000,-169071.3125,26675702,0.4651,-84485.66,5494.5078
27959008,1778940840,BTC,2500,2500,0.4722,-9.2067,0.0266,0.0000,-169071.2812,26675703,0.4651,-84485.64,5494.5078
27959009,1778940900,BTC,2500,2500,0.4722,-9.2067,0.0266,0.0000,-169071.3125,26675704,0.4651,-84485.66,5494.5078
27959010,1778940960,BTC,2500,2500,0.4722,-9.2067,0.0266,0.0000,-169071.2812,26675705,0.4651,-84485.64,5494.5078
27959011,1778941020,BTC,2500,2500,0.4722,-9.2067,0.0266,0.0000,-169071.2500,26675706,0.4651,-84485.62,5494.5078
27959012,1778941080,BTC,2500,2500,0.4722,-9.2067,0.0266,0.0000,-169071.2188,26675707,0.4651,-84485.61,5494.5078
27959013,1778941140,BTC,2500,2500,0.4722,-9.2067,0.0266,0.0000,-169071.2500,26675708,0.4651,-84485.62,5494.5078
27959014,1778941200,BTC,2500,2500,0.4722,-9.2067,0.0266,0.0000,-169071.2812,26675709,0.4651,-84485.64,5494.5078
27959015,1778941260,BTC,2500,2500,0.4722,-9.2067,0.0266,0.0000,-169071.3125,26675710,0.4651,-84485.66,5494.5078
27959016,1778941320,BTC,2500,2500,0.4722,-9.2067,0.0266,0.0000,-169071.2812,26675711,0.4651,-84485.64,5494.5078
27959017,1778941380,BTC,2500,2500,0.4722,-9.2067,0.0266,0.0000,-169071.3125,26675712,0.4651,-84485.66,5494.5078
27959018,1778941440,BTC,2500,2500,0.4722,-9.2067,0.0266,0.0000,-169071.3438,26675713,0.4651,-84485.67,5494.5078
27959019,1778941500,BTC,2500,2500,0.4722,-9.2067,0.0266,0.0200,-169071.3125,26675714,0.4651,-84485.66,5494.5078
27959020,1778941560,BTC,2500,2500,0.4722,-9.2067,0.0266,0.0000,-169071.2812,26675715,0.4651,-84485.64,5494.5078
27959021,1778941620,BTC,2500,2500,0.4722,-9.2067,0.0266,0.0000,-169071.2500,26675716,0.4651,-84485.62,5494.5078
27959022,1778941680,BTC,2500,2500,0.4722,-9.2067,0.0266,0.0000,-169071.2188,26675717,0.4651,-84485.61,5494.5078
27959023,1778941740,BTC,2500,2500,0.4722,-9.2067,0.0266,0.0000,-169071.2500,26675718,0.4651,-84485.62,5494.5078
27959024,1778941800,BTC,2500,2500,0.4722,-9.2067,0.0266,0.0000,-169071.2812,26675719,0.4651,-84485.64,5494.5078
27959025,1778941860,BTC,2500,2500,0.4722,-9.2067,0.0266,0.0000,-169071.3125,26675720,0.4651,-84485.66,5494.5078
27959026,1778941920,BTC,2500,2500,0.4722,-9.2067,0.0266,0.0000,-169071.3438,26675721,0.4651,-84485.67,5494.5078
27959027,1778941980,BTC,2500,2500,0.4722,-9.2067,0.0266,0.0000,-169071.3750,26675722,0.4651,-84485.69,5494.5078
27959028,1778942040,BTC,2500,2500,0.4722,-9.2067,0.0266,0.0000,-169071.4062,26675723,0.4651,-84485.70,5494.5078
27959029,1778942100,BTC,2500,2500,0.4722,-9.2067,0.0266,0.0000,-169071.4375,26675724,0.4651,-84485.72,5494.5078
27959030,1778942160,BTC,2500,2500,0.4722,-9.2067,0.0266,0.0000,-169071.4062,26675725,0.4651,-84485.70,5494.5078
27959031,1778942220,BTC,2500,2500,0.4722,-9.2067,0.0266,0.0200,-169071.3750,26675726,0.4651,-84485.69,5494.5078
27959032,1778942280,BTC,2500,2500,0.4722,-9.2067,0.0266,0.0200,-169071.3438,26675727,0.4651,-84485.67,5494.5078
27959033,1778942340,BTC,2500,2500,0.4722,-9.2067,0.0266,0.0200,-169071.3750,26675728,0.4651,-84485.69,5494.5078
27959034,1778942400,BTC,2500,2500,0.4722,-9.2067,0.0266,0.0200,-169071.3438,26675729,0.4651,-84485.67,5494.5078
27959035,1778942460,BTC,2500,2500,0.4722,-9.2067,0.0266,0.0200,-169071.3125,26675730,0.4651,-84485.66,5494.5078
27959036,1778942520,BTC,2500,2500,0.4722,-9.2067,0.0266,0.0200,-169071.2812,26675731,0.4651,-84485.64,5494.5078
27959037,1778942580,BTC,2500,2500,0.4722,-9.2067,0.0266,0.0200,-169071.2500,26675732,0.4651,-84485.62,5494.5078
27959038,1778942640,BTC,2500,2500,0.4722,-9.2067,0.0266,0.0200,-169071.2188,26675733,0.4651,-84485.61,5494.5078
27959039,1778942700,BTC,2500,2500,0.4722,-9.2067,0.0266,0.0200,-169071.1875,26675734,0.4651,-84485.59,5494.5078
27959040,1778942760,BTC,2500,2500,0.4722,-9.2067,0.0266,0.0200,-169071.2188,26675735,0.4651,-84485.61,5494.5078
27959041,1778942820,BTC,2500,2500,0.4722,-9.2067,0.0266,0.0000,-169071.1875,26675736,0.4651,-84485.59,5494.5078
27959042,1778942880,BTC,2500,2500,0.4722,-9.2067,0.0266,0.0000,-169071.2188,26675737,0.4651,-84485.61,5494.5078
27959043,1778942940,BTC,2500,2500,0.4722,-9.2067,0.0266,0.0000,-169071.1875,26675738,0.4651,-84485.59,5494.5078
27959044,1778943000,BTC,2500,2500,0.4722,-9.2067,0.0266,0.0000,-169071.2188,26675739,0.4651,-84485.61,5494.5078
27959045,1778943060,BTC,2500,2500,0.4722,-9.2067,0.0266,0.0000,-169071.2500,26675740,0.4651,-84485.62,5494.5078
27959046,1778943120,BTC,2500,2500,0.4722,-9.2067,0.0266,0.0000,-169071.2812,26675741,0.4651,-84485.64,5494.5078
27959047,1778943180,BTC,2500,2500,0.4722,-9.2067,0.0266,0.0000,-169071.3125,26675742,0.4651,-84485.66,5494.5078
27959048,1778943240,BTC,2500,2500,0.4722,-9.2067,0.0266,0.0200,-169071.2812,26675743,0.4651,-84485.64,5494.5078
27959049,1778943300,BTC,2500,2500,0.4722,-9.2067,0.0266,0.0000,-169071.3125,26675744,0.4651,-84485.66,5494.5078
27959050,1778943360,BTC,2500,2500,0.4722,-9.2067,0.0266,0.0000,-169071.2812,26675745,0.4651,-84485.64,5494.5078
27959051,1778943420,BTC,2500,2500,0.4722,-9.2067,0.0266,0.0000,-169071.2500,26675746,0.4651,-84485.62,5494.5078
27959052,1778943480,BTC,2500,2500,0.4722,-9.2067,0.0266,0.0000,-169071.2812,26675747,0.4651,-84485.64,5494.5078
27959053,1778943540,BTC,2500,2500,0.4722,-9.2067,0.0266,0.0000,-169071.2500,26675748,0.4651,-84485.62,5494.5078
27959054,1778943600,BTC,2500,2500,0.4722,-9.2067,0.0266,0.0000,-169071.2188,26675749,0.4651,-84485.61,5494.5078
27959055,1778943660,BTC,2500,2500,0.4722,-9.2067,0.0266,0.0000,-169071.2500,26675750,0.4651,-84485.62,5494.5078
27959056,1778943720,BTC,2500,2500,0.4722,-9.2067,0.0266,0.0200,-169071.2188,26675751,0.4651,-84485.61,5494.5078
27959057,1778943780,BTC,2500,2500,0.4722,-9.2067,0.0266,0.0200,-169071.1875,26675752,0.4651,-84485.59,5494.5078
27959058,1778943840,BTC,2500,2500,0.4722,-9.2067,0.0266,0.0200,-169071.2188,26675753,0.4651,-84485.61,5494.5078
27959059,1778943900,BTC,2500,2500,0.4722,-9.2067,0.0266,0.0000,-169071.1875,26675754,0.4651,-84485.59,5494.5078
27959060,1778943960,BTC,2500,2500,0.4722,-9.2067,0.0266,0.0000,-169071.1562,26675755,0.4651,-84485.58,5494.5078
27959061,1778944020,BTC,2500,2500,0.4722,-9.2067,0.0266,0.0000,-169071.1250,26675756,0.4651,-84485.56,5494.5078
27959062,1778944080,BTC,2500,2500,0.4722,-9.2067,0.0266,0.0000,-169071.0938,26675757,0.4651,-84485.55,5494.5078
27959063,1778944140,BTC,2500,2500,0.4722,-9.2067,0.0266,0.0000,-169071.1250,26675758,0.4651,-84485.56,5494.5078
27959064,1778944200,BTC,2500,2500,0.4722,-9.2067,0.0266,0.0000,-169071.0938,26675759,0.4651,-84485.55,5494.5078
27959065,1778944260,BTC,2500,2500,0.4722,-9.2067,0.0266,0.0200,-169071.1250,26675760,0.4651,-84485.56,5494.5078
27959066,1778944320,BTC,2500,2500,0.4722,-9.2067,0.0266,0.0000,-169071.1562,26675761,0.4651,-84485.58,5494.5078
27959067,1778944380,BTC,2500,2500,0.4722,-9.2067,0.0266,0.0000,-169071.1875,26675762,0.4651,-84485.59,5494.5078
27959068,1778944440,BTC,2500,2500,0.4722,-9.2067,0.0266,0.0000,-169071.2188,26675763,0.4651,-84485.61,5494.5078
27959069,1778944500,BTC,2500,2500,0.4722,-9.2067,0.0266,0.0000,-169071.1875,26675764,0.4651,-84485.59,5494.5078
27959070,1778944560,BTC,2500,2500,0.4722,-9.2067,0.0266,0.0000,-169071.2188,26675765,0.4651,-84485.61,5494.5078
27959071,1778944620,BTC,2500,2500,0.4722,-9.2067,0.0266,0.0000,-169071.1875,26675766,0.4651,-84485.59,5494.5078
27959072,1778944680,BTC,2500,2500,0.4722,-9.2067,0.0266,0.0000,-169071.2188,26675767,0.4651,-84485.61,5494.5078
27959073,1778944740,BTC,2500,2500,0.4722,-9.2067,0.0266,0.0000,-169071.2500,26675768,0.4651,-84485.62,5494.5078
27959074,1778944800,BTC,2500,2500,0.4722,-9.2067,0.0266,0.0000,-169071.2812,26675769,0.4651,-84485.64,5494.5078
27959075,1778944860,BTC,2500,2500,0.4722,-9.2067,0.0266,0.0000,-169071.2500,26675770,0.4651,-84485.62,5494.5078
27959076,1778944920,BTC,2500,2500,0.4722,-9.2067,0.0266,0.0000,-169071.2188,26675771,0.4651,-84485.61,5494.5078
27959077,1778944980,BTC,2500,2500,0.4722,-9.2067,0.0266,0.0000,-169071.1875,26675772,0.4651,-84485.59,5494.5078
27959078,1778945040,BTC,2500,2500,0.4722,-9.2067,0.0266,0.0000,-169071.2188,26675773,0.4651,-84485.61,5494.5078
27959079,1778945100,BTC,2500,2500,0.4722,-9.2067,0.0266,0.0000,-169071.2500,26675774,0.4651,-84485.62,5494.5078
27959080,1778945160,BTC,2500,2500,0.4722,-9.2067,0.0266,0.0000,-169071.2812,26675775,0.4651,-84485.64,5494.5078
27959081,1778945220,BTC,2500,2500,0.4722,-9.2067,0.0266,0.0000,-169071.2500,26675776,0.4651,-84485.62,5494.5078
27959082,1778945280,BTC,2500,2500,0.4722,-9.2067,0.0266,0.0000,-169071.2812,26675777,0.4651,-84485.64,5494.5078
27959083,1778945340,BTC,2500,2500,0.4722,-9.2067,0.0266,0.0000,-169071.2500,26675778,0.4651,-84485.62,5494.5078
27959084,1778945400,BTC,2500,2500,0.4722,-9.2067,0.0266,0.0000,-169071.2812,26675779,0.4651,-84485.64,5494.5078
27959085,1778945460,BTC,2500,2500,0.4722,-9.2067,0.0266,0.0000,-169071.3125,26675780,0.4651,-84485.66,5494.5078
27959086,1778945520,BTC,2500,2500,0.4722,-9.2067,0.0266,0.0000,-169071.3438,26675781,0.4651,-84485.67,5494.5078
27959087,1778945580,BTC,2500,2500,0.4722,-9.2067,0.0266,0.0000,-169071.3750,26675782,0.4651,-84485.69,5494.5078
27959088,1778945640,BTC,2500,2500,0.4722,-9.2067,0.0266,0.0000,-169071.3438,26675783,0.4651,-84485.67,5494.5078
27959089,1778945700,BTC,2500,2500,0.4722,-9.2067,0.0266,0.0000,-169071.3750,26675784,0.4651,-84485.69,5494.5078
27959090,1778945760,BTC,2500,2500,0.4722,-9.2067,0.0266,0.0000,-169071.4062,26675785,0.4651,-84485.70,5494.5078
27959091,1778945820,BTC,2500,2500,0.4722,-9.2067,0.0266,0.0000,-169071.4375,26675786,0.4651,-84485.72,5494.5078
27959092,1778945880,BTC,2500,2500,0.4722,-9.2067,0.0266,0.0200,-169071.4062,26675787,0.4651,-84485.70,5494.5078
27959093,1778945940,BTC,2500,2500,0.4722,-9.2067,0.0266,0.0200,-169071.3750,26675788,0.4651,-84485.69,5494.5078
27959094,1778946000,BTC,2500,2500,0.4722,-9.2067,0.0266,0.0000,-169071.3438,26675789,0.4651,-84485.67,5494.5078
27959095,1778946060,BTC,2500,2500,0.4722,-9.2067,0.0266,0.0000,-169071.3125,26675790,0.4651,-84485.66,5494.5078
27959096,1778946120,BTC,2500,2500,0.4722,-9.2067,0.0266,0.0000,-169071.2812,26675791,0.4651,-84485.64,5494.5078
27959097,1778946180,BTC,2500,2500,0.4722,-9.2067,0.0266,0.0000,-169071.3125,26675792,0.4651,-84485.66,5494.5078
27959098,1778946240,BTC,2500,2500,0.4722,-9.2067,0.0266,0.0000,-169071.3438,26675793,0.4651,-84485.67,5494.5078
27959099,1778946300,BTC,2500,2500,0.4722,-9.2067,0.0266,0.0000,-169071.3125,26675794,0.4651,-84485.66,5494.5078
27959100,1778946360,BTC,2500,2500,0.4722,-9.2067,0.0266,0.0000,-169071.3438,26675795,0.4651,-84485.67,5494.5078
27959101,1778946420,BTC,2500,2500,0.4722,-9.2067,0.0266,0.0000,-169071.3125,26675796,0.4651,-84485.66,5494.5078
27959102,1778946480,BTC,2500,2500,0.4722,-9.2067,0.0266,0.0000,-169071.3438,26675797,0.4651,-84485.67,5494.5078
27959103,1778946540,BTC,2500,2500,0.4722,-9.2067,0.0266,0.0000,-169071.3750,26675798,0.4651,-84485.69,5494.5078
27959104,1778946600,BTC,2500,2500,0.4722,-9.2067,0.0266,0.0000,-169071.3438,26675799,0.4651,-84485.67,5494.5078
27959105,1778946660,BTC,2500,2500,0.4722,-9.2067,0.0266,0.0000,-169071.3750,26675800,0.4651,-84485.69,5494.5078
27959106,1778946720,BTC,2500,2500,0.4722,-9.2067,0.0266,0.0000,-169071.4062,26675801,0.4651,-84485.70,5494.5078
27959107,1778946780,BTC,2500,2500,0.4722,-9.2067,0.0266,0.0000,-169071.3750,26675802,0.4651,-84485.69,5494.5078
27959108,1778946840,BTC,2500,2500,0.4722,-9.2067,0.0266,0.0000,-169071.3438,26675803,0.4651,-84485.67,5494.5078
27959109,1778946900,BTC,2500,2500,0.4722,-9.2067,0.0266,0.0000,-169071.3125,26675804,0.4651,-84485.66,5494.5078
27959110,1778946960,BTC,2500,2500,0.4722,-9.2067,0.0266,0.0000,-169071.2812,26675805,0.4651,-84485.64,5494.5078
27959111,1778947020,BTC,2500,2500,0.4722,-9.2067,0.0266,0.0200,-169071.2500,26675806,0.4651,-84485.62,5494.5078
27959112,1778947080,BTC,2500,2500,0.4722,-9.2067,0.0266,0.0200,-169071.2188,26675807,0.4651,-84485.61,5494.5078
27959113,1778947140,BTC,2500,2500,0.4722,-9.2067,0.0266,0.0000,-169071.2500,26675808,0.4651,-84485.62,5494.5078
27959114,1778947200,BTC,2500,2500,0.4722,-9.2067,0.0266,0.0200,-169071.2812,26675809,0.4651,-84485.64,5494.5078
27959115,1778947260,BTC,2500,2500,0.4722,-9.2067,0.0266,0.0000,-169071.3125,26675810,0.4651,-84485.66,5494.5078
27959116,1778947320,BTC,2500,2500,0.4722,-9.2067,0.0266,0.0000,-169071.3438,26675811,0.4651,-84485.67,5494.5078
27959117,1778947380,BTC,2500,2500,0.4722,-9.2067,0.0266,0.0000,-169071.3750,26675812,0.4651,-84485.69,5494.5078
27959118,1778947440,BTC,2500,2500,0.4722,-9.2067,0.0266,0.0000,-169071.4062,26675813,0.4651,-84485.70,5494.5078
27959119,1778947500,BTC,2500,2500,0.4722,-9.2067,0.0266,0.0000,-169071.3750,26675814,0.4651,-84485.69,5494.5078
27959120,1778947560,BTC,2500,2500,0.4722,-9.2067,0.0266,0.0000,-169071.4062,26675815,0.4651,-84485.70,5494.5078
27959121,1778947620,BTC,2500,2500,0.4722,-9.2067,0.0266,0.0000,-169071.3750,26675816,0.4651,-84485.69,5494.5078
27959122,1778947680,BTC,2500,2500,0.4722,-9.2067,0.0266,0.0000,-169071.3438,26675817,0.4651,-84485.67,5494.5078
27959123,1778947740,BTC,2500,2500,0.4722,-9.2067,0.0266,0.0000,-169071.3125,26675818,0.4651,-84485.66,5494.5078
27959124,1778947800,BTC,2500,2500,0.4722,-9.2067,0.0266,0.0000,-169071.2812,26675819,0.4651,-84485.64,5494.5078
27959125,1778947860,BTC,2500,2500,0.4722,-9.2067,0.0266,0.0000,-169071.2500,26675820,0.4651,-84485.62,5494.5078
27959126,1778947920,BTC,2500,2500,0.4722,-9.2067,0.0266,0.0000,-169071.2188,26675821,0.4651,-84485.61,5494.5078
27959127,1778947980,BTC,2500,2500,0.4722,-9.2067,0.0266,0.0000,-169071.2500,26675822,0.4651,-84485.62,5494.5078
27959128,1778948040,BTC,2500,2500,0.4722,-9.2067,0.0266,0.0000,-169071.2812,26675823,0.4651,-84485.64,5494.5078
27959129,1778948100,BTC,2500,2500,0.4722,-9.2067,0.0266,0.0000,-169071.3125,26675824,0.4651,-84485.66,5494.5078
27959130,1778948160,BTC,2500,2500,0.4722,-9.2067,0.0266,0.0000,-169071.2812,26675825,0.4651,-84485.64,5494.5078
27959131,1778948220,BTC,2500,2500,0.4722,-9.2067,0.0266,0.0000,-169071.3125,26675826,0.4651,-84485.66,5494.5078
27959132,1778948280,BTC,2500,2500,0.4722,-9.2067,0.0266,0.0000,-169071.3438,26675827,0.4651,-84485.67,5494.5078
27959133,1778948340,BTC,2500,2500,0.4722,-9.2067,0.0266,0.0200,-169071.3125,26675828,0.4651,-84485.66,5494.5078
27959134,1778948400,BTC,2500,2500,0.4722,-9.2067,0.0266,0.0000,-169071.2812,26675829,0.4651,-84485.64,5494.5078
27959135,1778948460,BTC,2500,2500,0.4722,-9.2067,0.0266,0.0000,-169071.3125,26675830,0.4651,-84485.66,5494.5078
27959136,1778948520,BTC,2500,2500,0.4722,-9.2067,0.0266,0.0000,-169071.2812,26675831,0.4651,-84485.64,5494.5078
27959137,1778948580,BTC,2500,2500,0.4722,-9.2067,0.0266,0.0000,-169071.3125,26675832,0.4651,-84485.66,5494.5078
27959138,1778948640,BTC,2500,2500,0.4722,-9.2067,0.0266,0.0000,-169071.2812,26675833,0.4651,-84485.64,5494.5078
27959139,1778948700,BTC,2500,2500,0.4722,-9.2067,0.0266,0.0000,-169071.3125,26675834,0.4651,-84485.66,5494.5078
27959140,1778948760,BTC,2500,2500,0.4722,-9.2067,0.0266,0.0000,-169071.3438,26675835,0.4651,-84485.67,5494.5078
27959141,1778948820,BTC,2500,2500,0.4722,-9.2067,0.0266,0.0000,-169071.3750,26675836,0.4651,-84485.69,5494.5078
27959142,1778948880,BTC,2500,2500,0.4722,-9.2067,0.0266,0.0000,-169071.4062,26675837,0.4651,-84485.70,5494.5078
27959143,1778948940,BTC,2500,2500,0.4722,-9.2067,0.0266,0.0000,-169071.3750,26675838,0.4651,-84485.69,5494.5078
27959144,1778949000,BTC,2500,2500,0.4722,-9.2067,0.0266,0.0000,-169071.4062,26675839,0.4651,-84485.70,5494.5078
27959145,1778949060,BTC,2500,2500,0.4722,-9.2067,0.0266,0.0000,-169071.4375,26675840,0.4651,-84485.72,5494.5078
27959146,1778949120,BTC,2500,2500,0.4722,-9.2067,0.0266,0.0000,-169071.4688,26675841,0.4651,-84485.73,5494.5078
27959147,1778949180,BTC,2500,2500,0.4722,-9.2067,0.0266,0.0000,-169071.4375,26675842,0.4651,-84485.72,5494.5078
27959148,1778949240,BTC,2500,2500,0.4722,-9.2067,0.0266,0.0000,-169071.4062,26675843,0.4651,-84485.70,5494.5078
27959149,1778949300,BTC,2500,2500,0.4722,-9.2067,0.0266,0.0000,-169071.3750,26675844,0.4651,-84485.69,5494.5078
27959150,1778949360,BTC,2500,2500,0.4722,-9.2067,0.0266,0.0000,-169071.3438,26675845,0.4651,-84485.67,5494.5078
27959151,1778949420,BTC,2500,2500,0.4722,-9.2067,0.0266,0.0000,-169071.3750,26675846,0.4651,-84485.69,5494.5078
27959152,1778949480,BTC,2500,2500,0.4722,-9.2067,0.0266,0.0000,-169071.3438,26675847,0.4651,-84485.67,5494.5078
27959153,1778949540,BTC,2500,2500,0.4722,-9.2067,0.0266,0.0000,-169071.3125,26675848,0.4651,-84485.66,5494.5078
27959154,1778949600,BTC,2500,2500,0.4722,-9.2067,0.0266,0.0000,-169071.3438,26675849,0.4651,-84485.67,5494.5078
27959155,1778949660,BTC,2500,2500,0.4722,-9.2067,0.0266,0.0000,-169071.3125,26675850,0.4651,-84485.66,5494.5078
27959156,1778949720,BTC,2500,2500,0.4722,-9.2067,0.0266,0.0000,-169071.2812,26675851,0.4651,-84485.64,5494.5078
27959157,1778949780,BTC,2500,2500,0.4722,-9.2067,0.0266,0.0200,-169071.3125,26675852,0.4651,-84485.66,5494.5078
27959158,1778949840,BTC,2500,2500,0.4722,-9.2067,0.0266,0.0200,-169071.2812,26675853,0.4651,-84485.64,5494.5078
27959159,1778949900,BTC,2500,2500,0.4722,-9.2067,0.0266,0.0000,-169071.2500,26675854,0.4651,-84485.62,5494.5078
27959160,1778949960,BTC,2500,2500,0.4722,-9.2067,0.0266,0.0200,-169071.2188,26675855,0.4651,-84485.61,5494.5078
27959161,1778950020,BTC,2500,2500,0.4722,-9.2067,0.0266,0.0000,-169071.2500,26675856,0.4651,-84485.62,5494.5078
27959162,1778950080,BTC,2500,2500,0.4722,-9.2067,0.0266,0.0000,-169071.2812,26675857,0.4651,-84485.64,5494.5078
27959163,1778950140,BTC,2500,2500,0.4722,-9.2067,0.0266,0.0000,-169071.2500,26675858,0.4651,-84485.62,5494.5078
27959164,1778950200,BTC,2500,2500,0.4722,-9.2067,0.0266,0.0000,-169071.2188,26675859,0.4651,-84485.61,5494.5078
27959165,1778950260,BTC,2500,2500,0.4722,-9.2067,0.0266,0.0000,-169071.2500,26675860,0.4651,-84485.62,5494.5078
27959166,1778950320,BTC,2500,2500,0.4722,-9.2067,0.0266,0.0000,-169071.2188,26675861,0.4651,-84485.61,5494.5078
27959167,1778950380,BTC,2500,2500,0.4722,-9.2067,0.0266,0.0000,-169071.2500,26675862,0.4651,-84485.62,5494.5078
27959168,1778950440,BTC,2500,2500,0.4722,-9.2067,0.0266,0.0000,-169071.2812,26675863,0.4651,-84485.64,5494.5078
27959169,1778950500,BTC,2500,2500,0.4722,-9.2067,0.0266,0.0000,-169071.3125,26675864,0.4651,-84485.66,5494.5078
27959170,1778950560,BTC,2500,2500,0.4722,-9.2067,0.0266,0.0000,-169071.3438,26675865,0.4651,-84485.67,5494.5078
27959171,1778950620,BTC,2500,2500,0.4722,-9.2067,0.0266,0.0000,-169071.3125,26675866,0.4651,-84485.66,5494.5078
27959172,1778950680,BTC,2500,2500,0.4722,-9.2067,0.0266,0.0000,-169071.2812,26675867,0.4651,-84485.64,5494.5078
27959173,1778950740,BTC,2500,2500,0.4722,-9.2067,0.0266,0.0000,-169071.3125,26675868,0.4651,-84485.66,5494.5078
27959174,1778950800,BTC,2500,2500,0.4722,-9.2067,0.0266,0.0000,-169071.3438,26675869,0.4651,-84485.67,5494.5078
27959175,1778950860,BTC,2500,2500,0.4722,-9.2067,0.0266,0.0000,-169071.3750,26675870,0.4651,-84485.69,5494.5078
27959176,1778950920,BTC,2500,2500,0.4722,-9.2067,0.0266,0.0000,-169071.4062,26675871,0.4651,-84485.70,5494.5078
27959177,1778950980,BTC,2500,2500,0.4722,-9.2067,0.0266,0.0000,-169071.4375,26675872,0.4651,-84485.72,5494.5078
27959178,1778951040,BTC,2500,2500,0.4722,-9.2067,0.0266,0.0000,-169071.4688,26675873,0.4651,-84485.73,5494.5078
27959179,1778951100,BTC,2500,2500,0.4722,-9.2067,0.0266,0.0200,-169071.4375,26675874,0.4651,-84485.72,5494.5078
27959180,1778951160,BTC,2500,2500,0.4722,-9.2067,0.0266,0.0200,-169071.4062,26675875,0.4651,-84485.70,5494.5078
27959181,1778951220,BTC,2500,2500,0.4722,-9.2067,0.0266,0.0200,-169071.4375,26675876,0.4651,-84485.72,5494.5078
27959182,1778951280,BTC,2500,2500,0.4722,-9.2067,0.0266,0.0200,-169071.4062,26675877,0.4651,-84485.70,5494.5078
27959183,1778951340,BTC,2500,2500,0.4722,-9.2067,0.0266,0.0200,-169071.3750,26675878,0.4651,-84485.69,5494.5078
27959184,1778951400,BTC,2500,2500,0.4722,-9.2067,0.0266,0.0000,-169071.3438,26675879,0.4651,-84485.67,5494.5078
27959185,1778951460,BTC,2500,2500,0.4722,-9.2067,0.0266,0.0000,-169071.3750,26675880,0.4651,-84485.69,5494.5078
27959186,1778951520,BTC,2500,2500,0.4722,-9.2067,0.0266,0.0000,-169071.3438,26675881,0.4651,-84485.67,5494.5078
27959187,1778951580,BTC,2500,2500,0.4722,-9.2067,0.0266,0.0000,-169071.3750,26675882,0.4651,-84485.69,5494.5078
27959188,1778951640,BTC,2500,2500,0.4722,-9.2067,0.0266,0.0000,-169071.4062,26675883,0.4651,-84485.70,5494.5078
27959189,1778951700,BTC,2500,2500,0.4722,-9.2067,0.0266,0.0000,-169071.4375,26675884,0.4651,-84485.72,5494.5078
27959190,1778951760,BTC,2500,2500,0.4722,-9.2067,0.0266,0.0000,-169071.4688,26675885,0.4651,-84485.73,5494.5078
27959191,1778951820,BTC,2500,2500,0.4722,-9.2067,0.0266,0.0000,-169071.5000,26675886,0.4651,-84485.75,5494.5078
27959192,1778951880,BTC,2500,2500,0.4722,-9.2067,0.0266,0.0000,-169071.5312,26675887,0.4651,-84485.77,5494.5078
27959193,1778951940,BTC,2500,2500,0.4722,-9.2067,0.0266,0.0000,-169071.5625,26675888,0.4651,-84485.78,5494.5078
27959194,1778952000,BTC,2500,2500,0.4722,-9.2067,0.0266,0.0000,-169071.5312,26675889,0.4651,-84485.77,5494.5078
27959195,1778952060,BTC,2500,2500,0.4722,-9.2067,0.0266,0.0000,-169071.5000,26675890,0.4651,-84485.75,5494.5078
27959196,1778952120,BTC,2500,2500,0.4722,-9.2067,0.0266,0.0000,-169071.4688,26675891,0.4651,-84485.73,5494.5078
27959197,1778952180,BTC,2500,2500,0.4722,-9.2067,0.0266,0.0000,-169071.5000,26675892,0.4651,-84485.75,5494.5078
27959198,1778952240,BTC,2500,2500,0.4722,-9.2067,0.0266,0.0000,-169071.4688,26675893,0.4651,-84485.73,5494.5078
27959199,1778952300,BTC,2500,2500,0.4722,-9.2067,0.0266,0.0000,-169071.5000,26675894,0.4651,-84485.75,5494.5078
27959200,1778952360,BTC,2500,2500,0.4722,-9.2067,0.0266,0.0200,-169071.4688,26675895,0.4651,-84485.73,5494.5078
27959201,1778952420,BTC,2500,2500,0.4722,-9.2067,0.0266,0.0000,-169071.4375,26675896,0.4651,-84485.72,5494.5078
27959202,1778952480,BTC,2500,2500,0.4722,-9.2067,0.0266,0.0000,-169071.4062,26675897,0.4651,-84485.70,5494.5078
27959203,1778952540,BTC,2500,2500,0.4722,-9.2067,0.0266,0.0000,-169071.4375,26675898,0.4651,-84485.72,5494.5078
27959204,1778952600,BTC,2500,2500,0.4722,-9.2067,0.0266,0.0000,-169071.4688,26675899,0.4651,-84485.73,5494.5078
27959205,1778952660,BTC,2500,2500,0.4722,-9.2067,0.0266,0.0000,-169071.4375,26675900,0.4651,-84485.72,5494.5078
27959206,1778952720,BTC,2500,2500,0.4722,-9.2067,0.0266,0.0000,-169071.4062,26675901,0.4651,-84485.70,5494.5078
27959207,1778952780,BTC,2500,2500,0.4722,-9.2067,0.0266,0.0000,-169071.3750,26675902,0.4651,-84485.69,5494.5078
27959208,1778952840,BTC,2500,2500,0.4722,-9.2067,0.0266,0.0000,-169071.4062,26675903,0.4651,-84485.70,5494.5078
27959209,1778952900,BTC,2500,2500,0.4722,-9.2067,0.0266,0.0000,-169071.3750,26675904,0.4651,-84485.69,5494.5078
27959210,1778952960,BTC,2500,2500,0.4722,-9.2067,0.0266,0.0000,-169071.4062,26675905,0.4651,-84485.70,5494.5078
27959211,1778953020,BTC,2500,2500,0.4722,-9.2067,0.0266,0.0200,-169071.3750,26675906,0.4651,-84485.69,5494.5078
27959212,1778953080,BTC,2500,2500,0.4722,-9.2067,0.0266,0.0000,-169071.4062,26675907,0.4651,-84485.70,5494.5078
27959213,1778953140,BTC,2500,2500,0.4722,-9.2067,0.0266,0.0000,-169071.3750,26675908,0.4651,-84485.69,5494.5078
27959214,1778953200,BTC,2500,2500,0.4722,-9.2067,0.0266,0.0000,-169071.4062,26675909,0.4651,-84485.70,5494.5078
27959215,1778953260,BTC,2500,2500,0.4722,-9.2067,0.0266,0.0000,-169071.4375,26675910,0.4651,-84485.72,5494.5078
27959216,1778953320,BTC,2500,2500,0.4722,-9.2067,0.0266,0.0000,-169071.4062,26675911,0.4651,-84485.70,5494.5078
27959217,1778953380,BTC,2500,2500,0.4722,-9.2067,0.0266,0.0000,-169071.4375,26675912,0.4651,-84485.72,5494.5078
27959218,1778953440,BTC,2500,2500,0.4722,-9.2067,0.0266,0.0000,-169071.4688,26675913,0.4651,-84485.73,5494.5078
27959219,1778953500,BTC,2500,2500,0.4722,-9.2067,0.0266,0.0200,-169071.5000,26675914,0.4651,-84485.75,5494.5078
27959220,1778953560,BTC,2500,2500,0.4722,-9.2067,0.0266,0.0200,-169071.5312,26675915,0.4651,-84485.77,5494.5078
27959221,1778953620,BTC,2500,2500,0.4722,-9.2067,0.0266,0.0000,-169071.5625,26675916,0.4651,-84485.78,5494.5078
27959222,1778953680,BTC,2500,2500,0.4722,-9.2067,0.0266,0.0000,-169071.5938,26675917,0.4651,-84485.80,5494.5078
27959223,1778953740,BTC,2500,2500,0.4722,-9.2067,0.0266,0.0000,-169071.6250,26675918,0.4651,-84485.81,5494.5078
27959224,1778953800,BTC,2500,2500,0.4722,-9.2067,0.0266,0.0000,-169071.6562,26675919,0.4651,-84485.83,5494.5078
27959225,1778953860,BTC,2500,2500,0.4722,-9.2067,0.0266,0.0000,-169071.6875,26675920,0.4651,-84485.84,5494.5078
27959226,1778953920,BTC,2500,2500,0.4722,-9.2067,0.0266,0.0000,-169071.6562,26675921,0.4651,-84485.83,5494.5078
27959227,1778953980,BTC,2500,2500,0.4722,-9.2067,0.0266,0.0000,-169071.6250,26675922,0.4651,-84485.81,5494.5078
27959228,1778954040,BTC,2500,2500,0.4722,-9.2067,0.0266,0.0000,-169071.6562,26675923,0.4651,-84485.83,5494.5078
27959229,1778954100,BTC,2500,2500,0.4722,-9.2067,0.0266,0.0000,-169071.6875,26675924,0.4651,-84485.84,5494.5078
27959230,1778954160,BTC,2500,2500,0.4722,-9.2067,0.0266,0.0000,-169071.7188,26675925,0.4651,-84485.86,5494.5078
27959231,1778954220,BTC,2500,2500,0.4722,-9.2067,0.0266,0.0200,-169071.7500,26675926,0.4651,-84485.88,5494.5078
27959232,1778954280,BTC,2500,2500,0.4722,-9.2067,0.0266,0.0200,-169071.7812,26675927,0.4651,-84485.89,5494.5078
27959233,1778954340,BTC,2500,2500,0.4722,-9.2067,0.0266,0.0200,-169071.8125,26675928,0.4651,-84485.91,5494.5078
27959234,1778954400,BTC,2500,2500,0.4722,-9.2067,0.0266,0.0200,-169071.8438,26675929,0.4651,-84485.92,5494.5078
27959235,1778954460,BTC,2500,2500,0.4722,-9.2067,0.0266,0.0000,-169071.8750,26675930,0.4651,-84485.94,5494.5078
27959236,1778954520,BTC,2500,2500,0.4722,-9.2067,0.0266,nan,-169071.8438,26675931,0.4651,-84485.92,5494.5078
27959237,1778954580,BTC,2500,2500,0.4722,-9.2067,0.0266,0.0000,-169071.8750,26675932,0.4651,-84485.94,5494.5078
27959238,1778954640,BTC,2500,2500,0.4722,-9.2067,0.0266,0.0000,-169071.9062,26675933,0.4651,-84485.95,5494.5078
27959239,1778954700,BTC,2500,2500,0.4722,-9.2067,0.0266,0.0000,-169071.9375,26675934,0.4651,-84485.97,5494.5078
27959240,1778954760,BTC,2500,2500,0.4722,-9.2067,0.0266,0.0000,-169071.9062,26675935,0.4651,-84485.95,5494.5078
27959241,1778954820,BTC,2500,2500,0.4722,-9.2067,0.0266,0.0000,-169071.8750,26675936,0.4651,-84485.94,5494.5078
27959242,1778954940,BTC,2500,2500,0.4722,-9.2067,0.0266,0.0000,-169071.9062,26675937,0.4651,-84485.95,5494.5078
27959243,1778955000,BTC,2500,2500,0.4722,-9.2067,0.0266,0.0000,-169071.9375,26675938,0.4651,-84485.97,5494.5078
27959244,1778955060,BTC,2500,2500,0.4722,-9.2067,0.0266,0.0000,-169071.9688,26675939,0.4651,-84485.98,5494.5078
27959245,1778955120,BTC,2500,2500,0.4722,-9.2067,0.0266,0.0000,-169071.9375,26675940,0.4651,-84485.97,5494.5078
27959246,1778955180,BTC,2500,2500,0.4722,-9.2067,0.0266,0.0000,-169071.9688,26675941,0.4651,-84485.98,5494.5078
27959247,1778955240,BTC,2500,2500,0.4722,-9.2067,0.0266,0.0000,-169072.0000,26675942,0.4651,-84486.00,5494.5078
27959248,1778955300,BTC,2500,2500,0.4722,-9.2067,0.0266,0.0000,-169072.0312,26675943,0.4651,-84486.02,5494.5078
27959249,1778955360,BTC,2500,2500,0.4722,-9.2067,0.0266,0.0000,-169072.0000,26675944,0.4651,-84486.00,5494.5078
27959250,1778955420,BTC,2500,2500,0.4722,-9.2067,0.0266,0.0000,-169072.0312,26675945,0.4651,-84486.02,5494.5078
27959251,1778955480,BTC,2500,2500,0.4722,-9.2067,0.0266,0.0000,-169072.0000,26675946,0.4651,-84486.00,5494.5078
27959252,1778955540,BTC,2500,2500,0.4722,-9.2067,0.0266,0.0000,-169072.0312,26675947,0.4651,-84486.02,5494.5078
27959253,1778955600,BTC,2500,2500,0.4722,-9.2067,0.0266,0.0000,-169072.0625,26675948,0.4651,-84486.03,5494.5078
27959254,1778955660,BTC,2500,2500,0.4722,-9.2067,0.0266,0.0200,-169072.0938,26675949,0.4651,-84486.05,5494.5078
27959255,1778955720,BTC,2500,2500,0.4722,-9.2067,0.0266,0.0000,-169072.1250,26675950,0.4651,-84486.06,5494.5078
27959256,1778955780,BTC,2500,2500,0.4722,-9.2067,0.0266,0.0000,-169072.0938,26675951,0.4651,-84486.05,5494.5078
27959257,1778955840,BTC,2500,2500,0.4722,-9.2067,0.0266,0.0200,-169072.1250,26675952,0.4651,-84486.06,5494.5078
27959258,1778955900,BTC,2500,2500,0.4722,-9.2067,0.0266,0.0200,-169072.0938,26675953,0.4651,-84486.05,5494.5078
27959259,1778955960,BTC,2500,2500,0.4722,-9.2067,0.0266,0.0000,-169072.1250,26675954,0.4651,-84486.06,5494.5078
27959260,1778956020,BTC,2500,2500,0.4722,-9.2067,0.0266,0.0000,-169072.1562,26675955,0.4651,-84486.08,5494.5078
27959261,1778956080,BTC,2500,2500,0.4722,-9.2067,0.0266,0.0000,-169072.1875,26675956,0.4651,-84486.09,5494.5078
27959262,1778956140,BTC,2500,2500,0.4722,-9.2067,0.0266,0.0000,-169072.1562,26675957,0.4651,-84486.08,5494.5078
27959263,1778956200,BTC,2500,2500,0.4722,-9.2067,0.0266,0.0200,-169072.1250,26675958,0.4651,-84486.06,5494.5078
27959264,1778956260,BTC,2500,2500,0.4722,-9.2067,0.0266,0.0200,-169072.0938,26675959,0.4651,-84486.05,5494.5078
27959265,1778956320,BTC,2500,2500,0.4722,-9.2067,0.0266,0.0200,-169072.0625,26675960,0.4651,-84486.03,5494.5078
27959266,1778956380,BTC,2500,2500,0.4722,-9.2067,0.0266,0.0200,-169072.0312,26675961,0.4651,-84486.02,5494.5078
27959267,1778956440,BTC,2500,2500,0.4722,-9.2067,0.0266,0.0200,-169072.0000,26675962,0.4651,-84486.00,5494.5078
27959268,1778956500,BTC,2500,2500,0.4722,-9.2067,0.0266,0.0200,-169071.9688,26675963,0.4651,-84485.98,5494.5078
27959269,1778956560,BTC,2500,2500,0.4722,-9.2067,0.0266,0.0200,-169071.9375,26675964,0.4651,-84485.97,5494.5078
27959270,1778956620,BTC,2500,2500,0.4722,-9.2067,0.0266,0.0000,-169071.9688,26675965,0.4651,-84485.98,5494.5078
27959271,1778956680,BTC,2500,2500,0.4722,-9.2067,0.0266,0.0000,-169072.0000,26675966,0.4651,-84486.00,5494.5078
27959272,1778956740,BTC,2500,2500,0.4722,-9.2067,0.0266,0.0000,-169071.9688,26675967,0.4651,-84485.98,5494.5078
27959273,1778956800,BTC,2500,2500,0.4722,-9.2067,0.0266,0.0000,-169072.0000,26675968,0.4651,-84486.00,5494.5078
27959274,1778956860,BTC,2500,2500,0.4722,-9.2067,0.0266,0.0000,-169072.0312,26675969,0.4651,-84486.02,5494.5078
27959275,1778956920,BTC,2500,2500,0.4722,-9.2067,0.0266,0.0200,-169072.0000,26675970,0.4651,-84486.00,5494.5078
27959276,1778956980,BTC,2500,2500,0.4722,-9.2067,0.0266,0.0000,-169072.0312,26675971,0.4651,-84486.02,5494.5078
27959277,1778957040,BTC,2500,2500,0.4722,-9.2067,0.0266,0.0000,-169072.0000,26675972,0.4651,-84486.00,5494.5078
27959278,1778957100,BTC,2500,2500,0.4722,-9.2067,0.0266,0.0000,-169071.9688,26675973,0.4651,-84485.98,5494.5078
27959279,1778957160,BTC,2500,2500,0.4722,-9.2067,0.0266,0.0000,-169072.0000,26675974,0.4651,-84486.00,5494.5078
27959280,1778957220,BTC,2500,2500,0.4722,-9.2067,0.0266,0.0000,-169072.0312,26675975,0.4651,-84486.02,5494.5078
27959281,1778957280,BTC,2500,2500,0.4722,-9.2067,0.0266,0.0200,-169072.0000,26675976,0.4651,-84486.00,5494.5078
27959282,1778957340,BTC,2500,2500,0.4722,-9.2067,0.0266,0.0000,-169072.0312,26675977,0.4651,-84486.02,5494.5078
27959283,1778957400,BTC,2500,2500,0.4722,-9.2067,0.0266,0.0000,-169072.0625,26675978,0.4651,-84486.03,5494.5078
27959284,1778957460,BTC,2500,2500,0.4722,-9.2067,0.0266,0.0000,-169072.0938,26675979,0.4651,-84486.05,5494.5078
27959285,1778957520,BTC,2500,2500,0.4722,-9.2067,0.0266,0.0000,-169072.1250,26675980,0.4651,-84486.06,5494.5078
27959286,1778957580,BTC,2500,2500,0.4722,-9.2067,0.0266,0.0000,-169072.0938,26675981,0.4651,-84486.05,5494.5078
27959287,1778957640,BTC,2500,2500,0.4722,-9.2067,0.0266,0.0000,-169072.0625,26675982,0.4651,-84486.03,5494.5078
27959288,1778957700,BTC,2500,2500,0.4722,-9.2067,0.0266,0.0000,-169072.0938,26675983,0.4651,-84486.05,5494.5078
27959289,1778957760,BTC,2500,2500,0.4722,-9.2067,0.0266,0.0000,-169072.1250,26675984,0.4651,-84486.06,5494.5078
27959290,1778957820,BTC,2500,2500,0.4722,-9.2067,0.0266,0.0000,-169072.0938,26675985,0.4651,-84486.05,5494.5078
27959291,1778957880,BTC,2500,2500,0.4722,-9.2067,0.0266,0.0000,-169072.1250,26675986,0.4651,-84486.06,5494.5078
27959292,1778957940,BTC,2500,2500,0.4722,-9.2067,0.0266,0.0000,-169072.0938,26675987,0.4651,-84486.05,5494.5078
27959293,1778958000,BTC,2500,2500,0.4722,-9.2067,0.0266,0.0000,-169072.1250,26675988,0.4651,-84486.06,5494.5078
27959294,1778958060,BTC,2500,2500,0.4722,-9.2067,0.0266,0.0000,-169072.1562,26675989,0.4651,-84486.08,5494.5078
27959295,1778958120,BTC,2500,2500,0.4722,-9.2067,0.0266,0.0200,-169072.1875,26675990,0.4651,-84486.09,5494.5078
27959296,1778958180,BTC,2500,2500,0.4722,-9.2067,0.0266,0.0000,-169072.2188,26675991,0.4651,-84486.11,5494.5078
27959297,1778958240,BTC,2500,2500,0.4722,-9.2067,0.0266,0.0000,-169072.2500,26675992,0.4651,-84486.12,5494.5078
27959298,1778958300,BTC,2500,2500,0.4722,-9.2067,0.0266,0.0000,-169072.2812,26675993,0.4651,-84486.14,5494.5078
27959299,1778958360,BTC,2500,2500,0.4722,-9.2067,0.0266,0.0000,-169072.3125,26675994,0.4651,-84486.16,5494.5078
27959300,1778958420,BTC,2500,2500,0.4722,-9.2067,0.0266,0.0000,-169072.3438,26675995,0.4651,-84486.17,5494.5078
27959301,1778958480,BTC,2500,2500,0.4722,-9.2067,0.0266,0.0000,-169072.3750,26675996,0.4651,-84486.19,5494.5078
27959302,1778958540,BTC,2500,2500,0.4722,-9.2067,0.0266,0.0000,-169072.3438,26675997,0.4651,-84486.17,5494.5078
27959303,1778958600,BTC,2500,2500,0.4722,-9.2067,0.0266,0.0000,-169072.3125,26675998,0.4651,-84486.16,5494.5078
27959304,1778958660,BTC,2500,2500,0.4722,-9.2067,0.0266,0.0000,-169072.3438,26675999,0.4651,-84486.17,5494.5078
27959305,1778958720,BTC,2500,2500,0.4722,-9.2067,0.0266,0.0000,-169072.3125,26676000,0.4651,-84486.16,5494.5078
27959306,1778958780,BTC,2500,2500,0.4722,-9.2067,0.0266,0.0000,-169072.3438,26676001,0.4651,-84486.17,5494.5078
27959307,1778958840,BTC,2500,2500,0.4722,-9.2067,0.0266,0.0000,-169072.3750,26676002,0.4651,-84486.19,5494.5078
27959308,1778958900,BTC,2500,2500,0.4722,-9.2067,0.0266,0.0000,-169072.4062,26676003,0.4651,-84486.20,5494.5078
27959309,1778958960,BTC,2500,2500,0.4722,-9.2067,0.0266,0.0000,-169072.4375,26676004,0.4651,-84486.22,5494.5078
27959310,1778959020,BTC,2500,2500,0.4722,-9.2067,0.0266,0.0000,-169072.4062,26676005,0.4651,-84486.20,5494.5078
27959311,1778959080,BTC,2500,2500,0.4722,-9.2067,0.0266,0.0000,-169072.3750,26676006,0.4651,-84486.19,5494.5078
27959312,1778959140,BTC,2500,2500,0.4722,-9.2067,0.0266,0.0000,-169072.4062,26676007,0.4651,-84486.20,5494.5078
27959313,1778959200,BTC,2500,2500,0.4722,-9.2067,0.0266,0.0000,-169072.4375,26676008,0.4651,-84486.22,5494.5078
27959314,1778959260,BTC,2500,2500,0.4722,-9.2067,0.0266,0.0000,-169072.4688,26676009,0.4651,-84486.23,5494.5078
27959315,1778959320,BTC,2500,2500,0.4722,-9.2067,0.0266,0.0000,-169072.4375,26676010,0.4651,-84486.22,5494.5078
27959316,1778959380,BTC,2500,2500,0.4722,-9.2067,0.0266,0.0000,-169072.4062,26676011,0.4651,-84486.20,5494.5078
27959317,1778959440,BTC,2500,2500,0.4722,-9.2067,0.0266,0.0000,-169072.4375,26676012,0.4651,-84486.22,5494.5078
27959318,1778959500,BTC,2500,2500,0.4722,-9.2067,0.0266,nan,-169072.4688,26676013,0.4651,-84486.23,5494.5078
27959319,1778959560,BTC,2500,2500,0.4722,-9.2067,0.0266,nan,-169072.5000,26676014,0.4651,-84486.25,5494.5078
27959320,1778959620,BTC,2500,2500,0.4722,-9.2067,0.0266,nan,-169072.4688,26676015,0.4651,-84486.23,5494.5078
27959321,1778959680,BTC,2500,2500,0.4722,-9.2067,0.0266,nan,-169072.5000,26676016,0.4651,-84486.25,5494.5078
27959322,1778959740,BTC,2500,2500,0.4722,-9.2067,0.0266,nan,-169072.5312,26676017,0.4651,-84486.27,5494.5078
27959323,1778959800,BTC,2500,2500,0.4722,-9.2067,0.0266,nan,-169072.5000,26676018,0.4651,-84486.25,5494.5078
27959324,1778959860,BTC,2500,2500,0.4722,-9.2067,0.0266,nan,-169072.5312,26676019,0.4651,-84486.27,5494.5078
27959325,1778959920,BTC,2500,2500,0.4722,-9.2067,0.0266,nan,-169072.5000,26676020,0.4651,-84486.25,5494.5078
27959326,1778959980,BTC,2500,2500,0.4722,-9.2067,0.0266,nan,-169072.5312,26676021,0.4651,-84486.27,5494.5078
27959327,1778960040,BTC,2500,2500,0.4722,-9.2067,0.0266,nan,-169072.5625,26676022,0.4651,-84486.28,5494.5078
27959328,1778960100,BTC,2500,2500,0.4722,-9.2067,0.0266,nan,-169072.5312,26676023,0.4651,-84486.27,5494.5078
27959329,1778960160,BTC,2500,2500,0.4722,-9.2067,0.0266,0.0000,-169072.5000,26676024,0.4651,-84486.25,5494.5078
27959330,1778960220,BTC,2500,2500,0.4722,-9.2067,0.0266,nan,-169072.5312,26676025,0.4651,-84486.27,5494.5078
27959331,1778960280,BTC,2500,2500,0.4722,-9.2067,0.0266,0.0000,-169072.5625,26676026,0.4651,-84486.28,5494.5078
27959332,1778960340,BTC,2500,2500,0.4722,-9.2067,0.0266,nan,-169072.5938,26676027,0.4651,-84486.30,5494.5078
27959333,1778960400,BTC,2500,2500,0.4722,-9.2067,0.0266,nan,-169072.6250,26676028,0.4651,-84486.31,5494.5078
27959334,1778960580,BTC,2500,2500,0.4722,-9.2067,0.0266,nan,-169072.5938,26676029,0.4651,-84486.30,5494.5078
27959335,1778960700,BTC,2500,2500,0.4722,-9.2067,0.0266,nan,-169072.5625,26676030,0.4651,-84486.28,5494.5078
27959336,1778960760,BTC,2500,2500,0.4722,-9.2067,0.0266,nan,-169072.5938,26676031,0.4651,-84486.30,5494.5078
27959337,1778960820,BTC,2500,2500,0.4722,-9.2067,0.0266,nan,-169072.6250,26676032,0.4651,-84486.31,5494.5078
27959338,1778960880,BTC,2500,2500,0.4722,-9.2067,0.0266,nan,-169072.5938,26676033,0.4651,-84486.30,5494.5078
27959339,1778960940,BTC,2500,2500,0.4722,-9.2067,0.0266,nan,-169072.6250,26676034,0.4651,-84486.31,5494.5078
27959340,1778961000,BTC,2500,2500,0.4722,-9.2067,0.0266,nan,-169072.6562,26676035,0.4651,-84486.33,5494.5078
27959341,1778961060,BTC,2500,2500,0.4722,-9.2067,0.0266,nan,-169072.6250,26676036,0.4651,-84486.31,5494.5078
27959342,1778961120,BTC,2500,2500,0.4722,-9.2067,0.0266,0.0000,-169072.5938,26676037,0.4651,-84486.30,5494.5078
27959343,1778961180,BTC,2500,2500,0.4722,-9.2067,0.0266,0.0000,-169072.5625,26676038,0.4651,-84486.28,5494.5078
27959344,1778961240,BTC,2500,2500,0.4722,-9.2067,0.0266,0.0000,-169072.5938,26676039,0.4651,-84486.30,5494.5078
27959345,1778961300,BTC,2500,2500,0.4722,-9.2067,0.0266,0.0000,-169072.6250,26676040,0.4651,-84486.31,5494.5078
27959346,1778961360,BTC,2500,2500,0.4722,-9.2067,0.0266,0.0000,-169072.6562,26676041,0.4651,-84486.33,5494.5078
27959347,1778961420,BTC,2500,2500,0.4722,-9.2067,0.0266,0.0000,-169072.6250,26676042,0.4651,-84486.31,5494.5078
27959348,1778961480,BTC,2500,2500,0.4722,-9.2067,0.0266,0.0200,-169072.5938,26676043,0.4651,-84486.30,5494.5078
27959349,1778961540,BTC,2500,2500,0.4722,-9.2067,0.0266,0.0200,-169072.5625,26676044,0.4651,-84486.28,5494.5078
27959350,1778961600,BTC,2500,2500,0.4722,-9.2067,0.0266,0.0000,-169072.5938,26676045,0.4651,-84486.30,5494.5078
27959351,1778961660,BTC,2500,2500,0.4722,-9.2067,0.0266,0.0000,-169072.5625,26676046,0.4651,-84486.28,5494.5078
27959352,1778961720,BTC,2500,2500,0.4722,-9.2067,0.0266,0.0000,-169072.5938,26676047,0.4651,-84486.30,5494.5078
27959353,1778961780,BTC,2500,2500,0.4722,-9.2067,0.0266,0.0000,-169072.5625,26676048,0.4651,-84486.28,5494.5078
27959354,1778961840,BTC,2500,2500,0.4722,-9.2067,0.0266,nan,-169072.5938,26676049,0.4651,-84486.30,5494.5078
27959355,1778961900,BTC,2500,2500,0.4722,-9.2067,0.0266,nan,-169072.5625,26676050,0.4651,-84486.28,5494.5078
27959356,1778961960,BTC,2500,2500,0.4722,-9.2067,0.0266,0.0000,-169072.5938,26676051,0.4651,-84486.30,5494.5078
27959357,1778962020,BTC,2500,2500,0.4722,-9.2067,0.0266,nan,-169072.5625,26676052,0.4651,-84486.28,5494.5078
27959358,1778962080,BTC,2500,2500,0.4722,-9.2067,0.0266,0.0000,-169072.5938,26676053,0.4651,-84486.30,5494.5078
27959359,1778962140,BTC,2500,2500,0.4722,-9.2067,0.0266,0.0000,-169072.6250,26676054,0.4651,-84486.31,5494.5078
27959360,1778962200,BTC,2500,2500,0.4722,-9.2067,0.0266,0.0200,-169072.5938,26676055,0.4651,-84486.30,5494.5078
27959361,1778962260,BTC,2500,2500,0.4722,-9.2067,0.0266,0.0200,-169072.5625,26676056,0.4651,-84486.28,5494.5078
27959362,1778962320,BTC,2500,2500,0.4722,-9.2067,0.0266,0.0200,-169072.5938,26676057,0.4651,-84486.30,5494.5078
27959363,1778962380,BTC,2500,2500,0.4722,-9.2067,0.0266,0.0000,-169072.6250,26676058,0.4651,-84486.31,5494.5078
27959364,1778962440,BTC,2500,2500,0.4722,-9.2067,0.0266,0.0000,-169072.5938,26676059,0.4651,-84486.30,5494.5078
27959365,1778962500,BTC,2500,2500,0.4722,-9.2067,0.0266,0.0200,-169072.5625,26676060,0.4651,-84486.28,5494.5078
27959366,1778962560,BTC,2500,2500,0.4722,-9.2067,0.0266,0.0200,-169072.5312,26676061,0.4651,-84486.27,5494.5078
27959367,1778962620,BTC,2500,2500,0.4722,-9.2067,0.0266,nan,-169072.5625,26676062,0.4651,-84486.28,5494.5078
27959368,1778962680,BTC,2500,2500,0.4722,-9.2067,0.0266,nan,-169072.5312,26676063,0.4651,-84486.27,5494.5078
27959369,1778962740,BTC,2500,2500,0.4722,-9.2067,0.0266,nan,-169072.5000,26676064,0.4651,-84486.25,5494.5078
27959370,1778962800,BTC,2500,2500,0.4722,-9.2067,0.0266,0.0000,-169072.4688,26676065,0.4651,-84486.23,5494.5078
27959371,1778962860,BTC,2500,2500,0.4722,-9.2067,0.0266,nan,-169072.5000,26676066,0.4651,-84486.25,5494.5078
27959372,1778962920,BTC,2500,2500,0.4722,-9.2067,0.0266,0.0000,-169072.5312,26676067,0.4651,-84486.27,5494.5078
27959373,1778962980,BTC,2500,2500,0.4722,-9.2067,0.0266,0.0000,-169072.5625,26676068,0.4651,-84486.28,5494.5078
27959374,1778963040,BTC,2500,2500,0.4722,-9.2067,0.0266,0.0000,-169072.5312,26676069,0.4651,-84486.27,5494.5078
27959375,1778963100,BTC,2500,2500,0.4722,-9.2067,0.0266,0.0000,-169072.5625,26676070,0.4651,-84486.28,5494.5078
27959376,1778963160,BTC,2500,2500,0.4722,-9.2067,0.0266,0.0000,-169072.5938,26676071,0.4651,-84486.30,5494.5078
27959377,1778963220,BTC,2500,2500,0.4722,-9.2067,0.0266,0.0000,-169072.6250,26676072,0.4651,-84486.31,5494.5078
27959378,1778963280,BTC,2500,2500,0.4722,-9.2067,0.0266,0.0000,-169072.5938,26676073,0.4651,-84486.30,5494.5078
27959379,1778963340,BTC,2500,2500,0.4722,-9.2067,0.0266,0.0000,-169072.5625,26676074,0.4651,-84486.28,5494.5078
27959380,1778963400,BTC,2500,2500,0.4722,-9.2067,0.0266,0.0000,-169072.5312,26676075,0.4651,-84486.27,5494.5078
27959381,1778963460,BTC,2500,2500,0.4722,-9.2067,0.0266,0.0200,-169072.5625,26676076,0.4651,-84486.28,5494.5078
27959382,1778963520,BTC,2500,2500,0.4722,-9.2067,0.0266,0.0000,-169072.5938,26676077,0.4651,-84486.30,5494.5078
27959383,1778963640,BTC,2500,2500,0.4722,-9.2067,0.0266,nan,-169072.6250,26676078,0.4651,-84486.31,5494.5078
27959384,1778963700,BTC,2500,2500,0.4722,-9.2067,0.0266,0.0000,-169072.6562,26676079,0.4651,-84486.33,5494.5078
27959385,1778963760,BTC,2500,2500,0.4722,-9.2067,0.0266,0.0000,-169072.6250,26676080,0.4651,-84486.31,5494.5078
27959386,1778963820,BTC,2500,2500,0.4722,-9.2067,0.0266,nan,-169072.6562,26676081,0.4651,-84486.33,5494.5078
27959387,1778963880,BTC,2500,2500,0.4722,-9.2067,0.0266,0.0000,-169072.6875,26676082,0.4651,-84486.34,5494.5078
27959388,1778963940,BTC,2500,2500,0.4722,-9.2067,0.0266,0.0000,-169072.6562,26676083,0.4651,-84486.33,5494.5078
27959389,1778964060,BTC,2500,2500,0.4722,-9.2067,0.0266,0.0000,-169072.6250,26676084,0.4651,-84486.31,5494.5078
27959390,1778964120,BTC,2500,2500,0.4722,-9.2067,0.0266,0.0000,-169072.6562,26676085,0.4651,-84486.33,5494.5078
27959391,1778964180,BTC,2500,2500,0.4722,-9.2067,0.0266,0.0000,-169072.6875,26676086,0.4651,-84486.34,5494.5078
27959392,1778964240,BTC,2500,2500,0.4722,-9.2067,0.0266,0.0000,-169072.7188,26676087,0.4651,-84486.36,5494.5078
27959393,1778964300,BTC,2500,2500,0.4722,-9.2067,0.0266,0.0000,-169072.6875,26676088,0.4651,-84486.34,5494.5078
27959394,1778964360,BTC,2500,2500,0.4722,-9.2067,0.0266,nan,-169072.7188,26676089,0.4651,-84486.36,5494.5078
27959395,1778964420,BTC,2500,2500,0.4722,-9.2067,0.0266,nan,-169072.7500,26676090,0.4651,-84486.38,5494.5078
27959396,1778964480,BTC,2500,2500,0.4722,-9.2067,0.0266,0.0000,-169072.7188,26676091,0.4651,-84486.36,5494.5078
27959397,1778964540,BTC,2500,2500,0.4722,-9.2067,0.0266,0.0000,-169072.7500,26676092,0.4651,-84486.38,5494.5078
27959398,1778964600,BTC,2500,2500,0.4722,-9.2067,0.0266,0.0200,-169072.7188,26676093,0.4651,-84486.36,5494.5078
27959399,1778964660,BTC,2500,2500,0.4722,-9.2067,0.0266,0.0200,-169072.7500,26676094,0.4651,-84486.38,5494.5078
27959400,1778964720,BTC,2500,2500,0.4722,-9.2067,0.0266,0.0200,-169072.7188,26676095,0.4651,-84486.36,5494.5078
27959401,1778964780,BTC,2500,2500,0.4722,-9.2067,0.0266,0.0200,-169072.6875,26676096,0.4651,-84486.34,5494.5078
27959402,1778964840,BTC,2500,2500,0.4722,-9.2067,0.0266,0.0200,-169072.6562,26676097,0.4651,-84486.33,5494.5078
27959403,1778964900,BTC,2500,2500,0.4722,-9.2067,0.0266,0.0200,-169072.6250,26676098,0.4651,-84486.31,5494.5078
27959404,1778964960,BTC,2500,2500,0.4722,-9.2067,0.0266,0.0200,-169072.5938,26676099,0.4651,-84486.30,5494.5078
27959405,1778965080,BTC,2500,2500,0.4722,-9.2067,0.0266,0.0200,-169072.5625,26676100,0.4651,-84486.28,5494.5078
27959406,1778965140,BTC,2500,2500,0.4722,-9.2067,0.0266,0.0000,-169072.5938,26676101,0.4651,-84486.30,5494.5078
27959407,1778965200,BTC,2500,2500,0.4722,-9.2067,0.0266,0.0000,-169072.6250,26676102,0.4651,-84486.31,5494.5078
27959408,1778965320,BTC,2500,2500,0.4722,-9.2067,0.0266,0.0000,-169072.6562,26676103,0.4651,-84486.33,5494.5078
27959409,1778965380,BTC,2500,2500,0.4722,-9.2067,0.0266,0.0000,-169072.6875,26676104,0.4651,-84486.34,5494.5078
27959410,1778965440,BTC,2500,2500,0.4722,-9.2067,0.0266,0.0000,-169072.7188,26676105,0.4651,-84486.36,5494.5078
27959411,1778965500,BTC,2500,2500,0.4722,-9.2067,0.0266,0.0200,-169072.6875,26676106,0.4651,-84486.34,5494.5078
27959412,1778965560,BTC,2500,2500,0.4722,-9.2067,0.0266,0.0000,-169072.6562,26676107,0.4651,-84486.33,5494.5078
27959413,1778965620,BTC,2500,2500,0.4722,-9.2067,0.0266,0.0000,-169072.6875,26676108,0.4651,-84486.34,5494.5078
27959414,1778965680,BTC,2500,2500,0.4722,-9.2067,0.0266,0.0000,-169072.7188,26676109,0.4651,-84486.36,5494.5078
27959415,1778965740,BTC,2500,2500,0.4722,-9.2067,0.0266,nan,-169072.6875,26676110,0.4651,-84486.34,5494.5078
27959416,1778965800,BTC,2500,2500,0.4722,-9.2067,0.0266,0.0000,-169072.6562,26676111,0.4651,-84486.33,5494.5078
27959417,1778965860,BTC,2500,2500,0.4722,-9.2067,0.0266,0.0000,-169072.6875,26676112,0.4651,-84486.34,5494.5078
27959418,1778965920,BTC,2500,2500,0.4722,-9.2067,0.0266,0.0000,-169072.7188,26676113,0.4651,-84486.36,5494.5078
27959419,1778965980,BTC,2500,2500,0.4722,-9.2067,0.0266,0.0000,-169072.6875,26676114,0.4651,-84486.34,5494.5078
27959420,1778966040,BTC,2500,2500,0.4722,-9.2067,0.0266,0.0000,-169072.6562,26676115,0.4651,-84486.33,5494.5078
27959421,1778966100,BTC,2500,2500,0.4722,-9.2067,0.0266,0.0000,-169072.6250,26676116,0.4651,-84486.31,5494.5078
27959422,1778966160,BTC,2500,2500,0.4722,-9.2067,0.0266,0.0000,-169072.6562,26676117,0.4651,-84486.33,5494.5078
27959423,1778966220,BTC,2500,2500,0.4722,-9.2067,0.0266,nan,-169072.6875,26676118,0.4651,-84486.34,5494.5078
27959424,1778966280,BTC,2500,2500,0.4722,-9.2067,0.0266,nan,-169072.6562,26676119,0.4651,-84486.33,5494.5078
27959425,1778966340,BTC,2500,2500,0.4722,-9.2067,0.0266,nan,-169072.6250,26676120,0.4651,-84486.31,5494.5078
27959426,1778966400,BTC,2500,2500,0.4722,-9.2067,0.0266,nan,-169072.6562,26676121,0.4651,-84486.33,5494.5078
27959427,1778966460,BTC,2500,2500,0.4722,-9.2067,0.0266,0.0000,-169072.6250,26676122,0.4651,-84486.31,5494.5078
27959428,1778966520,BTC,2500,2500,0.4722,-9.2067,0.0266,0.0000,-169072.6562,26676123,0.4651,-84486.33,5494.5078
27959429,1778966580,BTC,2500,2500,0.4722,-9.2067,0.0266,0.0000,-169072.6875,26676124,0.4651,-84486.34,5494.5078
27959430,1778966640,BTC,2500,2500,0.4722,-9.2067,0.0266,0.0200,-169072.7188,26676125,0.4651,-84486.36,5494.5078
27959431,1778966700,BTC,2500,2500,0.4722,-9.2067,0.0266,0.0200,-169072.6875,26676126,0.4651,-84486.34,5494.5078
27959432,1778966760,BTC,2500,2500,0.4722,-9.2067,0.0266,0.0000,-169072.7188,26676127,0.4651,-84486.36,5494.5078
27959433,1778966820,BTC,2500,2500,0.4722,-9.2067,0.0266,0.0000,-169072.6875,26676128,0.4651,-84486.34,5494.5078
27959434,1778966880,BTC,2500,2500,0.4722,-9.2067,0.0266,nan,-169072.7188,26676129,0.4651,-84486.36,5494.5078
27959435,1778966940,BTC,2500,2500,0.4722,-9.2067,0.0266,0.0000,-169072.6875,26676130,0.4651,-84486.34,5494.5078
27959436,1778967000,BTC,2500,2500,0.4722,-9.2067,0.0266,0.0000,-169072.7188,26676131,0.4651,-84486.36,5494.5078
27959437,1778967060,BTC,2500,2500,0.4722,-9.2067,0.0266,0.0000,-169072.7500,26676132,0.4651,-84486.38,5494.5078
27959438,1778967120,BTC,2500,2500,0.4722,-9.2067,0.0266,0.0000,-169072.7188,26676133,0.4651,-84486.36,5494.5078
27959439,1778967180,BTC,2500,2500,0.4722,-9.2067,0.0266,0.0200,-169072.7500,26676134,0.4651,-84486.38,5494.5078
27959440,1778967240,BTC,2500,2500,0.4722,-9.2067,0.0266,0.0200,-169072.7188,26676135,0.4651,-84486.36,5494.5078
27959441,1778967300,BTC,2500,2500,0.4722,-9.2067,0.0266,0.0000,-169072.6875,26676136,0.4651,-84486.34,5494.5078
27959442,1778967360,BTC,2500,2500,0.4722,-9.2067,0.0266,nan,-169072.6562,26676137,0.4651,-84486.33,5494.5078
27959443,1778967480,BTC,2500,2500,0.4722,-9.2067,0.0266,0.0000,-169072.6875,26676138,0.4651,-84486.34,5494.5078
27959444,1778967540,BTC,2500,2500,0.4722,-9.2067,0.0266,0.0000,-169072.7188,26676139,0.4651,-84486.36,5494.5078
27959445,1778967600,BTC,2500,2500,0.4722,-9.2067,0.0266,0.0000,-169072.7500,26676140,0.4651,-84486.38,5494.5078
27959446,1778967720,BTC,2500,2500,0.4722,-9.2067,0.0266,0.0000,-169072.7188,26676141,0.4651,-84486.36,5494.5078
27959447,1778967780,BTC,2500,2500,0.4722,-9.2067,0.0266,0.0200,-169072.7500,26676142,0.4651,-84486.38,5494.5078
27959448,1778967840,BTC,2500,2500,0.4722,-9.2067,0.0266,0.0000,-169072.7812,26676143,0.4651,-84486.39,5494.5078
27959449,1778967900,BTC,2500,2500,0.4722,-9.2067,0.0266,0.0000,-169072.8125,26676144,0.4651,-84486.41,5494.5078
27959450,1778967960,BTC,2500,2500,0.4722,-9.2067,0.0266,0.0000,-169072.8438,26676145,0.4651,-84486.42,5494.5078
27959451,1778968020,BTC,2500,2500,0.4722,-9.2067,0.0266,0.0000,-169072.8125,26676146,0.4651,-84486.41,5494.5078
27959452,1778968080,BTC,2500,2500,0.4722,-9.2067,0.0266,0.0000,-169072.8438,26676147,0.4651,-84486.42,5494.5078
27959453,1778968140,BTC,2500,2500,0.4722,-9.2067,0.0266,0.0000,-169072.8125,26676148,0.4651,-84486.41,5494.5078
27959454,1778968200,BTC,2500,2500,0.4722,-9.2067,0.0266,0.0000,-169072.8438,26676149,0.4651,-84486.42,5494.5078
27959455,1778968260,BTC,2500,2500,0.4722,-9.2067,0.0266,0.0000,-169072.8750,26676150,0.4651,-84486.44,5494.5078
27959456,1778968380,BTC,2500,2500,0.4722,-9.2067,0.0266,0.0000,-169072.9062,26676151,0.4651,-84486.45,5494.5078
27959457,1778968440,BTC,2500,2500,0.4722,-9.2067,0.0266,0.0000,-169072.9375,26676152,0.4651,-84486.47,5494.5078
27959458,1778968560,BTC,2500,2500,0.4722,-9.2067,0.0266,0.0000,-169072.9688,26676153,0.4651,-84486.48,5494.5078
27959459,1778968620,BTC,2500,2500,0.4722,-9.2067,0.0266,0.0000,-169073.0000,26676154,0.4651,-84486.50,5494.5078
27959460,1778968680,BTC,2500,2500,0.4722,-9.2067,0.0266,0.0000,-169073.0312,26676155,0.4651,-84486.52,5494.5078
27959461,1778968740,BTC,2500,2500,0.4722,-9.2067,0.0266,0.0000,-169073.0000,26676156,0.4651,-84486.50,5494.5078
27959462,1778968800,BTC,2500,2500,0.4722,-9.2067,0.0266,0.0000,-169073.0312,26676157,0.4651,-84486.52,5494.5078
27959463,1778968860,BTC,2500,2500,0.4722,-9.2067,0.0266,0.0000,-169073.0000,26676158,0.4651,-84486.50,5494.5078
27959464,1778968920,BTC,2500,2500,0.4722,-9.2067,0.0266,0.0200,-169073.0312,26676159,0.4651,-84486.52,5494.5078
27959465,1778968980,BTC,2500,2500,0.4722,-9.2067,0.0266,0.0000,-169073.0625,26676160,0.4651,-84486.53,5494.5078
27959466,1778969040,BTC,2500,2500,0.4722,-9.2067,0.0266,0.0000,-169073.0312,26676161,0.4651,-84486.52,5494.5078
27959467,1778969100,BTC,2500,2500,0.4722,-9.2067,0.0266,nan,-169073.0000,26676162,0.4651,-84486.50,5494.5078
27959468,1778969160,BTC,2500,2500,0.4722,-9.2067,0.0266,nan,-169073.0312,26676163,0.4651,-84486.52,5494.5078
27959469,1778969220,BTC,2500,2500,0.4722,-9.2067,0.0266,0.0200,-169073.0625,26676164,0.4651,-84486.53,5494.5078
27959470,1778969280,BTC,2500,2500,0.4722,-9.2067,0.0266,0.0200,-169073.0938,26676165,0.4651,-84486.55,5494.5078
27959471,1778969340,BTC,2500,2500,0.4722,-9.2067,0.0266,0.0200,-169073.0625,26676166,0.4651,-84486.53,5494.5078
27959472,1778969400,BTC,2500,2500,0.4722,-9.2067,0.0266,0.0000,-169073.0938,26676167,0.4651,-84486.55,5494.5078
27959473,1778969460,BTC,2500,2500,0.4722,-9.2067,0.0266,0.0000,-169073.1250,26676168,0.4651,-84486.56,5494.5078
27959474,1778969520,BTC,2500,2500,0.4722,-9.2067,0.0266,0.0000,-169073.1562,26676169,0.4651,-84486.58,5494.5078
27959475,1778969580,BTC,2500,2500,0.4722,-9.2067,0.0266,0.0000,-169073.1875,26676170,0.4651,-84486.59,5494.5078
27959476,1778969640,BTC,2500,2500,0.4722,-9.2067,0.0266,0.0000,-169073.2188,26676171,0.4651,-84486.61,5494.5078
27959477,1778969700,BTC,2500,2500,0.4722,-9.2067,0.0266,0.0000,-169073.2500,26676172,0.4651,-84486.62,5494.5078
27959478,1778969760,BTC,2500,2500,0.4722,-9.2067,0.0266,0.0200,-169073.2188,26676173,0.4651,-84486.61,5494.5078
27959479,1778969820,BTC,2500,2500,0.4722,-9.2067,0.0266,0.0200,-169073.1875,26676174,0.4651,-84486.59,5494.5078
27959480,1778969880,BTC,2500,2500,0.4722,-9.2067,0.0266,0.0200,-169073.1562,26676175,0.4651,-84486.58,5494.5078
27959481,1778969940,BTC,2500,2500,0.4722,-9.2067,0.0266,0.0200,-169073.1875,26676176,0.4651,-84486.59,5494.5078
27959482,1778970000,BTC,2500,2500,0.4722,-9.2067,0.0266,0.0200,-169073.1562,26676177,0.4651,-84486.58,5494.5078
27959483,1778970060,BTC,2500,2500,0.4722,-9.2067,0.0266,0.0000,-169073.1250,26676178,0.4651,-84486.56,5494.5078
27959484,1778970120,BTC,2500,2500,0.4722,-9.2067,0.0266,0.0000,-169073.1562,26676179,0.4651,-84486.58,5494.5078
27959485,1778970180,BTC,2500,2500,0.4722,-9.2067,0.0266,0.0000,-169073.1875,26676180,0.4651,-84486.59,5494.5078
27959486,1778970240,BTC,2500,2500,0.4722,-9.2067,0.0266,0.0000,-169073.1562,26676181,0.4651,-84486.58,5494.5078
27959487,1778970300,BTC,2500,2500,0.4722,-9.2067,0.0266,0.0000,-169073.1250,26676182,0.4651,-84486.56,5494.5078
27959488,1778970360,BTC,2500,2500,0.4722,-9.2067,0.0266,0.0000,-169073.1562,26676183,0.4651,-84486.58,5494.5078
27959489,1778970420,BTC,2500,2500,0.4722,-9.2067,0.0266,0.0000,-169073.1875,26676184,0.4651,-84486.59,5494.5078
27959490,1778970480,BTC,2500,2500,0.4722,-9.2067,0.0266,0.0000,-169073.1562,26676185,0.4651,-84486.58,5494.5078
27959491,1778970540,BTC,2500,2500,0.4722,-9.2067,0.0266,0.0000,-169073.1875,26676186,0.4651,-84486.59,5494.5078
27959492,1778970600,BTC,2500,2500,0.4722,-9.2067,0.0266,0.0000,-169073.1562,26676187,0.4651,-84486.58,5494.5078
27959493,1778970660,BTC,2500,2500,0.4722,-9.2067,0.0266,0.0000,-169073.1875,26676188,0.4651,-84486.59,5494.5078
27959494,1778970720,BTC,2500,2500,0.4722,-9.2067,0.0266,0.0000,-169073.1562,26676189,0.4651,-84486.58,5494.5078
27959495,1778970780,BTC,2500,2500,0.4722,-9.2067,0.0266,0.0200,-169073.1875,26676190,0.4651,-84486.59,5494.5078
27959496,1778970840,BTC,2500,2500,0.4722,-9.2067,0.0266,0.0200,-169073.2188,26676191,0.4651,-84486.61,5494.5078
27959497,1778970900,BTC,2500,2500,0.4722,-9.2067,0.0266,0.0200,-169073.1875,26676192,0.4651,-84486.59,5494.5078
27959498,1778970960,BTC,2500,2500,0.4722,-9.2067,0.0266,0.0200,-169073.1562,26676193,0.4651,-84486.58,5494.5078
27959499,1778971080,BTC,2500,2500,0.4722,-9.2067,0.0266,0.0200,-169073.1875,26676194,0.4651,-84486.59,5494.5078
27959500,1778971140,BTC,2500,2500,0.4722,-9.2067,0.0266,0.0200,-169073.1562,26676195,0.4651,-84486.58,5494.5078
27959501,1778971200,BTC,2500,2500,0.4722,-9.2067,0.0266,0.0200,-169073.1250,26676196,0.4651,-84486.56,5494.5078
27959502,1778971320,BTC,2500,2500,0.4722,-9.2067,0.0266,0.0200,-169073.1562,26676197,0.4651,-84486.58,5494.5078
27959503,1778971440,BTC,2500,2500,0.4722,-9.2067,0.0266,0.0200,-169073.1250,26676198,0.4651,-84486.56,5494.5078
27959504,1778971500,BTC,2500,2500,0.4722,-9.2067,0.0266,0.0200,-169073.0938,26676199,0.4651,-84486.55,5494.5078
27959505,1778971560,BTC,2500,2500,0.4722,-9.2067,0.0266,0.0200,-169073.1250,26676200,0.4651,-84486.56,5494.5078
27959506,1778971620,BTC,2500,2500,0.4722,-9.2067,0.0266,0.0200,-169073.0938,26676201,0.4651,-84486.55,5494.5078
27959507,1778971680,BTC,2500,2500,0.4722,-9.2067,0.0266,0.0000,-169073.1250,26676202,0.4651,-84486.56,5494.5078
27959508,1778971740,BTC,2500,2500,0.4722,-9.2067,0.0266,0.0000,-169073.0938,26676203,0.4651,-84486.55,5494.5078
27959509,1778971800,BTC,2500,2500,0.4722,-9.2067,0.0266,0.0000,-169073.1250,26676204,0.4651,-84486.56,5494.5078
27959510,1778971860,BTC,2500,2500,0.4722,-9.2067,0.0266,0.0000,-169073.1562,26676205,0.4651,-84486.58,5494.5078
27959511,1778971920,BTC,2500,2500,0.4722,-9.2067,0.0266,0.0000,-169073.1875,26676206,0.4651,-84486.59,5494.5078
27959512,1778971980,BTC,2500,2500,0.4722,-9.2067,0.0266,0.0000,-169073.1562,26676207,0.4651,-84486.58,5494.5078
27959513,1778972040,BTC,2500,2500,0.4722,-9.2067,0.0266,0.0000,-169073.1250,26676208,0.4651,-84486.56,5494.5078
27959514,1778972100,BTC,2500,2500,0.4722,-9.2067,0.0266,0.0000,-169073.0938,26676209,0.4651,-84486.55,5494.5078
27959515,1778972160,BTC,2500,2500,0.4722,-9.2067,0.0266,0.0000,-169073.1250,26676210,0.4651,-84486.56,5494.5078
27959516,1778972280,BTC,2500,2500,0.4722,-9.2067,0.0266,0.0000,-169073.0938,26676211,0.4651,-84486.55,5494.5078
27959517,1778972340,BTC,2500,2500,0.4722,-9.2067,0.0266,0.0000,-169073.0625,26676212,0.4651,-84486.53,5494.5078
27959518,1778972400,BTC,2500,2500,0.4722,-9.2067,0.0266,0.0000,-169073.0312,26676213,0.4651,-84486.52,5494.5078
27959519,1778972460,BTC,2500,2500,0.4722,-9.2067,0.0266,0.0000,-169073.0625,26676214,0.4651,-84486.53,5494.5078
27959520,1778972520,BTC,2500,2500,0.4722,-9.2067,0.0266,0.0200,-169073.0938,26676215,0.4651,-84486.55,5494.5078
27959521,1778972580,BTC,2500,2500,0.4722,-9.2067,0.0266,nan,-169073.1250,26676216,0.4651,-84486.56,5494.5078
27959522,1778972640,BTC,2500,2500,0.4722,-9.2067,0.0266,nan,-169073.0938,26676217,0.4651,-84486.55,5494.5078
27959523,1778972700,BTC,2500,2500,0.4722,-9.2067,0.0266,0.0000,-169073.0625,26676218,0.4651,-84486.53,5494.5078
27959524,1778972760,BTC,2500,2500,0.4722,-9.2067,0.0266,nan,-169073.0938,26676219,0.4651,-84486.55,5494.5078
27959525,1778972820,BTC,2500,2500,0.4722,-9.2067,0.0266,0.0000,-169073.1250,26676220,0.4651,-84486.56,5494.5078
27959526,1778972880,BTC,2500,2500,0.4722,-9.2067,0.0266,0.0000,-169073.1562,26676221,0.4651,-84486.58,5494.5078
27959527,1778972940,BTC,2500,2500,0.4722,-9.2067,0.0266,0.0000,-169073.1250,26676222,0.4651,-84486.56,5494.5078
27959528,1778973000,BTC,2500,2500,0.4722,-9.2067,0.0266,0.0000,-169073.1562,26676223,0.4651,-84486.58,5494.5078
27959529,1778973060,BTC,2500,2500,0.4722,-9.2067,0.0266,0.0000,-169073.1875,26676224,0.4651,-84486.59,5494.5078
27959530,1778973120,BTC,2500,2500,0.4722,-9.2067,0.0266,0.0000,-169073.2188,26676225,0.4651,-84486.61,5494.5078
27959531,1778973180,BTC,2500,2500,0.4722,-9.2067,0.0266,0.0200,-169073.2500,26676226,0.4651,-84486.62,5494.5078
27959532,1778973240,BTC,2500,2500,0.4722,-9.2067,0.0266,0.0000,-169073.2188,26676227,0.4651,-84486.61,5494.5078
27959533,1778973300,BTC,2500,2500,0.4722,-9.2067,0.0266,0.0000,-169073.2500,26676228,0.4651,-84486.62,5494.5078
27959534,1778973360,BTC,2500,2500,0.4722,-9.2067,0.0266,0.0000,-169073.2812,26676229,0.4651,-84486.64,5494.5078
27959535,1778973420,BTC,2500,2500,0.4722,-9.2067,0.0266,0.0000,-169073.3125,26676230,0.4651,-84486.66,5494.5078
27959536,1778973480,BTC,2500,2500,0.4722,-9.2067,0.0266,0.0200,-169073.2812,26676231,0.4651,-84486.64,5494.5078
27959537,1778973540,BTC,2500,2500,0.4722,-9.2067,0.0266,0.0200,-169073.2500,26676232,0.4651,-84486.62,5494.5078
27959538,1778973600,BTC,2500,2500,0.4722,-9.2067,0.0266,0.0200,-169073.2188,26676233,0.4651,-84486.61,5494.5078
27959539,1778973660,BTC,2500,2500,0.4722,-9.2067,0.0266,0.0000,-169073.1875,26676234,0.4651,-84486.59,5494.5078
27959540,1778973720,BTC,2500,2500,0.4722,-9.2067,0.0266,0.0000,-169073.1562,26676235,0.4651,-84486.58,5494.5078
27959541,1778973840,BTC,2500,2500,0.4722,-9.2067,0.0266,0.0000,-169073.1250,26676236,0.4651,-84486.56,5494.5078
27959542,1778973900,BTC,2500,2500,0.4722,-9.2067,0.0266,0.0000,-169073.1562,26676237,0.4651,-84486.58,5494.5078
27959543,1778973960,BTC,2500,2500,0.4722,-9.2067,0.0266,0.0000,-169073.1250,26676238,0.4651,-84486.56,5494.5078
27959544,1778974020,BTC,2500,2500,0.4722,-9.2067,0.0266,0.0000,-169073.1562,26676239,0.4651,-84486.58,5494.5078
27959545,1778974080,BTC,2500,2500,0.4722,-9.2067,0.0266,0.0000,-169073.1250,26676240,0.4651,-84486.56,5494.5078
27959546,1778974140,BTC,2500,2500,0.4722,-9.2067,0.0266,0.0000,-169073.1562,26676241,0.4651,-84486.58,5494.5078
27959547,1778974260,BTC,2500,2500,0.4722,-9.2067,0.0266,0.0000,-169073.1875,26676242,0.4651,-84486.59,5494.5078
27959548,1778974320,BTC,2500,2500,0.4722,-9.2067,0.0266,0.0000,-169073.2188,26676243,0.4651,-84486.61,5494.5078
27959549,1778974380,BTC,2500,2500,0.4722,-9.2067,0.0266,0.0000,-169073.1875,26676244,0.4651,-84486.59,5494.5078
27959550,1778974440,BTC,2500,2500,0.4722,-9.2067,0.0266,0.0000,-169073.1562,26676245,0.4651,-84486.58,5494.5078
27959551,1778974500,BTC,2500,2500,0.4722,-9.2067,0.0266,0.0000,-169073.1875,26676246,0.4651,-84486.59,5494.5078
27959552,1778974560,BTC,2500,2500,0.4722,-9.2067,0.0266,0.0000,-169073.1562,26676247,0.4651,-84486.58,5494.5078
27959553,1778974680,BTC,2500,2500,0.4722,-9.2067,0.0266,0.0000,-169073.1250,26676248,0.4651,-84486.56,5494.5078
27959554,1778974740,BTC,2500,2500,0.4722,-9.2067,0.0266,0.0000,-169073.0938,26676249,0.4651,-84486.55,5494.5078
27959555,1778974800,BTC,2500,2500,0.4722,-9.2067,0.0266,0.0000,-169073.1250,26676250,0.4651,-84486.56,5494.5078
27959556,1778974860,BTC,2500,2500,0.4722,-9.2067,0.0266,0.0000,-169073.0938,26676251,0.4651,-84486.55,5494.5078
27959557,1778974920,BTC,2500,2500,0.4722,-9.2067,0.0266,0.0000,-169073.0625,26676252,0.4651,-84486.53,5494.5078
27959558,1778974980,BTC,2500,2500,0.4722,-9.2067,0.0266,0.0200,-169073.0938,26676253,0.4651,-84486.55,5494.5078
27959559,1778975040,BTC,2500,2500,0.4722,-9.2067,0.0266,0.0000,-169073.1250,26676254,0.4651,-84486.56,5494.5078
27959560,1778975100,BTC,2500,2500,0.4722,-9.2067,0.0266,0.0000,-169073.1562,26676255,0.4651,-84486.58,5494.5078
27959561,1778975160,BTC,2500,2500,0.4722,-9.2067,0.0266,0.0000,-169073.1250,26676256,0.4651,-84486.56,5494.5078
27959562,1778975220,BTC,2500,2500,0.4722,-9.2067,0.0266,0.0000,-169073.1562,26676257,0.4651,-84486.58,5494.5078
27959563,1778975280,BTC,2500,2500,0.4722,-9.2067,0.0266,0.0000,-169073.1875,26676258,0.4651,-84486.59,5494.5078
27959564,1778975340,BTC,2500,2500,0.4722,-9.2067,0.0266,0.0000,-169073.1562,26676259,0.4651,-84486.58,5494.5078
27959565,1778975400,BTC,2500,2500,0.4722,-9.2067,0.0266,0.0000,-169073.1250,26676260,0.4651,-84486.56,5494.5078
27959566,1778975460,BTC,2500,2500,0.4722,-9.2067,0.0266,0.0000,-169073.0938,26676261,0.4651,-84486.55,5494.5078
27959567,1778975520,BTC,2500,2500,0.4722,-9.2067,0.0266,0.0000,-169073.0625,26676262,0.4651,-84486.53,5494.5078
27959568,1778975580,BTC,2500,2500,0.4722,-9.2067,0.0266,0.0200,-169073.0312,26676263,0.4651,-84486.52,5494.5078
27959569,1778975640,BTC,2500,2500,0.4722,-9.2067,0.0266,0.0200,-169073.0000,26676264,0.4651,-84486.50,5494.5078
27959570,1778975700,BTC,2500,2500,0.4722,-9.2067,0.0266,0.0000,-169073.0312,26676265,0.4651,-84486.52,5494.5078
27959571,1778975760,BTC,2500,2500,0.4722,-9.2067,0.0266,0.0000,-169073.0625,26676266,0.4651,-84486.53,5494.5078
27959572,1778975820,BTC,2500,2500,0.4722,-9.2067,0.0266,0.0000,-169073.0938,26676267,0.4651,-84486.55,5494.5078
27959573,1778975880,BTC,2500,2500,0.4722,-9.2067,0.0266,0.0000,-169073.0625,26676268,0.4651,-84486.53,5494.5078
27959574,1778975940,BTC,2500,2500,0.4722,-9.2067,0.0266,0.0000,-169073.0312,26676269,0.4651,-84486.52,5494.5078
27959575,1778976000,BTC,2500,2500,0.4722,-9.2067,0.0266,0.0000,-169073.0625,26676270,0.4651,-84486.53,5494.5078
27959576,1778976060,BTC,2500,2500,0.4722,-9.2067,0.0266,0.0000,-169073.0938,26676271,0.4651,-84486.55,5494.5078
27959577,1778976120,BTC,2500,2500,0.4722,-9.2067,0.0266,0.0000,-169073.1250,26676272,0.4651,-84486.56,5494.5078
27959578,1778976180,BTC,2500,2500,0.4722,-9.2067,0.0266,0.0200,-169073.0938,26676273,0.4651,-84486.55,5494.5078
27959579,1778976240,BTC,2500,2500,0.4722,-9.2067,0.0266,0.0000,-169073.0625,26676274,0.4651,-84486.53,5494.5078
27959580,1778976300,BTC,2500,2500,0.4722,-9.2067,0.0266,0.0000,-169073.0938,26676275,0.4651,-84486.55,5494.5078
27959581,1778976360,BTC,2500,2500,0.4722,-9.2067,0.0266,0.0000,-169073.0625,26676276,0.4651,-84486.53,5494.5078
27959582,1778976420,BTC,2500,2500,0.4722,-9.2067,0.0266,0.0000,-169073.0938,26676277,0.4651,-84486.55,5494.5078
27959583,1778976480,BTC,2500,2500,0.4722,-9.2067,0.0266,0.0200,-169073.1250,26676278,0.4651,-84486.56,5494.5078
27959584,1778976540,BTC,2500,2500,0.4722,-9.2067,0.0266,0.0200,-169073.0938,26676279,0.4651,-84486.55,5494.5078
27959585,1778976600,BTC,2500,2500,0.4722,-9.2067,0.0266,0.0200,-169073.0625,26676280,0.4651,-84486.53,5494.5078
27959586,1778976660,BTC,2500,2500,0.4722,-9.2067,0.0266,0.0000,-169073.0938,26676281,0.4651,-84486.55,5494.5078
27959587,1778976720,BTC,2500,2500,0.4722,-9.2067,0.0266,0.0000,-169073.1250,26676282,0.4651,-84486.56,5494.5078
27959588,1778976780,BTC,2500,2500,0.4722,-9.2067,0.0266,0.0000,-169073.1562,26676283,0.4651,-84486.58,5494.5078
27959589,1778976840,BTC,2500,2500,0.4722,-9.2067,0.0266,0.0000,-169073.1250,26676284,0.4651,-84486.56,5494.5078
27959590,1778976900,BTC,2500,2500,0.4722,-9.2067,0.0266,0.0000,-169073.1562,26676285,0.4651,-84486.58,5494.5078
27959591,1778976960,BTC,2500,2500,0.4722,-9.2067,0.0266,0.0000,-169073.1875,26676286,0.4651,-84486.59,5494.5078
27959592,1778977020,BTC,2500,2500,0.4722,-9.2067,0.0266,0.0000,-169073.2188,26676287,0.4651,-84486.61,5494.5078
27959593,1778977080,BTC,2500,2500,0.4722,-9.2067,0.0266,0.0000,-169073.2500,26676288,0.4651,-84486.62,5494.5078
27959594,1778977140,BTC,2500,2500,0.4722,-9.2067,0.0266,0.0000,-169073.2188,26676289,0.4651,-84486.61,5494.5078
27959595,1778977200,BTC,2500,2500,0.4722,-9.2067,0.0266,0.0000,-169073.2500,26676290,0.4651,-84486.62,5494.5078
27959596,1778977260,BTC,2500,2500,0.4722,-9.2067,0.0266,0.0000,-169073.2188,26676291,0.4651,-84486.61,5494.5078
27959597,1778977320,BTC,2500,2500,0.4722,-9.2067,0.0266,0.0200,-169073.2500,26676292,0.4651,-84486.62,5494.5078
27959598,1778977380,BTC,2500,2500,0.4722,-9.2067,0.0266,0.0000,-169073.2812,26676293,0.4651,-84486.64,5494.5078
27959599,1778977440,BTC,2500,2500,0.4722,-9.2067,0.0266,0.0000,-169073.2500,26676294,0.4651,-84486.62,5494.5078
27959600,1778977500,BTC,2500,2500,0.4722,-9.2067,0.0266,0.0000,-169073.2812,26676295,0.4651,-84486.64,5494.5078
27959601,1778977560,BTC,2500,2500,0.4722,-9.2067,0.0266,0.0000,-169073.3125,26676296,0.4651,-84486.66,5494.5078
27959602,1778977620,BTC,2500,2500,0.4722,-9.2067,0.0266,0.0200,-169073.2812,26676297,0.4651,-84486.64,5494.5078
27959603,1778977680,BTC,2500,2500,0.4722,-9.2067,0.0266,0.0000,-169073.3125,26676298,0.4651,-84486.66,5494.5078
27959604,1778977740,BTC,2500,2500,0.4722,-9.2067,0.0266,0.0000,-169073.2812,26676299,0.4651,-84486.64,5494.5078
27959605,1778977800,BTC,2500,2500,0.4722,-9.2067,0.0266,0.0000,-169073.2500,26676300,0.4651,-84486.62,5494.5078
27959606,1778977860,BTC,2500,2500,0.4722,-9.2067,0.0266,0.0000,-169073.2812,26676301,0.4651,-84486.64,5494.5078
27959607,1778977920,BTC,2500,2500,0.4722,-9.2067,0.0266,0.0000,-169073.2500,26676302,0.4651,-84486.62,5494.5078
27959608,1778978040,BTC,2500,2500,0.4722,-9.2067,0.0266,0.0000,-169073.2812,26676303,0.4651,-84486.64,5494.5078
27959609,1778978100,BTC,2500,2500,0.4722,-9.2067,0.0266,0.0000,-169073.3125,26676304,0.4651,-84486.66,5494.5078
27959610,1778978160,BTC,2500,2500,0.4722,-9.2067,0.0266,0.0200,-169073.2812,26676305,0.4651,-84486.64,5494.5078
27959611,1778978220,BTC,2500,2500,0.4722,-9.2067,0.0266,0.0000,-169073.2500,26676306,0.4651,-84486.62,5494.5078
27959612,1778978280,BTC,2500,2500,0.4722,-9.2067,0.0266,0.0000,-169073.2812,26676307,0.4651,-84486.64,5494.5078
27959613,1778978340,BTC,2500,2500,0.4722,-9.2067,0.0266,0.0000,-169073.3125,26676308,0.4651,-84486.66,5494.5078
27959614,1778978400,BTC,2500,2500,0.4722,-9.2067,0.0266,0.0000,-169073.3438,26676309,0.4651,-84486.67,5494.5078
27959615,1778978460,BTC,2500,2500,0.4722,-9.2067,0.0266,0.0000,-169073.3125,26676310,0.4651,-84486.66,5494.5078
27959616,1778978520,BTC,2500,2500,0.4722,-9.2067,0.0266,0.0000,-169073.3438,26676311,0.4651,-84486.67,5494.5078
27959617,1778978580,BTC,2500,2500,0.4722,-9.2067,0.0266,0.0000,-169073.3125,26676312,0.4651,-84486.66,5494.5078
27959618,1778978640,BTC,2500,2500,0.4722,-9.2067,0.0266,0.0000,-169073.2812,26676313,0.4651,-84486.64,5494.5078
27959619,1778978700,BTC,2500,2500,0.4722,-9.2067,0.0266,nan,-169073.2500,26676314,0.4651,-84486.62,5494.5078
27959620,1778978760,BTC,2500,2500,0.4722,-9.2067,0.0266,nan,-169073.2188,26676315,0.4651,-84486.61,5494.5078
27959621,1778978820,BTC,2500,2500,0.4722,-9.2067,0.0266,nan,-169073.1875,26676316,0.4651,-84486.59,5494.5078
27959622,1778978880,BTC,2500,2500,0.4722,-9.2067,0.0266,nan,-169073.1562,26676317,0.4651,-84486.58,5494.5078
27959623,1778978940,BTC,2500,2500,0.4722,-9.2067,0.0266,0.0200,-169073.1875,26676318,0.4651,-84486.59,5494.5078
27959624,1778979000,BTC,2500,2500,0.4722,-9.2067,0.0266,0.0200,-169073.1562,26676319,0.4651,-84486.58,5494.5078
27959625,1778979060,BTC,2500,2500,0.4722,-9.2067,0.0266,0.0000,-169073.1875,26676320,0.4651,-84486.59,5494.5078
27959626,1778979120,BTC,2500,2500,0.4722,-9.2067,0.0266,0.0000,-169073.1562,26676321,0.4651,-84486.58,5494.5078
cycle,window_ts,asset,votes,active,win_rate,sharpe,dd_pct,consensus_spread,room_pnl_pct,room_trades,room_wr,room_cap,slippage$
cycle,window_ts,asset,votes,active,win_rate,sharpe,dd_pct,consensus_spread,room_pnl_pct,room_trades,room_wr,room_cap,slippage$
27959627,1778979180,BTC,2500,2500,0.4722,-9.2067,0.0266,0.0000,-169073.1875,26676322,0.4651,-84486.59,5494.5078
27959628,1778979240,BTC,2500,2500,0.4722,-9.2067,0.0266,0.0000,-169073.1562,26676323,0.4651,-84486.58,5494.5078
27959629,1778979300,BTC,2500,2500,0.4722,-9.2067,0.0266,0.0000,-169073.1250,26676324,0.4651,-84486.56,5494.5078
27959630,1778979360,BTC,2500,2500,0.4722,-9.2067,0.0266,0.0000,-169073.0938,26676325,0.4651,-84486.55,5494.5078
27959631,1778979420,BTC,2500,2500,0.4722,-9.2067,0.0266,0.0200,-169073.1250,26676326,0.4651,-84486.56,5494.5078
27959632,1778979480,BTC,2500,2500,0.4722,-9.2067,0.0266,0.0200,-169073.1562,26676327,0.4651,-84486.58,5494.5078
27959633,1778979540,BTC,2500,2500,0.4722,-9.2067,0.0266,0.0000,-169073.1875,26676328,0.4651,-84486.59,5494.5078
27959634,1778979600,BTC,2500,2500,0.4722,-9.2067,0.0266,0.0200,-169073.2188,26676329,0.4651,-84486.61,5494.5078
